iso_code,year,asr
ABW,2000,5.394762588200079
AFG,2000,0.1581798746151214
AGO,2000,1.43433698315048
ALB,2000,0.4587119545599915
AND,2000,2.056086691661523
ARE,2000,7.867752382685439
ARG,2000,1.7634214741148746
ARM,2000,0.3733993974491342
ATG,2000,1.1071909186508877
AUS,2000,8.062891918946407
AUT,2000,1.976038089034751
AZE,2000,1.0136345389054338
BDI,2000,0.1903186521945146
BEL,2000,2.9582442816826924
BEN,2000,0.7869166258767384
BFA,2000,0.5940416782657965
BGD,2000,0.1841161387740591
BGR,2000,1.3339016376576034
BHR,2000,11.99307012033217
BHS,2000,1.4200443112721373
BIH,2000,0.7156063242120518
BLR,2000,1.7610438071345222
BLZ,2000,5.147669048222304
BMU,2000,375.24341683997886
BOL,2000,2.683634376213732
BRA,2000,3.227582637469219
BRB,2000,1.2052652680883702
BRN,2000,5.616845440279907
BTN,2000,3.723009304255581
BWA,2000,1.8401008301722837
CAF,2000,1.810672869343924
CAN,2000,6.218799268059314
CHE,2000,1.4685356512519052
CHL,2000,1.3374330421016374
CHN,2000,0.8470201716308606
CIV,2000,0.6067171396036519
CMR,2000,0.8931111494949827
COD,2000,1.003516484942407
COG,2000,3.01140746561499
COL,2000,0.9520977060780202
COM,2000,0.2055502511806924
CPV,2000,0.2724754924747244
CRI,2000,0.7757062833337477
CUB,2000,1.1733080399093756
CUW,2000,10.664241650609023
CYP,2000,1.5063470473818656
CZE,2000,2.891413229672434
DEU,2000,2.521753072322889
DJI,2000,0.4144012165908505
DMA,2000,0.5370927299190705
DNK,2000,2.5928165510754373
DOM,2000,0.7478796095694766
DZA,2000,1.010214622764994
ECU,2000,1.0996064291165062
EGY,2000,0.5731140348764443
ERI,2000,0.5309275351579867
ESP,2000,1.772281790719554
EST,2000,2.195342664073754
ETH,2000,0.3893554038603029
FIN,2000,3.4475876268564303
FJI,2000,0.6563746381856232
FRA,2000,1.5765967889611725
FSM,2000,0.0795605622042928
GAB,2000,6.082406265391894
GBR,2000,2.3892990849787124
GEO,2000,0.2828533959667399
GHA,2000,0.4097531094368175
GIN,2000,0.8569520119896465
GMB,2000,0.3186339594453755
GNB,2000,1.083958139951562
GNQ,2000,3.911401361641816
GRC,2000,2.231376208335356
GRD,2000,0.5368159216583588
GRL,2000,304.42163678346316
GTM,2000,1.4621752633088076
GUY,2000,3.280643632221913
HKG,2000,1.3324752822287222
HND,2000,0.5889232987710366
HRV,2000,0.7721820685788149
HTI,2000,0.2896869750822722
HUN,2000,1.4194482992427786
IDN,2000,1.151291734289509
IND,2000,0.3771290032321244
IRL,2000,4.265495189942255
IRN,2000,1.5741378639382908
IRQ,2000,1.292864315192685
ISL,2000,2.9629558069182864
ISR,2000,2.142277882600565
ITA,2000,1.880931944739622
JAM,2000,1.3114792427705326
JOR,2000,0.6831467194782643
JPN,2000,2.071276125013372
KAZ,2000,1.812517272920801
KEN,2000,0.3681990252093221
KGZ,2000,0.5867117228626053
KHM,2000,1.0258420122200471
KIR,2000,0.1193408433064392
KNA,2000,0.8395988430991387
KOR,2000,2.0316303831097486
KWT,2000,8.824600230271122
LAO,2000,1.8685967910625751
LBN,2000,0.8120824984427222
LBR,2000,1.373030554991011
LBY,2000,3.540730947571743
LCA,2000,0.4539410197892081
LIE,2000,1.444007753286675
LKA,2000,0.3348210680782862
LSO,2000,0.469483279995586
LTU,2000,0.1936988189235875
LUX,2000,4.5045720555845605
LVA,2000,0.4542501318226268
MAC,2000,0.7353716618046575
MAR,2000,0.3881467619752454
MCO,2000,33.915278943040875
MDA,2000,0.3763573773489828
MDG,2000,1.835970768891952
MDV,2000,0.3681543927061729
MEX,2000,1.3155552715462726
MHL,2000,0.0198901405510732
MKD,2000,1.3618368495354214
MLI,2000,0.602883788267256
MLT,2000,1.3659949328310133
MMR,2000,0.8829934157062538
MNE,2000,0.4402495776161175
MNG,2000,4.916863458029444
MOZ,2000,0.7233874290785396
MRT,2000,0.8878653838706798
MUS,2000,0.6098396497802278
MWI,2000,0.4070328256730272
MYS,2000,2.0341486164995533
NAM,2000,1.4525136360098336
NCL,2000,2.207805601169126
NER,2000,0.5009331352562686
NGA,2000,0.8841746858213463
NIC,2000,3.806885952677343
NLD,2000,2.7589390293881073
NOR,2000,2.504953742542046
NPL,2000,0.392681542310379
NRU,2000,0.0198901405510732
NZL,2000,4.863718636659066
OMN,2000,4.320758614732001
PAK,2000,0.3443731155155916
PAN,2000,1.8149345505400956
PER,2000,1.077462680384509
PHL,2000,0.4487842806492789
PLW,2000,23.231684163653508
PNG,2000,0.2585718271639722
POL,2000,2.139878379208145
PRK,2000,0.8722497705822574
PRT,2000,1.5888107953990198
PRY,2000,3.1792293770595097
PSE,2000,4.644737667480575
PYF,2000,0.6762647787364892
QAT,2000,21.043202456549913
ROU,2000,1.0756624597362223
RUS,2000,2.6279398675480343
RWA,2000,0.2344024566731731
SAU,2000,4.680951707285188
SDN,2000,0.6953854804839477
SEN,2000,0.3709949211458304
SGP,2000,2.3380459398978606
SLB,2000,0.1790112649596589
SLE,2000,1.5638334572510832
SLV,2000,0.5210675034656145
SMR,2000,284.5583748379219
SOM,2000,0.8627817067124565
SRB,2000,1.1829008041587856
SSD,2000,2.030307021278019
STP,2000,0.2485956824281116
SUR,2000,2.461214136580833
SVK,2000,1.959109009244032
SVN,2000,1.974788418176372
SWE,2000,1.5671139802286005
SWZ,2000,0.5072738920704747
SXM,2000,2.507839513149971
SYC,2000,0.9512238889963646
SYR,2000,1.1120645507906328
TCA,2000,1.2212312671507843
TCD,2000,1.1868760233361173
TGO,2000,0.3903702208354568
THA,2000,1.055426207276704
TJK,2000,0.2286275799074385
TKM,2000,2.929998597285949
TLS,2000,0.9754361038381753
TON,2000,0.3978028110214642
TTO,2000,4.399035839055696
TUN,2000,0.6069333979185213
TUR,2000,0.9745828108357248
TUV,2000,0.0795605622042928
TZA,2000,0.5520043143247632
UGA,2000,0.3181988222817181
UKR,2000,1.5801004310720956
URY,2000,1.9435814086073009
USA,2000,5.080470803781848
UZB,2000,1.3221654652139343
VCT,2000,0.322320301325243
VEN,2000,2.138570359537446
VGB,2000,1.277465674442724
VNM,2000,0.9274072532825572
VUT,2000,0.5569239354300499
WSM,2000,0.3978028110214642
YEM,2000,0.3309053419007956
ZAF,2000,2.138894537990794
ZMB,2000,1.1555886518609833
ZWE,2000,0.9643294986549388
TWN,2000,2.1770047671883668
ABW,2001,5.202099548633842
AFG,2001,0.1404477137227516
AGO,2001,1.445903650709841
ALB,2001,0.4501336491753703
AND,2001,1.9634148333907555
ARE,2001,6.509410197785439
ARG,2001,1.6219202316651726
ARM,2001,0.410660659566701
ATG,2001,1.0987732331867606
AUS,2001,7.304253532859414
AUT,2001,1.9867522892396643
AZE,2001,0.9396983300631628
BDI,2001,0.1832105738246218
BEL,2001,2.796702312515872
BEN,2001,0.7514333024353174
BFA,2001,0.5597616508387308
BGD,2001,0.1799585381471871
BGR,2001,1.3531561383369564
BHR,2001,11.363664241846456
BHS,2001,1.2969318680825292
BIH,2001,0.6400442172809899
BLR,2001,1.683219357365857
BLZ,2001,5.475062331113909
BMU,2001,358.9868756211281
BOL,2001,2.504584910273881
BRA,2001,3.0196095323068737
BRB,2001,1.134795873762487
BRN,2001,5.481830879122392
BTN,2001,2.7622145027622693
BWA,2001,2.1145441914649092
CAF,2001,1.5166038335374783
CAN,2001,5.843844572559703
CHE,2001,1.4448829144420263
CHL,2001,1.2335117262913626
CHN,2001,0.8086039145713504
CIV,2001,0.6034765928515409
CMR,2001,0.7770769064076178
COD,2001,0.8241602486745683
COG,2001,2.2746920376653854
COL,2001,0.7960815786330963
COM,2001,0.1887409511653252
CPV,2001,0.2734172208395342
CRI,2001,0.7408793949459266
CUB,2001,0.9065046703809614
CUW,2001,10.637250206576166
CYP,2001,1.383905922563928
CZE,2001,2.6638030870997897
DEU,2001,2.44616237892097
DJI,2001,0.3756784842126945
DMA,2001,0.4929497102743855
DNK,2001,2.5196484150799776
DOM,2001,0.7090813015108353
DZA,2001,0.918821255644702
ECU,2001,0.990711036497112
EGY,2001,0.4977840056924141
ERI,2001,0.4675562054060205
ESP,2001,1.7190594487338384
EST,2001,2.072044005234353
ETH,2001,0.3524538086427204
FIN,2001,3.5685813524011754
FJI,2001,0.6502992577940565
FRA,2001,1.491095380458758
FSM,2001,0.0765057950345846
GAB,2001,5.479475656310289
GBR,2001,2.3039011004758376
GEO,2001,0.2208342124569244
GHA,2001,0.3740015501495153
GIN,2001,0.8152071067850502
GMB,2001,0.2690476641271859
GNB,2001,0.7908234797411057
GNQ,2001,3.6419621807434583
GRC,2001,2.155775675597035
GRD,2001,0.4374816268055969
GRL,2001,291.72592306594663
GTM,2001,1.4068925421012506
GUY,2001,2.479382730915244
HKG,2001,1.1987822157337629
HND,2001,0.73256808592259
HRV,2001,0.7830931132108577
HTI,2001,0.2638959810952926
HUN,2001,1.3918881764106783
IDN,2001,1.0197096237563867
IND,2001,0.3549324577018152
IRL,2001,4.234119849176204
IRN,2001,1.5297925329554145
IRQ,2001,1.3633544942291809
ISL,2001,2.7457925757145163
ISR,2001,2.1266626787937493
ITA,2001,1.7795790690316122
JAM,2001,1.1229961592104607
JOR,2001,0.6670560194346965
JPN,2001,1.9500707341187205
KAZ,2001,1.5292759630361827
KEN,2001,0.3303542585260611
KGZ,2001,0.523387833914747
KHM,2001,0.9680864615504152
KIR,2001,0.0956322437932307
KNA,2001,0.7857722441872943
KOR,2001,1.9972271741479308
KWT,2001,8.485231054356584
LAO,2001,1.7690334074355174
LBN,2001,0.8263370705496339
LBR,2001,1.2874494681997717
LBY,2001,3.2165303871950366
LCA,2001,0.433289496145619
LIE,2001,1.3367886099915374
LKA,2001,0.307295853953375
LSO,2001,0.3908735373069301
LTU,2001,0.5977397538131931
LUX,2001,4.4761586551857935
LVA,2001,0.570805632844693
MAC,2001,0.7198315469663328
MAR,2001,0.4050290599830906
MCO,2001,32.62112596860968
MDA,2001,0.3898521391794666
MDG,2001,1.3009804710034254
MDV,2001,0.3554940836413674
MEX,2001,1.2486110354017803
MHL,2001,0.0191264487586461
MKD,2001,1.3388350583383388
MLI,2001,0.7983645042537001
MLT,2001,1.4307316361790945
MMR,2001,0.798314009664048
MNE,2001,0.3712626189549666
MNG,2001,4.04030488437614
MOZ,2001,0.8679560346212611
MRT,2001,0.8456661257351817
MUS,2001,0.5824493021135779
MWI,2001,0.3321910800026688
MYS,2001,2.1583873752607885
NAM,2001,1.3618874252879671
NCL,2001,2.1230358122097233
NER,2001,0.4399646692086961
NGA,2001,0.7847298741988042
NIC,2001,3.319913851640773
NLD,2001,2.6842405034740016
NOR,2001,2.494372269596861
NPL,2001,0.3654662962191157
NRU,2001,0.0191264487586461
NZL,2001,5.6110657212551365
OMN,2001,4.116270921005024
PAK,2001,0.321810544994385
PAN,2001,1.5935295797173863
PER,2001,0.9474417541506128
PHL,2001,0.4119794647973455
PLW,2001,24.539233757343023
PNG,2001,0.2295173851037645
POL,2001,1.982599893218278
PRK,2001,0.8557581823786115
PRT,2001,1.5128073937077129
PRY,2001,3.066203681471604
PSE,2001,4.353717980991172
PYF,2001,0.7268050528285541
QAT,2001,19.589850935677696
ROU,2001,1.1004895803778647
RUS,2001,2.578612190031565
RWA,2001,0.2026406604063082
SAU,2001,4.435098025071214
SDN,2001,0.6910514041210175
SEN,2001,0.2691539044863584
SGP,2001,2.2876331156405048
SLB,2001,0.1912644875864615
SLE,2001,2.2794987512000207
SLV,2001,0.38935135700515
SMR,2001,270.164700072392
SOM,2001,0.8293921494367608
SRB,2001,1.213030680125307
SSD,2001,1.5823820799353
STP,2001,0.1790144136590622
SUR,2001,2.0527440689257284
SVK,2001,1.9745284148481996
SVN,2001,2.0617921179244907
SWE,2001,1.5474304026840218
SWZ,2001,0.3916042955387104
SXM,2001,2.415238598696449
SYC,2001,0.965720547652142
SYR,2001,0.9149128314733996
TCA,2001,1.2017537787665906
TCD,2001,0.989416984885492
TGO,2001,0.3236800251781465
THA,2001,1.032956958120119
TJK,2001,0.2187158490199825
TKM,2001,2.593687748378166
TLS,2001,0.8705517773581353
TON,2001,0.3825289751729231
TTO,2001,4.570203829616786
TUN,2001,0.6017955194997846
TUR,2001,0.8937977661110603
TUV,2001,0.0765057950345846
TZA,2001,0.5193679518157033
UGA,2001,0.3091915248919142
UKR,2001,1.588009772042322
URY,2001,1.840122404623593
USA,2001,4.675878766246359
UZB,2001,1.3094723223579203
VCT,2001,0.3252310209089531
VEN,2001,1.8909976191360425
VGB,2001,1.2968019210276531
VNM,2001,0.7089452830830587
VUT,2001,0.5164141164834464
WSM,2001,0.4016554239315693
YEM,2001,0.3289373502869932
ZAF,2001,2.000639696755286
ZMB,2001,1.2233298251034113
ZWE,2001,0.8961483144730187
TWN,2001,2.131174327003333
ABW,2002,5.1341825040586535
AFG,2002,0.1761006362184626
AGO,2002,1.488812377323927
ALB,2002,0.4744280075673542
AND,2002,1.9182562535187235
ARE,2002,5.156898064741644
ARG,2002,1.9474223460451736
ARM,2002,0.4067429461012913
ATG,2002,1.1463688079280834
AUS,2002,6.748087426816463
AUT,2002,1.9821041428272343
AZE,2002,0.9189801356124276
BDI,2002,0.156744186191052
BEL,2002,2.746089891276704
BEN,2002,0.7472730400116208
BFA,2002,0.5416345631127593
BGD,2002,0.1768134488271345
BGR,2002,1.3031019894857665
BHR,2002,10.141990188531883
BHS,2002,1.310510340171758
BIH,2002,0.762002414038567
BLR,2002,1.6559836257546194
BLZ,2002,5.345062073496736
BMU,2002,351.08779878165575
BOL,2002,2.6783231759525155
BRA,2002,3.137854259112891
BRB,2002,1.1046426452508322
BRN,2002,4.705209537541392
BTN,2002,3.448364296210046
BWA,2002,1.895605335782001
CAF,2002,1.2436631677752843
CAN,2002,5.616790700916854
CHE,2002,1.3515971999277645
CHL,2002,1.171677487288974
CHN,2002,0.836491724801313
CIV,2002,0.6067362272990627
CMR,2002,0.7832341896071437
COD,2002,0.7705301112709825
COG,2002,1.625721255110755
COL,2002,0.9846636364155028
COM,2002,0.1828708967855009
CPV,2002,0.2711426997636892
CRI,2002,0.8221360583864903
CUB,2002,0.7986050885971046
CUW,2002,10.436654394713214
CYP,2002,1.5497112122046115
CZE,2002,2.54039798919436
DEU,2002,2.355370736180792
DJI,2002,0.3613337477865616
DMA,2002,0.4149808926684404
DNK,2002,2.4303601549820515
DOM,2002,0.6223552123409866
DZA,2002,0.8887994630695091
ECU,2002,0.8910674259480891
EGY,2002,0.4875319415172491
ERI,2002,0.6198849677676577
ESP,2002,1.781951863183456
EST,2002,2.3058382946407248
ETH,2002,0.5524849240809321
FIN,2002,3.643512755829614
FJI,2002,0.5824509664644398
FRA,2002,1.431038700833521
FSM,2002,0.0751549634147371
GAB,2002,5.2983121996103
GBR,2002,2.1854388373494604
GEO,2002,0.5504605698119909
GHA,2002,0.3587278049439365
GIN,2002,0.8023818673307714
GMB,2002,0.261822889024512
GNB,2002,0.6974515280361342
GNQ,2002,2.958326577569827
GRC,2002,2.1058444432709753
GRD,2002,0.3934397415027426
GRL,2002,285.48129755102366
GTM,2002,1.4333053695533686
GUY,2002,2.3823859256091087
HKG,2002,1.218101920709492
HND,2002,0.9157632626223684
HRV,2002,0.8289945476046318
HTI,2002,0.2540995056342915
HUN,2002,1.351791004746003
IDN,2002,1.2540048818796998
IND,2002,0.3413409419153524
IRL,2002,3.970489089180408
IRN,2002,1.5122143357256674
IRQ,2002,1.2352865588198594
ISL,2002,2.7511050939928565
ISR,2002,1.942389752698947
ITA,2002,1.759097583004935
JAM,2002,1.1219571584524717
JOR,2002,0.674359328020278
JPN,2002,1.9468567607959508
KAZ,2002,2.03145076088149
KEN,2002,0.3240860937544989
KGZ,2002,0.5525896511802785
KHM,2002,0.9210183563542632
KIR,2002,0.1315211859757899
KNA,2002,0.832877691036852
KOR,2002,2.0097616473706643
KWT,2002,8.223461384022963
LAO,2002,1.8054090236439384
LBN,2002,0.8036194246442121
LBR,2002,1.270256919168136
LBY,2002,3.0590486814195623
LCA,2002,0.4056687695532577
LIE,2002,1.3215799793207024
LKA,2002,0.3178738825596038
LSO,2002,0.4691818492711233
LTU,2002,0.541550496205835
LUX,2002,4.659127669752067
LVA,2002,0.5541856829641325
MAC,2002,0.6278628045311924
MAR,2002,0.5073282844177185
MCO,2002,32.069857468474744
MDA,2002,0.3991514766341328
MDG,2002,1.0567568239144447
MDV,2002,0.4303906126639519
MEX,2002,1.2033190568201484
MHL,2002,0.0187887408536842
MKD,2002,1.139048644412861
MLI,2002,1.1790009234548409
MLT,2002,1.4035718817684744
MMR,2002,0.7847781047807164
MNE,2002,0.415933675601543
MNG,2002,2.522680953500936
MOZ,2002,0.7803164496042455
MRT,2002,0.7974729335504743
MUS,2002,0.5653992881962595
MWI,2002,0.3688498093761521
MYS,2002,2.1642093240983993
NAM,2002,1.2156210054068282
NCL,2002,2.254648902442113
NER,2002,0.4327187201150531
NGA,2002,0.6483363343569281
NIC,2002,2.995197114871391
NLD,2002,2.603489396002064
NOR,2002,2.4073835104040975
NPL,2002,0.3472236686584939
NRU,2002,0.0187887408536842
NZL,2002,4.928089012313247
OMN,2002,4.402508259541708
PAK,2002,0.3196741176818539
PAN,2002,1.3518721146079458
PER,2002,0.8375340998581963
PHL,2002,0.4367835634584967
PLW,2002,14.54248542075163
PNG,2002,0.244253631097914
POL,2002,1.871012475309166
PRK,2002,0.8037249214817648
PRT,2002,1.4935594431597845
PRY,2002,2.853810742423519
PSE,2002,4.168945029997441
PYF,2002,0.7327608932936869
QAT,2002,17.96224812992394
ROU,2002,1.1190934240218235
RUS,2002,2.4937091464520997
RWA,2002,0.1664109958970162
SAU,2002,4.369634164383958
SDN,2002,0.9947281328411622
SEN,2002,0.2332836758293213
SGP,2002,1.973291338164915
SLB,2002,0.1878874085368428
SLE,2002,3.0192009763343712
SLV,2002,0.3155711272062668
SMR,2002,262.03496574524576
SOM,2002,0.8302404539378203
SRB,2002,1.2701887865588226
SSD,2002,1.828801771971412
STP,2002,0.1616672383056037
SUR,2002,2.2896071280823835
SVK,2002,1.9132891085118564
SVN,2002,2.046241614936132
SWE,2002,1.531863250179126
SWZ,2002,0.3516767154836611
SXM,2002,2.354661321456557
SYC,2002,0.935812731983606
SYR,2002,0.7325081858751474
TCA,2002,1.459532231193613
TCD,2002,1.042777887403168
TGO,2002,0.3067897180259696
THA,2002,1.040191484714892
TJK,2002,0.2094711334829389
TKM,2002,2.522897915159471
TLS,2002,0.8533546517614469
TON,2002,0.3945635579273699
TTO,2002,4.799270567629118
TUN,2002,0.5986988455465051
TUR,2002,0.836549744043674
TUV,2002,0.0751549634147371
TZA,2002,0.5765365634312404
UGA,2002,0.3017119359249164
UKR,2002,1.549559425764941
URY,2002,1.8760851707302209
USA,2002,4.604953582641087
UZB,2002,1.359876874335989
VCT,2002,0.3265531463713907
VEN,2002,2.0130051665402733
VGB,2002,1.34142666850849
VNM,2002,0.659233150614811
VUT,2002,0.4885072621957912
WSM,2002,0.4133522987810542
YEM,2002,0.2997348647827856
ZAF,2002,1.8676400265399236
ZMB,2002,1.485478704647711
ZWE,2002,0.7654206865948234
TWN,2002,2.144282465448524
ABW,2003,5.247888687921372
AFG,2003,0.16874579111173
AGO,2003,1.4546866822227549
ALB,2003,0.5375914543415153
AND,2003,1.820825431635522
ARE,2003,5.832944697191762
ARG,2003,2.1907658751376364
ARM,2003,0.4402703887710654
ATG,2003,1.1881315511943376
AUS,2003,6.879769123827643
AUT,2003,2.102748901675213
AZE,2003,0.9401727543353292
BDI,2003,0.1513942651005762
BEL,2003,2.69963372965921
BEN,2003,0.5748795001700163
BFA,2003,0.5747712222144563
BGD,2003,0.1735804730616081
BGR,2003,1.4178928589861752
BHR,2003,9.209842192928049
BHS,2003,1.2861408087562731
BIH,2003,0.7577287135982921
BLR,2003,1.6774754981406068
BLZ,2003,4.251022660709193
BMU,2003,343.7883830052121
BOL,2003,4.889304296596775
BRA,2003,3.933685616812314
BRB,2003,1.0994254079129813
BRN,2003,5.11530303424636
BTN,2003,3.2942675795594973
BWA,2003,1.0742685979062072
CAF,2003,1.4742656123555218
CAN,2003,5.537170773378657
CHE,2003,1.3448695875372316
CHL,2003,1.213736683509978
CHN,2003,0.929970461984746
CIV,2003,0.9349738481766192
CMR,2003,0.7888135140735776
COD,2003,0.8067213034341761
COG,2003,1.7787157687191686
COL,2003,1.482827960180861
COM,2003,0.1831481678052575
CPV,2003,0.2547860082632576
CRI,2003,0.7625496200724617
CUB,2003,0.7481643716319296
CUW,2003,10.050393819687832
CYP,2003,1.5395805278039731
CZE,2003,2.566045169278679
DEU,2003,2.299246015435362
DJI,2003,0.3571380090652123
DMA,2003,0.4366193679029883
DNK,2003,2.566508002277531
DOM,2003,0.6333369644739328
DZA,2003,0.9309679218004552
ECU,2003,1.7613694309968584
EGY,2003,0.524690526627738
ERI,2003,0.7929819393714052
ESP,2003,1.755350059355722
EST,2003,2.339111934021201
ETH,2003,0.6421685069730597
FIN,2003,3.8831558941554287
FJI,2003,0.6095214461469982
FRA,2003,1.4139684447344256
FSM,2003,0.0738813874117523
GAB,2003,5.425727020344613
GBR,2003,2.1639786231545557
GEO,2003,0.1037624224227724
GHA,2003,0.3607391880580171
GIN,2003,0.8227846299449004
GMB,2003,0.283914039128707
GNB,2003,0.7540483396061528
GNQ,2003,2.8010657375286536
GRC,2003,2.1173662888340083
GRD,2003,0.396941806288115
GRL,2003,279.87208447037966
GTM,2003,1.0854230490037995
GUY,2003,4.917835350211376
HKG,2003,1.3035002464216483
HND,2003,0.7178806104281755
HRV,2003,0.8589224034792595
HTI,2003,0.2480449122981776
HUN,2003,1.3901328542212927
IDN,2003,0.9534640763747664
IND,2003,0.340621519450403
IRL,2003,3.779087516779586
IRN,2003,1.5800691372341429
IRQ,2003,1.1622139680599843
ISL,2003,2.668596090986146
ISR,2003,1.9533060652316176
ITA,2003,1.7874851830561271
JAM,2003,1.0409381876247643
JOR,2003,0.690519579383376
JPN,2003,1.9195968655147837
KAZ,2003,2.27788409962078
KEN,2003,0.3197820894901174
KGZ,2003,0.5460560242946518
KHM,2003,0.9644768630808958
KIR,2003,0.1292924279705665
KNA,2003,0.8239976290075461
KOR,2003,2.0011679966654867
KWT,2003,8.67349876839268
LAO,2003,1.8182348641978776
LBN,2003,0.8736615750851562
LBR,2003,1.414140852652239
LBY,2003,3.214250385448673
LCA,2003,0.4227272344483792
LIE,2003,1.3332859901472365
LKA,2003,0.3210910638077776
LSO,2003,0.555675732589183
LTU,2003,0.7501251337772741
LUX,2003,4.70929840824529
LVA,2003,0.8320699708396424
MAC,2003,0.6245608719433526
MAR,2003,0.3972527287563755
MCO,2003,31.57314495711353
MDA,2003,0.4152522628809777
MDG,2003,0.9447016893290436
MDV,2003,0.3669262910638276
MEX,2003,1.2115057790353796
MHL,2003,0.018470346852938
MKD,2003,1.0976877208675335
MLI,2003,0.621660059920859
MLT,2003,1.4689825311683344
MMR,2003,0.7997583350488896
MNE,2003,0.5985161401190846
MNG,2003,1.802151063460867
MOZ,2003,0.7544540420523715
MRT,2003,0.7817139451994412
MUS,2003,0.5793627675176237
MWI,2003,0.3322868221152278
MYS,2003,2.074018402574114
NAM,2003,1.2313474663470498
NCL,2003,2.382674744029013
NER,2003,0.4029072259524365
NGA,2003,0.6646625469808202
NIC,2003,2.9484710074027367
NLD,2003,2.6022498310647713
NOR,2003,2.452931883412984
NPL,2003,0.3493501760149604
NRU,2003,0.018470346852938
NZL,2003,4.587087158563579
OMN,2003,5.113852126568445
PAK,2003,0.3069525919358158
PAN,2003,1.2642240826488875
PER,2003,1.2505903673253762
PHL,2003,0.4802164382090531
PLW,2003,16.86342667673247
PNG,2003,0.2401145090881969
POL,2003,1.9189603452960768
PRK,2003,0.8087645515688009
PRT,2003,1.3908538133475308
PRY,2003,2.893913164947812
PSE,2003,3.994903051506832
PYF,2003,0.7572842209704613
QAT,2003,18.09701211297423
ROU,2003,1.0915609710123166
RUS,2003,2.5693908928122142
RWA,2003,0.1533876333454349
SAU,2003,4.244339160722935
SDN,2003,0.8455351117964074
SEN,2003,0.2656371634282146
SGP,2003,1.9577600073269177
SLB,2003,0.1847034685293808
SLE,2003,2.775856420086015
SLV,2003,0.3079725936391009
SMR,2003,254.33792994348525
SOM,2003,0.8143674118846548
SRB,2003,1.3487719983469555
SSD,2003,1.6558523193053472
STP,2003,0.19933670391432
SUR,2003,2.2117118270074783
SVK,2003,1.865433623943142
SVN,2003,2.0347864464274403
SWE,2003,1.5538570736224484
SWZ,2003,0.3473471059060744
SXM,2003,2.2876415165639785
SYC,2003,0.9148043886525428
SYR,2003,0.880633477207633
TCA,2003,1.3516754036991552
TCD,2003,1.1770575870899431
TGO,2003,0.2802072263717981
THA,2003,1.0496305539287685
TJK,2003,0.2214974219269308
TKM,2003,2.9274641440358207
TLS,2003,0.7991452076028501
TON,2003,0.4248179776175758
TTO,2003,5.231597098172975
TUN,2003,0.5911203766288952
TUR,2003,0.9271480088522897
TUV,2003,0.0738813874117523
TZA,2003,0.6678836044762005
UGA,2003,0.2900486858168571
UKR,2003,1.5796756475728222
URY,2003,1.8458604408734416
USA,2003,4.606713649719507
UZB,2003,1.2725381172024146
VCT,2003,0.3477239797841464
VEN,2003,1.9300389208386344
VGB,2003,1.3351655807671874
VNM,2003,0.6945017525943927
VUT,2003,0.4986993650293283
WSM,2003,0.4063476307646377
YEM,2003,0.332815033714826
ZAF,2003,1.9883433259160757
ZMB,2003,1.369217074609857
ZWE,2003,0.8196528478017184
TWN,2003,2.1860540001689643
ABW,2004,5.172633493113509
AFG,2004,0.1460400914548917
AGO,2004,1.407777804118914
ALB,2004,0.4632395328135902
AND,2004,1.753078254646502
ARE,2004,5.633014537586547
ARG,2004,2.375804783275238
ARM,2004,0.5209643239426569
ATG,2004,1.2004410558487706
AUS,2004,6.945944806300544
AUT,2004,2.0244565102389043
AZE,2004,0.967688483401412
BDI,2004,0.1181485865570215
BEL,2004,2.6777595599284343
BEN,2004,0.5420089761740653
BFA,2004,0.5531251803570494
BGD,2004,0.1712475795594683
BGR,2004,1.299846047007529
BHR,2004,8.422692224233739
BHS,2004,1.254179054906006
BIH,2004,0.7817621610566557
BLR,2004,1.758961744765191
BLZ,2004,3.3644539873866743
BMU,2004,337.332607734709
BOL,2004,3.3690523196243607
BRA,2004,3.2965403670967444
BRB,2004,1.112255738349706
BRN,2004,4.544810638079387
BTN,2004,3.3730868900759057
BWA,2004,0.9989597265400078
CAF,2004,1.2410584782460556
CAN,2004,5.398516388565478
CHE,2004,1.3174205040108835
CHL,2004,1.2050460682565285
CHN,2004,0.9762265590829188
CIV,2004,0.8139877995124769
CMR,2004,0.7079338458116833
COD,2004,0.7206422860505275
COG,2004,1.611172423726042
COL,2004,0.9231186063069008
COM,2004,0.1768115760007814
CPV,2004,0.2502016382629492
CRI,2004,0.5541674690512928
CUB,2004,0.773730720528326
CUW,2004,9.719264149568906
CYP,2004,1.5866378023178087
CZE,2004,2.546936736804993
DEU,2004,2.2182412086996615
DJI,2004,0.348219221815436
DMA,2004,0.510905006704797
DNK,2004,2.4090353206224338
DOM,2004,0.5505135595427104
DZA,2004,0.868175707137387
ECU,2004,1.0864673273307432
EGY,2004,0.5144716967176369
ERI,2004,0.6910148659776546
ESP,2004,1.744458696623242
EST,2004,2.9576571528580593
ETH,2004,0.5982869867394949
FIN,2004,3.708506584013679
FJI,2004,0.6905587961665732
FRA,2004,1.38430436740182
FSM,2004,0.0726903995964302
GAB,2004,4.866662005932859
GBR,2004,2.1173739157489844
GEO,2004,0.1581578026225185
GHA,2004,0.3175508034254018
GIN,2004,0.6992942839510923
GMB,2004,0.2869395634013188
GNB,2004,0.6890318842748065
GNQ,2004,3.5498399699818326
GRC,2004,2.096100721890524
GRD,2004,0.3191587479879489
GRL,2004,274.64905805547784
GTM,2004,0.8298659460359181
GUY,2004,3.633957462467608
HKG,2004,1.2287769030327862
HND,2004,0.5268539561274233
HRV,2004,0.9060547763663598
HTI,2004,0.4305004674613865
HUN,2004,1.3466264779826222
IDN,2004,1.026990632457464
IND,2004,0.34061113668179
IRL,2004,3.605354611208728
IRN,2004,1.6026093796733196
IRQ,2004,1.2854710106840872
ISL,2004,2.679779362951044
ISR,2004,1.7906776584385886
ITA,2004,1.7491937453263318
JAM,2004,1.0332755769707778
JOR,2004,0.7068765279577749
JPN,2004,1.877887951346529
KAZ,2004,2.4659225444365034
KEN,2004,0.3129763041357205
KGZ,2004,0.5143793508904914
KHM,2004,0.9543930158959496
KIR,2004,0.127208199293753
KNA,2004,0.7533497097330569
KOR,2004,1.9892209618422716
KWT,2004,8.640433915465827
LAO,2004,1.9580027108551097
LBN,2004,0.8028411786934373
LBR,2004,1.3831680981667351
LBY,2004,3.1161800442784053
LCA,2004,0.4613991900783528
LIE,2004,1.2977790737017627
LKA,2004,0.5340974958654919
LSO,2004,0.5330649217613498
LTU,2004,1.2817398399410973
LUX,2004,5.105520922549132
LVA,2004,1.2010292714711162
MAC,2004,0.6666350699738604
MAR,2004,0.4085844505570097
MCO,2004,31.12859994479874
MDA,2004,0.4124570113457531
MDG,2004,0.8339530706430337
MDV,2004,0.4533910323751428
MEX,2004,1.1643564289563018
MHL,2004,0.0181725998991075
MKD,2004,1.0579875944765882
MLI,2004,0.8021797063156255
MLT,2004,1.3799234400096885
MMR,2004,0.8448529681042553
MNE,2004,0.6719695928963578
MNG,2004,1.6861228938941677
MOZ,2004,0.8270325990775168
MRT,2004,0.7539756625356782
MUS,2004,0.6189980121294818
MWI,2004,0.3972586875821275
MYS,2004,2.130092281678438
NAM,2004,1.25509161017304
NCL,2004,2.08984898839737
NER,2004,0.3460590185581012
NGA,2004,0.6188939563800093
NIC,2004,2.418826165350341
NLD,2004,2.585361433925434
NOR,2004,2.4176521923046894
NPL,2004,0.3321989876799206
NRU,2004,0.0181725998991075
NZL,2004,4.065905268680661
OMN,2004,4.441623323606852
PAK,2004,0.308699515993359
PAN,2004,1.1158484039854986
PER,2004,1.0080269527863626
PHL,2004,0.3952476402945504
PLW,2004,14.628942918781595
PNG,2004,0.2544163985875221
POL,2004,1.868270621965308
PRK,2004,0.8516754495491047
PRT,2004,1.3171322816409092
PRY,2004,2.654975133617158
PSE,2004,3.831341254489863
PYF,2004,0.6905587961660876
QAT,2004,16.833809623456624
ROU,2004,1.1278038494429898
RUS,2004,2.498151493235712
RWA,2004,0.140795311690679
SAU,2004,4.528016519985735
SDN,2004,0.8751819215422083
SEN,2004,0.3556302841557428
SGP,2004,1.9802185950662237
SLB,2004,0.1817259989910757
SLE,2004,2.188868916882034
SLV,2004,0.2376034953587042
SMR,2004,236.52696477298576
SOM,2004,0.7524281519218673
SRB,2004,1.5159910170971946
SSD,2004,1.61886722596914
STP,2004,0.1590196116849082
SUR,2004,1.6343646175336612
SVK,2004,1.9119135988770684
SVN,2004,1.9926040504055031
SWE,2004,1.5912058310078645
SWZ,2004,0.3484964538561533
SXM,2004,2.224982253346083
SYC,2004,0.9981434076139108
SYR,2004,0.769414711267346
TCA,2004,1.3516547002311372
TCD,2004,1.1353803519936274
TGO,2004,0.2897275879954852
THA,2004,1.079068838441144
TJK,2004,0.2352613503935238
TKM,2004,3.312350530904166
TLS,2004,0.846161523878353
TON,2004,0.3816245978812589
TTO,2004,5.2126447747609985
TUN,2004,0.5944164621844623
TUR,2004,0.8808221693388107
TUV,2004,0.0726903995964302
TZA,2004,0.71285278688794
UGA,2004,0.2484714932504127
UKR,2004,1.5619316939195895
URY,2004,1.854982901833542
USA,2004,4.533672370719354
UZB,2004,1.21241426538855
VCT,2004,0.3929733128357555
VEN,2004,1.773855626103814
VGB,2004,1.326351201062438
VNM,2004,0.7339910749742526
VUT,2004,0.4724875973767968
WSM,2004,0.3997971977803666
YEM,2004,0.3311755496292362
ZAF,2004,2.100133730613235
ZMB,2004,1.2687580583910951
ZWE,2004,0.7945839945159443
TWN,2004,2.2272628057402057
ABW,2005,5.145666816246936
AFG,2005,0.1407529776734872
AGO,2005,1.3371733368826917
ALB,2005,0.6497814494763332
AND,2005,1.6962402821606752
ARE,2005,5.412109196124336
ARG,2005,2.364695292008536
ARM,2005,0.663942152522449
ATG,2005,1.2383078010717452
AUS,2005,5.653125450342787
AUT,2005,2.0033701073007295
AZE,2005,1.0058256284282396
BDI,2005,0.1191313962964831
BEL,2005,2.5406063472441276
BEN,2005,0.4083198532675984
BFA,2005,0.5552111860669507
BGD,2005,0.1696058426976757
BGR,2005,1.3283637438204283
BHR,2005,8.327417072049363
BHS,2005,1.1440650535687626
BIH,2005,0.8112723874768535
BLR,2005,1.766999876893598
BLZ,2005,3.008045977340196
BMU,2005,331.2910094067623
BOL,2005,2.731924718933559
BRA,2005,2.9615115531534992
BRB,2005,1.1086308588100136
BRN,2005,4.097595533256272
BTN,2005,2.7026748842768007
BWA,2005,1.0927270139740992
CAF,2005,1.2588528092877536
CAN,2005,5.200160001603557
CHE,2005,1.3020974894125592
CHL,2005,1.2037539817013954
CHN,2005,1.054759901216357
CIV,2005,0.8756699303979325
CMR,2005,0.6659619655691242
COD,2005,0.681054940585127
COG,2005,1.711625586125108
COL,2005,0.7449820464174209
COM,2005,0.1657312323611627
CPV,2005,0.2471042349071316
CRI,2005,0.5481813241006616
CUB,2005,0.7225406831805504
CUW,2005,9.32806534896364
CYP,2005,1.455987466894061
CZE,2005,2.4485846335700314
DEU,2005,2.1570931496938335
DJI,2005,0.3449691109705833
DMA,2005,0.5127960802089238
DNK,2005,2.2301266796545174
DOM,2005,0.5455523197414065
DZA,2005,0.9381353262334272
ECU,2005,0.9351584940284798
EGY,2005,0.5298352009057483
ERI,2005,0.6408467116569417
ESP,2005,1.7297770236302967
EST,2005,2.57418240801078
ETH,2005,0.5791260483707764
FIN,2005,3.2393297955356624
FJI,2005,0.6262073107603975
FRA,2005,1.3527556686334803
FSM,2005,0.071566549801178
GAB,2005,4.360757692045484
GBR,2005,2.1084894076912124
GEO,2005,0.1816915373716646
GHA,2005,0.3225835397029277
GIN,2005,0.7797487509627716
GMB,2005,0.2618753835620991
GNB,2005,0.6745697114446166
GNQ,2005,3.1629679313036916
GRC,2005,2.1165656539459325
GRD,2005,0.3342433226994708
GRL,2005,270.2270462151093
GTM,2005,0.8096031397905333
GUY,2005,2.4851259960029957
HKG,2005,1.263984890205854
HND,2005,0.465165276248709
HRV,2005,0.899989655939361
HTI,2005,0.4283517148713126
HUN,2005,1.330680851958469
IDN,2005,0.9435808717334632
IND,2005,0.3417273661230092
IRL,2005,3.5193922501351804
IRN,2005,1.632236660941526
IRQ,2005,1.226540674692133
ISL,2005,2.575208218478766
ISR,2005,1.6697329794633071
ITA,2005,1.7049916001695216
JAM,2005,0.913935927300516
JOR,2005,0.7411740144614526
JPN,2005,1.8623137172773816
KAZ,2005,2.6210025988961876
KEN,2005,0.3102154865237568
KGZ,2005,0.4903821880311138
KHM,2005,0.7521590438678889
KIR,2005,0.1610247370526505
KNA,2005,0.7050777727682439
KOR,2005,1.9821783050339263
KWT,2005,9.121360562589862
LAO,2005,2.0008865692745115
LBN,2005,0.7501990132124601
LBR,2005,1.27473950040675
LBY,2005,3.0634568770998474
LCA,2005,0.4336383570606282
LIE,2005,1.2664641362680769
LKA,2005,0.3686470324928441
LSO,2005,0.4544647181723946
LTU,2005,1.081297373571913
LUX,2005,5.043343342439806
LVA,2005,1.4005319205363078
MAC,2005,0.6676773679972626
MAR,2005,0.4031522320418689
MCO,2005,30.739621747882573
MDA,2005,0.4249053717706147
MDG,2005,0.7447461287238606
MDV,2005,0.4028740700359041
MEX,2005,1.171157664388765
MHL,2005,0.0178916374502945
MKD,2005,1.015239100531614
MLI,2005,0.5766995525427485
MLT,2005,1.2706512133065722
MMR,2005,0.9158239269482332
MNE,2005,0.1497132595012767
MNG,2005,2.0626396736964123
MOZ,2005,0.6997756948769216
MRT,2005,0.7407926691252681
MUS,2005,0.5976727000975436
MWI,2005,0.3788726228725753
MYS,2005,2.0528859363630705
NAM,2005,1.3012632600706675
NCL,2005,2.200671406386224
NER,2005,0.3108361990183006
NGA,2005,0.5728146706773269
NIC,2005,1.9978155905726809
NLD,2005,2.496923180240666
NOR,2005,2.315279062850132
NPL,2005,0.3325696173099485
NRU,2005,0.0178916374502945
NZL,2005,3.8083622104162296
OMN,2005,4.396314625204595
PAK,2005,0.3105827387117685
PAN,2005,1.0411954812359896
PER,2005,0.9320069322796904
PHL,2005,0.4477830601710381
PLW,2005,16.639222828773885
PNG,2005,0.2683745617544179
POL,2005,1.870525093849184
PRK,2005,0.843376696414541
PRT,2005,1.3517019982765368
PRY,2005,2.5597262329641577
PSE,2005,3.676939607002344
PYF,2005,0.7156654980117798
QAT,2005,14.912515770003145
ROU,2005,1.0672452287481435
RUS,2005,2.553685839516882
RWA,2005,0.1323516671902471
SAU,2005,4.354069877571303
SDN,2005,0.7446024956040024
SEN,2005,0.258131961940962
SGP,2005,1.8452986389376993
SLB,2005,0.178916374502945
SLE,2005,2.561675466172402
SLV,2005,0.2232589953082153
SMR,2005,229.91197876534764
SOM,2005,0.7026737983930049
SRB,2005,1.077450976519054
SSD,2005,1.5362946115580618
STP,2005,0.1494299677546729
SUR,2005,1.4969616535986894
SVK,2005,1.933252045303053
SVN,2005,1.9813870916287692
SWE,2005,1.520286648150447
SWZ,2005,0.3024437565624178
SXM,2005,2.165503737316114
SYC,2005,0.9846468267800688
SYR,2005,0.744523978129485
TCA,2005,1.461881332440271
TCD,2005,1.0206353735607794
TGO,2005,0.3593247210843019
THA,2005,1.0820690069176826
TJK,2005,0.2447829994629452
TKM,2005,3.019467488613505
TLS,2005,0.8261791795612539
TON,2005,0.393616023906479
TTO,2005,6.217666534871724
TUN,2005,0.6100322703084414
TUR,2005,0.8726751605457652
TUV,2005,0.071566549801178
TZA,2005,0.7458198304835916
UGA,2005,0.249097031903102
UKR,2005,1.571407709510882
URY,2005,1.9038551737540936
USA,2005,4.491707625765174
UZB,2005,1.1744261984827646
VCT,2005,0.3850401300997126
VEN,2005,1.746748511394955
VGB,2005,1.35330788235906
VNM,2005,0.6657398583847193
VUT,2005,0.4472909362573625
WSM,2005,0.393616023906479
YEM,2005,0.3524301855033174
ZAF,2005,1.913597741021904
ZMB,2005,1.4199483250527978
ZWE,2005,0.8211981696936637
TWN,2005,2.245050839113214
ABW,2006,4.99177453952558
AFG,2006,0.1366274939893489
AGO,2006,1.2591007912485404
ALB,2006,0.5022233973290462
AND,2006,1.5660360717020152
ARE,2006,5.361476550064587
ARG,2006,2.3894331503941046
ARM,2006,0.5667868003521881
ATG,2006,1.311085729445436
AUS,2006,5.795433312353892
AUT,2006,1.950165559116822
AZE,2006,1.0214720544899498
BDI,2006,0.127354524238361
BEL,2006,2.4828859575619067
BEN,2006,0.4260302840016211
BFA,2006,0.6427289319051512
BGD,2006,0.1749137097814403
BGR,2006,1.3444023109120422
BHR,2006,7.514669378409985
BHS,2006,1.1040624322231345
BIH,2006,0.8790889835818276
BLR,2006,1.823539374231696
BLZ,2006,3.352309787515736
BMU,2006,330.4523032041971
BOL,2006,2.398003986261342
BRA,2006,2.700762543909163
BRB,2006,1.117906972588191
BRN,2006,5.202641336264578
BTN,2006,2.842679736226493
BWA,2006,1.3306202435496464
CAF,2006,1.2350670860608717
CAN,2006,4.9981609329468295
CHE,2006,1.2851793099814963
CHL,2006,1.1884363804937117
CHN,2006,1.1404448860351415
CIV,2006,0.8143588187057921
CMR,2006,0.6434486206215888
COD,2006,0.6881124973713186
COG,2006,1.7273673243593524
COL,2006,0.8384374895913435
COM,2006,0.1676506460085555
CPV,2006,0.2612633677758584
CRI,2006,0.5785635429280638
CUB,2006,0.6847470006788675
CUW,2006,9.08633021779071
CYP,2006,1.4694538790957956
CZE,2006,2.4826642763639164
DEU,2006,2.192627905475452
DJI,2006,0.3437257698215968
DMA,2006,0.6263122920218366
DNK,2006,2.429540344924791
DOM,2006,0.5748871201796482
DZA,2006,0.9135287530113582
ECU,2006,0.8935004302714991
EGY,2006,0.546096236586768
ERI,2006,0.6403812195673552
ESP,2006,1.653645093241652
EST,2006,2.5212669806021615
ETH,2006,0.5849340180494155
FIN,2006,3.5855265284181317
FJI,2006,0.6437284515913876
FRA,2006,1.3102734072628257
FSM,2006,0.0715253835101319
GAB,2006,3.79751443142514
GBR,2006,2.0358706792119095
GEO,2006,0.2170453804342423
GHA,2006,0.3247181413404237
GIN,2006,0.8876115839344654
GMB,2006,0.3015885710671352
GNB,2006,0.6841467016381594
GNQ,2006,3.2289025956458413
GRC,2006,2.079652284673984
GRD,2006,0.3539413811506051
GRL,2006,270.83270712475843
GTM,2006,1.001652729445196
GUY,2006,2.5331863466262083
HKG,2006,1.2194446300493604
HND,2006,0.5063729002576722
HRV,2006,0.9213675889095556
HTI,2006,0.3323445932248294
HUN,2006,1.3224892049242714
IDN,2006,1.420851111496764
IND,2006,0.3544003536361535
IRL,2006,3.3691194393778385
IRN,2006,1.6267517480472866
IRQ,2006,1.1376282932458968
ISL,2006,2.586415053751701
ISR,2006,1.795258023952268
ITA,2006,1.655988034698398
JAM,2006,1.3454531570502324
JOR,2006,0.682272932900016
JPN,2006,1.8229255493227063
KAZ,2006,2.9110109728375053
KEN,2006,0.3244457675056899
KGZ,2006,0.4705425265505147
KHM,2006,0.6626402297056481
KIR,2006,0.1609321128977968
KNA,2006,0.7487518405202885
KOR,2006,1.985490031761644
KWT,2006,8.786138737643668
LAO,2006,1.825587299386496
LBN,2006,0.6714627655387946
LBR,2006,1.198907009404276
LBY,2006,2.820936943736857
LCA,2006,0.4828764961917584
LIE,2006,1.26568307150389
LKA,2006,0.3520670312743314
LSO,2006,0.6198972231348964
LTU,2006,1.026483438735365
LUX,2006,4.92738927991227
LVA,2006,1.1258276186903595
MAC,2006,0.5526765953729377
MAR,2006,0.4175137326913483
MCO,2006,30.868567890403824
MDA,2006,0.4265255689163403
MDG,2006,0.7022976069848418
MDV,2006,0.4808605332032664
MEX,2006,1.1830944402150243
MHL,2006,0.0178813458775329
MKD,2006,0.9804632792114572
MLI,2006,0.5247656350618686
MLT,2006,1.2745667058186068
MMR,2006,1.0281118041865147
MNE,2006,0.2546897929144163
MNG,2006,2.225444539614529
MOZ,2006,0.734880927913403
MRT,2006,0.7489177533837733
MUS,2006,0.6367170864889597
MWI,2006,0.3311626035247165
MYS,2006,2.076349669230871
NAM,2006,1.4100305825351602
NCL,2006,2.181524197059024
NER,2006,0.4348970272433031
NGA,2006,0.5221091328985054
NIC,2006,1.9165461496334568
NLD,2006,2.4412929285970137
NOR,2006,2.333253408340075
NPL,2006,0.316413649324672
NRU,2006,0.0178813458775329
NZL,2006,4.154765711591541
OMN,2006,4.74552010747083
PAK,2006,0.3194630561364667
PAN,2006,1.2499369247235468
PER,2006,0.8350186197080997
PHL,2006,0.4752404561367828
PLW,2006,16.450838207330342
PNG,2006,0.2861015340405375
POL,2006,1.8856598371868296
PRK,2006,0.8434186121374637
PRT,2006,1.255534534051835
PRY,2006,2.529923172011412
PSE,2006,3.582112852090419
PYF,2006,0.6616097974687205
QAT,2006,14.913206895893262
ROU,2006,1.0577652167488223
RUS,2006,2.660068513038844
RWA,2006,0.1383513067498787
SAU,2006,4.466856717330528
SDN,2006,0.7704714092166064
SEN,2006,0.2650304775618062
SGP,2006,1.828816252860561
SLB,2006,0.1788134587753298
SLE,2006,1.4869154630720671
SLV,2006,0.2944217748301273
SMR,2006,227.1305330455256
SOM,2006,0.6657258640632318
SRB,2006,1.174176940358824
SSD,2006,1.3815881079462402
STP,2006,0.1435793116139947
SUR,2006,1.37772299793372
SVK,2006,1.9896915720187456
SVN,2006,1.9971934768252677
SWE,2006,1.4756212934555564
SWZ,2006,0.3086754726213018
SXM,2006,2.139497409794868
SYC,2006,0.9786126644560014
SYR,2006,0.7430170315891491
TCA,2006,1.6085595543217186
TCD,2006,0.9593848994240832
TGO,2006,0.292376599879428
THA,2006,1.0812667102871691
TJK,2006,0.2426468976260954
TKM,2006,2.9430142471726337
TLS,2006,0.8232109157147895
TON,2006,0.4112709551832585
TTO,2006,6.910377560334373
TUN,2006,0.627636984121549
TUR,2006,0.9182100028675138
TUV,2006,0.0715253835101319
TZA,2006,0.8341349740108688
UGA,2006,0.2523285302484418
UKR,2006,1.6452351628220638
URY,2006,2.1615216311334393
USA,2006,4.228317260797399
UZB,2006,1.195005627573385
VCT,2006,0.3799311085090122
VEN,2006,1.7782505721370148
VGB,2006,1.409014720272676
VNM,2006,0.6302024586717769
VUT,2006,0.4470336469383245
WSM,2006,0.3933896093057257
YEM,2006,0.3794085727711609
ZAF,2006,2.010472574165121
ZMB,2006,1.262000747424218
ZWE,2006,0.6926867184964954
TWN,2006,2.3134211062451557
ABW,2007,5.152015932587853
AFG,2007,0.1396409399718515
AGO,2007,1.389115720530874
ALB,2007,0.6905783701895258
AND,2007,1.5105167309747134
ARE,2007,5.143118824885481
ARG,2007,1.9496671375055823
ARM,2007,0.5556563577624808
ATG,2007,1.340906582639776
AUS,2007,5.984861933594181
AUT,2007,1.8958862716247624
AZE,2007,0.9830379425701216
BDI,2007,0.1261944051239405
BEL,2007,2.408696040100001
BEN,2007,0.6537178530577241
BFA,2007,0.5749644542252326
BGD,2007,0.1777436166606049
BGR,2007,1.46546605937939
BHR,2007,7.480176029818239
BHS,2007,1.1128038461129712
BIH,2007,0.9388554518364208
BLR,2007,1.8219929586319277
BLZ,2007,3.263618072083345
BMU,2007,329.36327670581204
BOL,2007,2.264736805843216
BRA,2007,2.6026922329315605
BRB,2007,1.1021652758052327
BRN,2007,5.663278674760108
BTN,2007,3.2979924249807215
BWA,2007,1.4787313290089688
CAF,2007,1.2494461302200637
CAN,2007,4.929525129108587
CHE,2007,1.2251272960446449
CHL,2007,1.285056822579649
CHN,2007,1.2009963420172731
CIV,2007,0.6003943411587851
CMR,2007,0.6891732028054898
COD,2007,0.670497100564831
COG,2007,1.735180618129972
COL,2007,0.8554382993827099
COM,2007,0.1451393973055916
CPV,2007,0.2784279652841905
CRI,2007,0.6646664404832807
CUB,2007,0.6614046574842495
CUW,2007,8.904160134013928
CYP,2007,1.4511609175660138
CZE,2007,2.51022124033763
DEU,2007,2.1130805849562315
DJI,2007,0.348443230492423
DMA,2007,0.5529373794369357
DNK,2007,2.3272442421953303
DOM,2007,0.5864856504014356
DZA,2007,0.8983054980871826
ECU,2007,1.150700436446719
EGY,2007,0.5572949762606059
ERI,2007,0.53971004643482
ESP,2007,1.663608260223473
EST,2007,2.927310531283357
ETH,2007,0.5256134981061896
FIN,2007,3.57218991388692
FJI,2007,0.625531827076823
FRA,2007,1.2777816917761753
FSM,2007,0.0714893516659055
GAB,2007,3.51994687917095
GBR,2007,1.9660088967393303
GEO,2007,0.2334883704573753
GHA,2007,0.3317554207876892
GIN,2007,0.9649154063631246
GMB,2007,0.5203479563558651
GNB,2007,0.6735140361609815
GNQ,2007,3.2110190105572043
GRC,2007,2.116425800472329
GRD,2007,0.3735464485537763
GRL,2007,271.7492851407723
GTM,2007,0.9165502900726644
GUY,2007,2.330914759428655
HKG,2007,1.253180023419315
HND,2007,0.5378035767084935
HRV,2007,1.16454603186859
HTI,2007,0.3169937425014897
HUN,2007,1.2973546619091034
IDN,2007,1.0223892777458017
IND,2007,0.373105739048049
IRL,2007,3.7716046293052186
IRN,2007,1.6143442731495223
IRQ,2007,0.8229119424164014
ISL,2007,2.7081038143983953
ISR,2007,1.7833756108743233
ITA,2007,1.6757299559783787
JAM,2007,1.3764163256482278
JOR,2007,0.6832205041404991
JPN,2007,1.8734392230867152
KAZ,2007,2.941547795943094
KEN,2007,0.3950945801099159
KGZ,2007,0.5042087061833784
KHM,2007,0.6392546458341894
KIR,2007,0.1429787033318111
KNA,2007,0.8035779048644804
KOR,2007,2.0424228212965208
KWT,2007,8.198199845423774
LAO,2007,2.0493661518636244
LBN,2007,0.6170307563011
LBR,2007,1.1437848124632428
LBY,2007,2.473689106122461
LCA,2007,0.4399954434068568
LIE,2007,1.0998517746796483
LKA,2007,0.5295712321853517
LSO,2007,0.6210082663472479
LTU,2007,1.1903852036937232
LUX,2007,4.623045493808678
LVA,2007,1.090701389760382
MAC,2007,0.4985315222238471
MAR,2007,0.4306179665430449
MCO,2007,31.06621793189696
MDA,2007,0.4226362004033396
MDG,2007,0.7063496266973145
MDV,2007,0.4891113467999789
MEX,2007,1.1482578454396308
MHL,2007,0.0178723379164763
MKD,2007,1.0338005162150494
MLI,2007,0.5708284628645389
MLT,2007,1.3050826509361355
MMR,2007,1.0510485071374196
MNE,2007,0.3856681484229287
MNG,2007,2.449929104787437
MOZ,2007,0.7410162233541091
MRT,2007,0.7431930987470172
MUS,2007,0.6397034868099231
MWI,2007,0.3449447840448889
MYS,2007,2.156757225358036
NAM,2007,1.315147663783872
NCL,2007,2.198297563726596
NER,2007,0.3481479237141727
NGA,2007,0.4712821613593942
NIC,2007,1.6888076315189375
NLD,2007,2.407835458858699
NOR,2007,2.408189875789174
NPL,2007,0.3197587276136648
NRU,2007,0.0178723379164763
NZL,2007,3.840280421951362
OMN,2007,4.863172005191056
PAK,2007,0.3186730549123505
PAN,2007,1.0960519321286868
PER,2007,0.8628813934705477
PHL,2007,0.5023279513615514
PLW,2007,13.547232140689102
PNG,2007,0.2502127308306706
POL,2007,1.9222139067221944
PRK,2007,0.7800444347859827
PRT,2007,1.3115184378738982
PRY,2007,2.8067491742325323
PSE,2007,3.4899813728346407
PYF,2007,0.6970211787425792
QAT,2007,12.176486322707644
ROU,2007,1.1300756701524943
RUS,2007,2.7488273298843784
RWA,2007,0.1350447070207669
SAU,2007,4.115637886399057
SDN,2007,0.7310696504705556
SEN,2007,0.6485783608061154
SGP,2007,1.7799895845834248
SLB,2007,0.1787233791647638
SLE,2007,1.187976081158596
SLV,2007,0.2986343982074382
SMR,2007,219.5461330036541
SOM,2007,0.6839977126548547
SRB,2007,1.191282746098819
SSD,2007,1.3848269435000848
STP,2007,0.1316465668567795
SUR,2007,1.4906628921176377
SVK,2007,1.998018509416152
SVN,2007,2.5255328107131927
SWE,2007,1.4505596856946386
SWZ,2007,0.3221495853031416
SXM,2007,2.114747068278747
SYC,2007,1.0067679444441795
SYR,2007,0.7997489590636786
TCA,2007,1.7892747895063914
TCD,2007,0.9414472683121764
TGO,2007,0.290279383949109
THA,2007,1.1593113623083051
TJK,2007,0.2583541713058052
TKM,2007,2.820628252771947
TLS,2007,0.89353775086006
TON,2007,0.3753190962460042
TTO,2007,7.263378428380763
TUN,2007,0.6676900277213866
TUR,2007,0.9876133517533722
TUV,2007,0.0714893516659055
TZA,2007,0.8054292665237254
UGA,2007,0.27611225569171
UKR,2007,1.689815289856788
URY,2007,2.7522122429396916
USA,2007,4.255372261524685
UZB,2007,1.145443844965666
VCT,2007,0.5175928797394334
VEN,2007,1.793538509131983
VGB,2007,1.3880196205731483
VNM,2007,0.6678552420409983
VUT,2007,0.5361701374942918
WSM,2007,0.4110637720789569
YEM,2007,0.360150133246125
ZAF,2007,2.0805958011646224
ZMB,2007,1.366979240859128
ZWE,2007,0.7774236360035802
TWN,2007,2.339035802361019
ABW,2008,4.812262583450485
AFG,2008,0.155562893997834
AGO,2008,1.6100894538187145
ALB,2008,0.6381788570948259
AND,2008,1.4808457436669034
ARE,2008,5.188546468265494
ARG,2008,1.7878059281122396
ARM,2008,0.5682461814706345
ATG,2008,1.3404085499969662
AUS,2008,6.70410291921259
AUT,2008,1.8914476569092569
AZE,2008,1.0471889035876767
BDI,2008,0.1240654326800795
BEL,2008,2.378254211397159
BEN,2008,0.671237164971649
BFA,2008,0.5623116093561221
BGD,2008,0.1856688872551456
BGR,2008,1.4642301759744631
BHR,2008,7.811055697121629
BHS,2008,1.131063897423096
BIH,2008,1.059772950849516
BLR,2008,1.915604081577167
BLZ,2008,3.2152735997828263
BMU,2008,327.76590337906066
BOL,2008,2.3692440091963327
BRA,2008,2.455750725269326
BRB,2008,1.314934545344209
BRN,2008,6.735677273981231
BTN,2008,3.6273856569327303
BWA,2008,2.322904532591665
CAF,2008,1.5114349610357258
CAN,2008,4.75173229515121
CHE,2008,1.2407330860189878
CHL,2008,1.3326212277738554
CHN,2008,1.2690071731537285
CIV,2008,0.4764352425904972
CMR,2008,0.8654185547000596
COD,2008,1.3064907580399956
COG,2008,1.702174181671557
COL,2008,0.7590185744015228
COM,2008,0.1448010828183336
CPV,2008,0.2526766327285855
CRI,2008,0.7843097022413653
CUB,2008,0.6700934681486458
CUW,2008,8.790455658902461
CYP,2008,1.504045486651741
CZE,2008,2.400945783777203
DEU,2008,2.1303403427894954
DJI,2008,0.358657672672121
DMA,2008,0.5631119641178546
DNK,2008,2.1887850420058683
DOM,2008,0.6175622723496992
DZA,2008,0.9039432983832976
ECU,2008,1.0063042066506462
EGY,2008,0.5678519465058167
ERI,2008,0.5403408037917621
ESP,2008,1.5010483472875538
EST,2008,2.7653365891768575
ETH,2008,0.5326271748511612
FIN,2008,3.2605012657214596
FJI,2008,0.5360255001482385
FRA,2008,1.25475255210741
FSM,2008,0.0714700666863977
GAB,2008,3.5137476125671503
GBR,2008,1.8789118263854072
GEO,2008,0.1844113725285258
GHA,2008,0.3214244465871678
GIN,2008,0.7538967264169779
GMB,2008,0.5112019801886756
GNB,2008,0.6043276077896046
GNQ,2008,2.992334977422767
GRC,2008,2.051261644990875
GRD,2008,0.5316946059035323
GRL,2008,272.7708233248435
GTM,2008,0.7817501894611807
GUY,2008,2.106152890303154
HKG,2008,1.2261351555361255
HND,2008,0.5541824685617718
HRV,2008,1.0062878193590967
HTI,2008,0.3761059904113022
HUN,2008,1.2622724462653796
IDN,2008,1.1034627066502494
IND,2008,0.3907013487048288
IRL,2008,3.3354758796144544
IRN,2008,1.631934409463618
IRQ,2008,1.0234692760504995
ISL,2008,2.847193234228796
ISR,2008,1.8741237454550488
ITA,2008,1.594655372210321
JAM,2008,1.2957978674604924
JOR,2008,0.6808958019816218
JPN,2008,1.7707597353693516
KAZ,2008,3.087013576507114
KEN,2008,0.4013934543116437
KGZ,2008,0.5292333142831803
KHM,2008,0.6189657248857656
KIR,2008,0.1608076500443948
KNA,2008,0.8736332481683078
KOR,2008,2.0551754872981123
KWT,2008,8.17489356625047
LAO,2008,2.1455366395259423
LBN,2008,0.7448314421690811
LBR,2008,1.0781291309648655
LBY,2008,2.604122005376365
LCA,2008,0.4509005557853513
LIE,2008,1.1937534043269713
LKA,2008,0.436178027074671
LSO,2008,0.5203413911953101
LTU,2008,1.3771184318925151
LUX,2008,4.464959502238835
LVA,2008,1.0404627513947249
MAC,2008,0.4008377607296118
MAR,2008,0.4441897276209663
MCO,2008,31.058813060884297
MDA,2008,0.4193412086026132
MDG,2008,0.6436505293109748
MDV,2008,0.5065218011135514
MEX,2008,1.1232447354879216
MHL,2008,0.0178675166715994
MKD,2008,0.9942948080675956
MLI,2008,0.5655119848255643
MLT,2008,1.2980146656603468
MMR,2008,0.9945238716096289
MNE,2008,0.4992730387075755
MNG,2008,2.5963049360335724
MOZ,2008,0.7151826361687895
MRT,2008,0.7023479200524703
MUS,2008,0.6467009846489289
MWI,2008,0.3320016911068529
MYS,2008,2.335960560220338
NAM,2008,1.239170468159041
NCL,2008,2.108366967248733
NER,2008,0.2996274207851572
NGA,2008,0.4920853900528635
NIC,2008,1.4173624200324142
NLD,2008,2.365076305958574
NOR,2008,2.334627510670025
NPL,2008,0.3227336462181042
NRU,2008,0.0178675166715994
NZL,2008,4.154434612553358
OMN,2008,4.9219652009952135
PAK,2008,0.3170438312724617
PAN,2008,1.2247191449557375
PER,2008,0.8028332444445304
PHL,2008,0.4728808773872302
PLW,2008,13.91879548717596
PNG,2008,0.2501452334024061
POL,2008,1.8682090967552456
PRK,2008,0.8122576439049779
PRT,2008,1.217637817167607
PRY,2008,2.4768154429196536
PSE,2008,3.39435247674692
PYF,2008,0.7147006668639772
QAT,2008,10.567962112227017
ROU,2008,1.153365747537503
RUS,2008,2.7162493652903383
RWA,2008,0.1365176408225364
SAU,2008,4.33050187220483
SDN,2008,0.7579085820061321
SEN,2008,0.4960629110766914
SGP,2008,1.6402507578476415
SLB,2008,0.1786751667159943
SLE,2008,1.1125061782348995
SLV,2008,0.2702665867098541
SMR,2008,216.36049181641155
SOM,2008,0.6573691318508461
SRB,2008,1.153915009484354
SSD,2008,1.0308377145485963
STP,2008,0.139820491466142
SUR,2008,2.399540857254882
SVK,2008,2.0545259448794795
SVN,2008,2.2581505360504615
SWE,2008,1.402073887117561
SWZ,2008,0.3185947033807043
SXM,2008,2.091596460576431
SYC,2008,1.008895382234155
SYR,2008,0.7617279736768827
TCA,2008,1.7915073047325056
TCD,2008,1.012004614703798
TGO,2008,0.2768438674518159
THA,2008,1.1329862554295724
TJK,2008,0.2725267528987094
TKM,2008,3.135272523584297
TLS,2008,0.8352016018258502
TON,2008,0.3930853667751875
TTO,2008,7.048768485817397
TUN,2008,0.683185431866773
TUR,2008,0.9615539762086288
TUV,2008,0.0714700666863977
TZA,2008,0.7150535956985326
UGA,2008,0.3035065034697459
UKR,2008,1.6559228476310806
URY,2008,3.3185699388695378
USA,2008,4.15135094483245
UZB,2008,1.1888965908766918
VCT,2008,0.5020954355242842
VEN,2008,1.7751538965281195
VGB,2008,1.3933509272968214
VNM,2008,0.6684539578338715
VUT,2008,0.5181579834763835
WSM,2008,0.4109528834467869
YEM,2008,0.3412567091501502
ZAF,2008,2.1443005914793
ZMB,2008,1.670429220203648
ZWE,2008,0.5763617652847989
TWN,2008,2.2210028243966913
ABW,2009,4.720497694169041
AFG,2009,0.1669487460973859
AGO,2009,1.6705158684780217
ALB,2009,0.5634358199699788
AND,2009,1.416041920986
ARE,2009,5.2435843196870335
ARG,2009,2.3649340628902493
ARM,2009,0.4964468054153813
ATG,2009,1.3454598962681503
AUS,2009,5.841166377206344
AUT,2009,1.7293656907467327
AZE,2009,0.9179418049254882
BDI,2009,0.1217997893066253
BEL,2009,2.1503940936118657
BEN,2009,0.4253003539247565
BFA,2009,0.5415728416160807
BGD,2009,0.1870909506504876
BGR,2009,1.30897928587962
BHR,2009,7.1978590828862075
BHS,2009,1.2559880731592574
BIH,2009,1.1386883473366476
BLR,2009,1.8846334784007608
BLZ,2009,3.902141330388144
BMU,2009,326.31688109171506
BOL,2009,2.299084257282376
BRA,2009,2.2621024147374937
BRB,2009,1.250500311532209
BRN,2009,5.751673917341102
BTN,2009,3.3716344821698163
BWA,2009,1.192916522996374
CAF,2009,1.1448527481065616
CAN,2009,4.242482104745542
CHE,2009,1.1857560633529198
CHL,2009,1.230759948263154
CHN,2009,1.317010139593006
CIV,2009,0.4262916032225767
CMR,2009,1.0407354230892762
COD,2009,1.8630308360101
COG,2009,1.718907288006863
COL,2009,0.7538591792574194
COM,2009,0.1494271171041694
CPV,2009,0.2668115232734449
CRI,2009,0.7827928494523821
CUB,2009,0.6611133634760006
CUW,2009,8.731192828596727
CYP,2009,1.3665694224014286
CZE,2009,2.2498721821963215
DEU,2009,1.9755721001181872
DJI,2009,0.3374565914150146
DMA,2009,0.4824752107714821
DNK,2009,2.077208887940884
DOM,2009,0.5936174764339706
DZA,2009,0.895272680974203
ECU,2009,0.9368403084202812
EGY,2009,0.5744305535160041
ERI,2009,0.5698695893509205
ESP,2009,1.3446213339324342
EST,2009,2.464383111960305
ETH,2009,0.5546263236832958
FIN,2009,3.0389240627955543
FJI,2009,0.4823008971472992
FRA,2009,1.1949978731419446
FSM,2009,0.0714519847625104
GAB,2009,3.3516581399548744
GBR,2009,1.6996558863873483
GEO,2009,0.1981853589727234
GHA,2009,0.304220355348792
GIN,2009,1.6055070153098054
GMB,2009,0.4392676182565592
GNB,2009,0.726280298766785
GNQ,2009,2.670783538193122
GRC,2009,1.9411242921661085
GRD,2009,0.4495693578096723
GRL,2009,272.72602106145786
GTM,2009,0.7441945945156629
GUY,2009,2.141866570497051
HKG,2009,1.1941882277222664
HND,2009,0.7133290537703603
HRV,2009,0.9425290631597978
HTI,2009,0.5587543481413039
HUN,2009,1.104129623408612
IDN,2009,1.3624664239482849
IND,2009,0.3990925242433511
IRL,2009,3.013771971470146
IRN,2009,1.6485612768894906
IRQ,2009,1.1625962666463645
ISL,2009,2.7442359429932552
ISR,2009,1.7253770086178657
ITA,2009,1.4390857521277356
JAM,2009,0.7333174711606468
JOR,2009,0.6636950394648301
JPN,2009,1.6648995458476945
KAZ,2009,3.1701093159524807
KEN,2009,0.392072804258682
KGZ,2009,0.5037764877887827
KHM,2009,0.7187208418254664
KIR,2009,0.1429039695250208
KNA,2009,0.9214010312328164
KOR,2009,2.066967288779776
KWT,2009,7.813180591327654
LAO,2009,2.278506908465605
LBN,2009,0.8538107186160525
LBR,2009,1.24211045306983
LBY,2009,2.4979968225860265
LCA,2009,0.4311456733222258
LIE,2009,1.099507347640891
LKA,2009,0.3920034805991951
LSO,2009,0.4657638806765404
LTU,2009,1.3026835683687077
LUX,2009,4.184203469839627
LVA,2009,0.9883717085086096
MAC,2009,0.6617655785013815
MAR,2009,0.4372786484634034
MCO,2009,30.544376751616973
MDA,2009,0.3871586731730644
MDG,2009,0.5940133817572653
MDV,2009,0.5139249783363393
MEX,2009,1.075144520768196
MHL,2009,0.0178629961906276
MKD,2009,1.148411160755166
MLI,2009,0.5138021450831869
MLT,2009,1.2325071981838058
MMR,2009,0.92027702431266
MNE,2009,0.1392535616370611
MNG,2009,2.7658250400714435
MOZ,2009,0.6586376771844435
MRT,2009,0.7051222781165245
MUS,2009,0.644106853900965
MWI,2009,0.2627000983564019
MYS,2009,2.496596513083339
NAM,2009,1.4798452505434885
NCL,2009,2.08997055430343
NER,2009,0.3178297826164484
NGA,2009,0.3719053936380135
NIC,2009,1.4044141165088249
NLD,2009,2.2896084670669685
NOR,2009,2.221440854683673
NPL,2009,0.3223131693704775
NRU,2009,0.0178629961906276
NZL,2009,3.700636890363858
OMN,2009,4.58588380666029
PAK,2009,0.3169143914940953
PAN,2009,1.6642784272908906
PER,2009,0.8101979127470589
PHL,2009,0.4193640660287973
PLW,2009,21.810718348756307
PNG,2009,0.2143559542875472
POL,2009,1.7074668101893085
PRK,2009,0.784150511768501
PRT,2009,1.1293923007906583
PRY,2009,2.6308002238420634
PSE,2009,3.304154033426876
PYF,2009,0.6787938552438488
QAT,2009,9.692342182528488
ROU,2009,1.1476615119562994
RUS,2009,2.8142347860331296
RWA,2009,0.1450640279437627
SAU,2009,4.384949515084201
SDN,2009,0.6607617938834948
SEN,2009,0.4277022532653809
SGP,2009,1.6068761040465032
SLB,2009,0.178629961906276
SLE,2009,1.1973862761627498
SLV,2009,0.2844420971849246
SMR,2009,207.12129497026024
SOM,2009,0.6423909949676918
SRB,2009,1.0701976065219734
SSD,2009,1.3469392455530864
STP,2009,0.1426203358430344
SUR,2009,1.747627044670724
SVK,2009,1.9726742941458513
SVN,2009,2.1053731189852876
SWE,2009,1.319998079532522
SWZ,2009,0.3054876817987003
SXM,2009,2.069464190965785
SYC,2009,1.0701673586678089
SYR,2009,0.7232341279828342
TCA,2009,1.793297854592879
TCD,2009,1.1307807830804206
TGO,2009,0.2699407348646741
THA,2009,1.143103497095986
TJK,2009,0.2150886723682324
TKM,2009,2.691904656556955
TLS,2009,0.7656181982040295
TON,2009,0.410848912384435
TTO,2009,7.047677135265198
TUN,2009,0.7545417383359417
TUR,2009,0.994110002930476
TUV,2009,0.0714519847625104
TZA,2009,0.7120229080745136
UGA,2009,0.3075389888688395
UKR,2009,1.4740390123221172
URY,2009,2.824704244101009
USA,2009,3.825448870141368
UZB,2009,1.0090150327913037
VCT,2009,0.6013170614718816
VEN,2009,1.681879132501659
VGB,2009,1.3716533925494785
VNM,2009,0.8028574237272682
VUT,2009,0.5001638933375729
WSM,2009,0.4108489123844348
YEM,2009,0.3632093955388086
ZAF,2009,2.027620461267141
ZMB,2009,1.4561033800394896
ZWE,2009,0.5353547891677823
TWN,2009,2.106975941247899
ABW,2010,4.476117651651088
AFG,2010,0.1866363481287832
AGO,2010,1.732330152192586
ALB,2010,0.5736491728926278
AND,2010,1.462366320508069
ARE,2010,5.59218634860035
ARG,2010,2.0728315255069356
ARM,2010,0.4710049472326908
ATG,2010,1.2619059999897746
AUS,2010,7.359901492569376
AUT,2010,1.8277089297958615
AZE,2010,0.879782436933115
BDI,2010,0.1276223681977885
BEL,2010,2.2522673107147586
BEN,2010,0.4955678225863441
BFA,2010,0.5662086043124334
BGD,2010,0.1930734559722696
BGR,2010,1.3997256594518073
BHR,2010,6.927973528505262
BHS,2010,1.2870966328886218
BIH,2010,1.1679986566504323
BLR,2010,1.9305000523739144
BLZ,2010,3.8487176855020215
BMU,2010,325.35237616518356
BOL,2010,2.3132367468793724
BRA,2010,2.2327651696277617
BRB,2010,1.1488486502813076
BRN,2010,5.863052925316799
BTN,2010,3.9675748018648225
BWA,2010,2.46435116297077
CAF,2010,1.185316087584969
CAN,2010,4.181142364500684
CHE,2010,1.2078125784833766
CHL,2010,1.27381341547158
CHN,2010,1.40023311649448
CIV,2010,0.4654775241977014
CMR,2010,0.7616140748530413
COD,2010,2.106677573225315
COG,2010,1.8862199192707505
COL,2010,0.7302657290934256
COM,2010,0.1548732202513172
CPV,2010,0.290354706314001
CRI,2010,0.7126394653999047
CUB,2010,0.7244640224102431
CUW,2010,8.617548888751031
CYP,2010,1.3448866160816049
CZE,2010,2.3125737324302387
DEU,2010,2.0618004289002347
DJI,2010,0.3460637592078681
DMA,2010,0.4978529183346085
DNK,2010,2.1988809509322693
DOM,2010,0.6091692501486939
DZA,2010,0.9104189299633282
ECU,2010,0.966182985695674
EGY,2010,0.55258140837067
ERI,2010,0.5785997520700904
ESP,2010,1.2684163092449885
EST,2010,3.019118679818778
ETH,2010,0.5727034136304306
FIN,2010,3.3713593731744393
FJI,2010,0.6070709580846908
FRA,2010,1.2155144448198985
FSM,2010,0.0714201127158391
GAB,2010,2.990512365831019
GBR,2010,1.7241855433396147
GEO,2010,0.215437535237661
GHA,2010,0.3186641297415731
GIN,2010,1.2661748300634152
GMB,2010,0.3465115271803725
GNB,2010,0.6249015350819331
GNQ,2010,2.4200918282582986
GRC,2010,1.8093375301705896
GRD,2010,0.4416313675006634
GRL,2010,271.586935855434
GTM,2010,0.6686594835776998
GUY,2010,1.792756774592132
HKG,2010,1.146690265341423
HND,2010,0.6837341911287239
HRV,2010,0.8912909338542798
HTI,2010,0.4461528648144402
HUN,2010,1.10600932169606
IDN,2010,1.195398391256374
IND,2010,0.4089602993291257
IRL,2010,2.884546207250048
IRN,2010,1.679230762937154
IRQ,2010,1.249204598074637
ISL,2010,3.1567886986360536
ISR,2010,1.8068391034712272
ITA,2010,1.4457343515319967
JAM,2010,0.6775453396334868
JOR,2010,0.6399828835059581
JPN,2010,1.7368856130348436
KAZ,2010,3.7386010973637864
KEN,2010,0.4330937778009105
KGZ,2010,0.4901833288026124
KHM,2010,0.7681587342209243
KIR,2010,0.1428402254316783
KNA,2010,0.9833491162898916
KOR,2010,2.2613867776635854
KWT,2010,7.487366252288704
LAO,2010,1.9642184523654915
LBN,2010,0.8317821492897707
LBR,2010,1.2176412270193604
LBY,2010,2.7208571653196887
LCA,2010,0.5254981787659166
LIE,2010,1.0111669947553712
LKA,2010,0.4549211577364049
LSO,2010,0.4237799931568765
LTU,2010,1.407634429392935
LUX,2010,4.326459576141025
LVA,2010,1.1178359091710148
MAC,2010,0.4382295556772627
MAR,2010,0.4704712640304987
MCO,2010,29.795171107066153
MDA,2010,0.4194976040822333
MDG,2010,0.5662604447636712
MDV,2010,0.5235875466567845
MEX,2010,1.0536808340215738
MHL,2010,0.0178550281789597
MKD,2010,1.0226080441478
MLI,2010,0.5071571273390707
MLT,2010,1.2474587126489132
MMR,2010,0.8852964173216283
MNE,2010,0.3257227933226229
MNG,2010,2.942998237793721
MOZ,2010,0.598636901578589
MRT,2010,0.6975169554587527
MUS,2010,0.663994569995051
MWI,2010,0.2328692149277667
MYS,2010,2.405861729397951
NAM,2010,1.4121968992592426
NCL,2010,2.6068341141281293
NER,2010,0.4204912389413637
NGA,2010,0.3979500133582456
NIC,2010,1.363778159089146
NLD,2010,2.3930543447846464
NOR,2010,2.3001451957311994
NPL,2010,0.3327759411513916
NRU,2010,0.0178550281789597
NZL,2010,3.5546309001325995
OMN,2010,4.906457099084966
PAK,2010,0.3188845857625484
PAN,2010,1.237907155086391
PER,2010,0.8088286877044233
PHL,2010,0.4587937662146618
PLW,2010,21.40817878657279
PNG,2010,0.1785502817896022
POL,2010,1.8847310914716149
PRK,2010,0.7319649925220876
PRT,2010,1.0663098280581031
PRY,2010,2.596304741065876
PSE,2010,3.218012685873494
PYF,2010,0.7142011271583918
QAT,2010,10.390674209729498
ROU,2010,1.0360603303123337
RUS,2010,3.0824542978193685
RWA,2010,0.1466293933845883
SAU,2010,4.829687774718397
SDN,2010,0.8052368672342664
SEN,2010,0.3241214049282019
SGP,2010,1.743357521734413
SLB,2010,0.1964053099685577
SLE,2010,1.1123249797204289
SLV,2010,0.2729635788119873
SMR,2010,205.75947712092537
SOM,2010,0.6101875627040282
SRB,2010,1.0499823330513791
SSD,2010,1.25614191561399
STP,2010,0.2563317430340979
SUR,2010,1.9386782014312716
SVK,2010,2.0736483718704055
SVN,2010,2.161255530060463
SWE,2010,1.4349324841572018
SWZ,2010,0.2759406145051868
SXM,2010,2.049994358003314
SYC,2010,1.0302890271472849
SYR,2010,0.6877178241422781
TCA,2010,1.7591456526565183
TCD,2010,1.1182073797557663
TGO,2010,0.2717799966699096
THA,2010,1.1951561778407382
TJK,2010,0.1978436935877311
TKM,2010,2.83358239187298
TLS,2010,0.808734689647649
TON,2010,0.3928106199371155
TTO,2010,7.39315244052088
TUN,2010,0.7318319636976565
TUR,2010,0.9706366143742402
TUV,2010,0.0535650845368793
TZA,2010,0.780812876325084
UGA,2010,0.3111295300674737
UKR,2010,1.527996900175746
URY,2010,3.1027239512811953
USA,2010,3.933149588584877
UZB,2010,1.0063049107069015
VCT,2010,0.4838893039523839
VEN,2010,1.8445648726965036
VGB,2010,1.4645316699634592
VNM,2010,0.7359513168283549
VUT,2010,0.4999407890108741
WSM,2010,0.4285206762950351
YEM,2010,0.3433075702994297
ZAF,2010,1.95938140351751
ZMB,2010,1.4936345543650624
ZWE,2010,0.6387763264156441
TWN,2010,2.2427555816742832
ABW,2011,4.371327801149218
AFG,2011,0.1979252461302677
AGO,2011,1.5057647608852582
ALB,2011,0.5959947972202001
AND,2011,1.40854243054758
ARE,2011,5.703620678197108
ARG,2011,2.0255184593369706
ARM,2011,0.5068046343631781
ATG,2011,1.2180546325376889
AUS,2011,6.849051424634804
AUT,2011,1.7484653366621323
AZE,2011,0.9062243997060144
BDI,2011,0.1367382466999159
BEL,2011,2.038851329166725
BEN,2011,0.5352182763644763
BFA,2011,0.5329762937137295
BGD,2011,0.1925260300065343
BGR,2011,1.5973410756126802
BHR,2011,6.964367599081416
BHS,2011,1.1850904191963223
BIH,2011,1.3176097465411494
BLR,2011,1.8810840951401453
BLZ,2011,3.702621558651277
BMU,2011,320.92471489861305
BOL,2011,2.1712877734929763
BRA,2011,2.1458850331120862
BRB,2011,1.1628485606259915
BRN,2011,6.6842507897283365
BTN,2011,3.3163743372702164
BWA,2011,2.612998735181578
CAF,2011,1.2001560045175208
CAN,2011,4.364566297872197
CHE,2011,1.0810894317183708
CHL,2011,1.2948420423801137
CHN,2011,1.5128361046591394
CIV,2011,0.8419616169989709
CMR,2011,0.6405704132555473
COD,2011,2.2804029454004735
COG,2011,1.894543568447019
COL,2011,1.1275125286246837
COM,2011,0.1471246927313629
CPV,2011,0.2972175151357136
CRI,2011,0.6248510198378711
CUB,2011,0.5557225784513151
CUW,2011,8.38140013240796
CYP,2011,1.2545911131284706
CZE,2011,2.2638723989344554
DEU,2011,2.01225360724176
DJI,2011,0.3002689100393336
DMA,2011,0.466802074374222
DNK,2011,1.8952097325999664
DOM,2011,0.561832146245385
DZA,2011,0.9146832061254814
ECU,2011,1.2303935740674588
EGY,2011,0.5751694966457267
ERI,2011,0.5301631875407304
ESP,2011,1.333993562262528
EST,2011,2.9711402700816505
ETH,2011,0.5223370002499504
FIN,2011,3.0306885559028154
FJI,2011,0.5108133473285423
FRA,2011,1.1256349175717737
FSM,2011,0.0704570134246189
GAB,2011,2.8925377933109844
GBR,2011,1.5679164940146826
GEO,2011,0.3317524286813085
GHA,2011,0.3329788035430707
GIN,2011,1.65248344278293
GMB,2011,0.2621115802293634
GNB,2011,0.5803227849984227
GNQ,2011,2.2809375498384994
GRC,2011,1.735697823099522
GRD,2011,0.3818970159927907
GRL,2011,266.24800045745434
GTM,2011,0.6232334636376599
GUY,2011,1.8073333980407351
HKG,2011,1.20238027887378
HND,2011,0.712916080509059
HRV,2011,0.9323087586113268
HTI,2011,0.39975770720545
HUN,2011,1.0743893528988533
IDN,2011,1.293318284660441
IND,2011,0.4120445676620955
IRL,2011,2.674702237806194
IRN,2011,1.6599222306471346
IRQ,2011,1.2734168884560573
ISL,2011,2.595089581458094
ISR,2011,1.768842293105417
ITA,2011,1.3970190759849548
JAM,2011,0.7397300597571657
JOR,2011,0.6519965461564902
JPN,2011,1.7956746985671843
KAZ,2011,3.41141168390609
KEN,2011,0.4208664559118644
KGZ,2011,0.5393913288555457
KHM,2011,0.8620137295945857
KIR,2011,0.1232997734930831
KNA,2011,0.9429632709966382
KOR,2011,2.333177978603369
KWT,2011,7.003332415488574
LAO,2011,1.9473666453823892
LBN,2011,0.8299681939788707
LBR,2011,1.2522659390772888
LBY,2011,1.9330351001358892
LCA,2011,0.528014416587778
LIE,2011,0.9119518701688394
LKA,2011,0.4034609754829844
LSO,2011,0.410793338132379
LTU,2011,1.5110570748893952
LUX,2011,4.130122008822364
LVA,2011,1.138503327074532
MAC,2011,0.4419587950898358
MAR,2011,0.5025795310201067
MCO,2011,28.715394471501888
MDA,2011,0.4303970147140598
MDG,2011,0.5208647315331192
MDV,2011,0.527003089649828
MEX,2011,1.0665041928382817
MHL,2011,0.0176142533561547
MKD,2011,1.4675832104457176
MLI,2011,0.5036234709330458
MLT,2011,1.2237409723062902
MMR,2011,0.8433487155800959
MNE,2011,0.3387438321239406
MNG,2011,3.5291508750110987
MOZ,2011,0.5525067272118663
MRT,2011,0.681375994810784
MUS,2011,0.6548363277844668
MWI,2011,0.2201749648895332
MYS,2011,2.671036496416481
NAM,2011,1.798088784472918
NCL,2011,2.536452483286282
NER,2011,0.518768952821638
NGA,2011,0.3889862805721588
NIC,2011,1.2514213438758028
NLD,2011,2.195203392864958
NOR,2011,2.1840503739652193
NPL,2011,0.3202178259025876
NRU,2011,0.0176142533561547
NZL,2011,3.5826362756883476
OMN,2011,4.726158860998556
PAK,2011,0.3143783494272096
PAN,2011,0.9455457655872066
PER,2011,0.8017936029230999
PHL,2011,0.4744943410601204
PLW,2011,24.025841577795056
PNG,2011,0.1761425335615551
POL,2011,1.8077221951428772
PRK,2011,0.5990335998026112
PRT,2011,1.0481568211283006
PRY,2011,2.554215869139252
PSE,2011,3.095456487655324
PYF,2011,0.6869558808900346
QAT,2011,11.325083274387014
ROU,2011,1.0350408520763492
RUS,2011,2.8074988817142428
RWA,2011,0.1446957329559609
SAU,2011,4.506919688247464
SDN,2011,1.0598582524924332
SEN,2011,0.3088329589356222
SGP,2011,1.772133162779464
SLB,2011,0.193756786917702
SLE,2011,0.8056404821835816
SLV,2011,0.2611424910395724
SMR,2011,207.02957500765555
SOM,2011,0.6079133519418217
SRB,2011,1.10760295760779
SSD,2011,1.352900032652683
STP,2011,0.2201200533602604
SUR,2011,1.77133964456638
SVK,2011,2.090980952958933
SVN,2011,2.1338644344171955
SWE,2011,1.288743735354284
SWZ,2011,0.2615744979011298
SXM,2011,1.9944349672244537
SYC,2011,0.9689340085669682
SYR,2011,0.6429659983211274
TCA,2011,1.6788531695226254
TCD,2011,1.2347932844206675
TGO,2011,0.3820574310682608
THA,2011,1.1536896597692936
TJK,2011,0.1851517119695676
TKM,2011,2.992250846682633
TLS,2011,0.8323166139867172
TON,2011,0.3875135738354042
TTO,2011,7.233279845981486
TUN,2011,0.6480490473963748
TUR,2011,1.0306444851703416
TUV,2011,0.0528427600684641
TZA,2011,0.6858096517432625
UGA,2011,0.2905137407005662
UKR,2011,1.5913281563887196
URY,2011,2.6424358254463822
USA,2011,3.680354185166864
UZB,2011,1.0477485299199367
VCT,2011,0.4510321026916866
VEN,2011,1.6942090846806528
VGB,2011,1.374292146213396
VNM,2011,0.7233748459195712
VUT,2011,0.5108133473284873
WSM,2011,0.4403563339038682
YEM,2011,0.2961795748497604
ZAF,2011,1.929194508636448
ZMB,2011,1.4602663917389562
ZWE,2011,0.5604772607218932
TWN,2011,2.249186573976934
ABW,2012,2.2990556759336185
AFG,2012,0.1762490265223425
AGO,2012,1.3979038450746455
ALB,2012,0.5838639651958117
AND,2012,1.390075628374173
ARE,2012,5.679154616310471
ARG,2012,1.7764004272250151
ARM,2012,0.5531806357425291
ATG,2012,1.2180062107520273
AUS,2012,6.092848806748748
AUT,2012,1.6571041032188236
AZE,2012,0.9472391039400072
BDI,2012,0.1205432499201148
BEL,2012,1.96263426990061
BEN,2012,0.6228632617803632
BFA,2012,0.5298932474999147
BGD,2012,0.1934623256557015
BGR,2012,1.470856402768816
BHR,2012,6.973156116550407
BHS,2012,1.1179097325513812
BIH,2012,1.28003077014308
BLR,2012,1.904125037589538
BLZ,2012,3.220846283039946
BMU,2012,317.36254768120847
BOL,2012,2.1134043458655594
BRA,2012,2.211735265533382
BRB,2012,1.091668356485882
BRN,2012,6.478766516682947
BTN,2012,3.478851877539823
BWA,2012,1.5164167030327786
CAF,2012,1.0275853668746908
CAN,2012,4.298455677830838
CHE,2012,1.0845013488870705
CHL,2012,1.309016908527321
CHN,2012,1.5065292638223895
CIV,2012,1.0011762132437625
CMR,2012,0.527879267708559
COD,2012,2.081099497246358
COG,2012,1.7468168701858275
COL,2012,1.8155658711598253
COM,2012,0.1498003769024064
CPV,2012,0.2572098474614935
CRI,2012,0.6238256067054113
CUB,2012,0.645941311533125
CUW,2012,8.208645463513873
CYP,2012,1.1134954145485594
CZE,2012,2.186438119487867
DEU,2012,2.007921575721249
DJI,2012,0.2922110892074968
DMA,2012,0.5108911460434925
DNK,2012,1.7402479086225595
DOM,2012,0.5641645370383602
DZA,2012,0.940005849984874
ECU,2012,0.8984455549609076
EGY,2012,0.540223927098476
ERI,2012,0.5084481192374194
ESP,2012,1.2150017368422654
EST,2012,2.8764177380824716
ETH,2012,0.5250568196012033
FIN,2012,2.8192585349392765
FJI,2012,0.4870589549276985
FRA,2012,1.1276856060683194
FSM,2012,0.0695798507039095
GAB,2012,2.6454741548786873
GBR,2012,1.5900123578293808
GEO,2012,0.4501664304645218
GHA,2012,0.3285125557009561
GIN,2012,1.2849385165455387
GMB,2012,0.2550803251207807
GNB,2012,0.5553185126941381
GNQ,2012,2.18546002110118
GRC,2012,1.661929930520255
GRD,2012,0.4041215004305988
GRL,2012,263.30357867147484
GTM,2012,0.5822203693120951
GUY,2012,2.129477882638623
HKG,2012,1.1651056034394458
HND,2012,0.5989084318431612
HRV,2012,1.223625838041292
HTI,2012,0.3829569982909721
HUN,2012,0.9924060256796032
IDN,2012,1.3247521947581749
IND,2012,0.4304288211764096
IRL,2012,2.6098875130786587
IRN,2012,1.633019360454428
IRQ,2012,1.3423929642106858
ISL,2012,2.5654527200817263
ISR,2012,1.8512040109693089
ITA,2012,1.28451002774624
JAM,2012,0.6520216998402182
JOR,2012,0.6986985818880173
JPN,2012,1.8328543722118305
KAZ,2012,3.3691703431939115
KEN,2012,0.3748602845116356
KGZ,2012,0.5830865736042374
KHM,2012,0.8945580747032237
KIR,2012,0.1217647387318417
KNA,2012,0.8839317244399887
KOR,2012,2.293875594022078
KWT,2012,7.385554612304552
LAO,2012,2.0734737403618055
LBN,2012,0.8731797881753063
LBR,2012,1.1982238928098785
LBY,2012,2.702761783232842
LCA,2012,0.5170502907389551
LIE,2012,0.9348303590494444
LKA,2012,0.3568071814965583
LSO,2012,0.3540806587311136
LTU,2012,1.5593052879201923
LUX,2012,3.89673688224556
LVA,2012,1.219765152726213
MAC,2012,0.3736899888130379
MAR,2012,0.5003277668329879
MCO,2012,27.73291563160351
MDA,2012,0.3091817229260775
MDG,2012,0.4864152272860787
MDV,2012,0.5652650105140813
MEX,2012,1.0589141221754117
MHL,2012,0.0173949626759774
MKD,2012,1.203879124024568
MLI,2012,0.5100098344808293
MLT,2012,1.2192227689124884
MMR,2012,0.7855324096850436
MNE,2012,0.1592765861727716
MNG,2012,4.170079212911205
MOZ,2012,0.5289923243565344
MRT,2012,0.6628192365745388
MUS,2012,0.6551425488813389
MWI,2012,0.2137390233577858
MYS,2012,2.6310096917007377
NAM,2012,1.864209675598474
NCL,2012,2.4874796626647684
NER,2012,0.5633321954302237
NGA,2012,0.3564385012325765
NIC,2012,1.1726953715368995
NLD,2012,2.128876252612578
NOR,2012,2.074713829799842
NPL,2012,0.2998121253239901
NRU,2012,0.0173949626759774
NZL,2012,3.5520749763289627
OMN,2012,4.391863881070183
PAK,2012,0.3077192819240465
PAN,2012,1.0092925990899584
PER,2012,0.7795613435523637
PHL,2012,0.4220143106461807
PLW,2012,36.44244680617265
PNG,2012,0.156554664083799
POL,2012,1.749999831204804
PRK,2012,0.5712277039755171
PRT,2012,1.0414799071353016
PRY,2012,2.475939641205913
PSE,2012,2.982407184836305
PYF,2012,0.6610085816871412
QAT,2012,11.76406359611814
ROU,2012,1.023558820589834
RUS,2012,3.0746263185488805
RWA,2012,0.1373620320305432
SAU,2012,4.735484511631759
SDN,2012,0.7880624933069156
SEN,2012,0.280099451623875
SGP,2012,1.6743893836271266
SLB,2012,0.1739496267597739
SLE,2012,0.8125161925742802
SLV,2012,0.2667295418893554
SMR,2012,199.26584869490375
SOM,2012,0.6451729894795739
SRB,2012,0.9448815294360288
SSD,2012,1.1293535877911005
STP,2012,0.1799741702865603
SUR,2012,2.4427575364917704
SVK,2012,2.026085470312131
SVN,2012,2.1070207988785272
SWE,2012,1.2324374036373769
SWZ,2012,0.2621944736423381
SXM,2012,1.927089489272544
SYC,2012,0.98101892491045
SYR,2012,0.4978480987479992
TCA,2012,1.591844562747021
TCD,2012,1.3127003720266472
TGO,2012,0.2784865339318504
THA,2012,1.1430766083040935
TJK,2012,0.2269960230830903
TKM,2012,3.0274811575311635
TLS,2012,0.8122048244541101
TON,2012,0.3652942161955253
TTO,2012,6.937692593145983
TUN,2012,0.6678394660163894
TUR,2012,1.050792277333721
TUV,2012,0.0521848880279322
TZA,2012,0.6430012994169904
UGA,2012,0.2761010462592256
UKR,2012,1.5961863416687505
URY,2012,2.7930291623470733
USA,2012,3.5311026845083955
UZB,2012,1.050721765384537
VCT,2012,0.4495277104132623
VEN,2012,1.7563047480673473
VGB,2012,1.2840572217561168
VNM,2012,0.6871381315683162
VUT,2012,0.4696639922513898
WSM,2012,0.434874066899435
YEM,2012,0.2572019765257157
ZAF,2012,1.8494186783007376
ZMB,2012,1.2866224161969126
ZWE,2012,0.4382891686166248
TWN,2012,2.1887094656788744
ABW,2013,1.4488954788675192
AFG,2013,0.1639486772031222
AGO,2013,1.3477838966033682
ALB,2013,0.6076020213565263
AND,2013,1.3711964242555454
ARE,2013,5.556961279538255
ARG,2013,1.6282326811432115
ARM,2013,0.5293466634692351
ATG,2013,1.207880168397734
AUS,2013,5.1552212918254625
AUT,2013,1.647051367952447
AZE,2013,0.93122319573934
BDI,2013,0.1308821073973081
BEL,2013,1.9367539907504496
BEN,2013,0.4720818781552324
BFA,2013,0.5036206359113592
BGD,2013,0.1940997979076058
BGR,2013,1.267196548401171
BHR,2013,7.558975625549153
BHS,2013,1.076078609287272
BIH,2013,1.2483011490088405
BLR,2013,1.947297120248797
BLZ,2013,3.1699894827707857
BMU,2013,313.8740124076357
BOL,2013,2.0897623491314588
BRA,2013,2.2240686925406696
BRB,2013,1.0607701432076906
BRN,2013,4.963862150260091
BTN,2013,2.4800036714180083
BWA,2013,1.689785396765442
CAF,2013,1.0962972887773228
CAN,2013,4.233383126465373
CHE,2013,1.0845884743255547
CHL,2013,1.273115817436665
CHN,2013,1.4996017898930427
CIV,2013,1.04896221713731
CMR,2013,0.5555369508353943
COD,2013,2.0424618698694568
COG,2013,1.595661716586668
COL,2013,1.2316003358441867
COM,2013,0.1508147406138514
CPV,2013,0.2459092205488167
CRI,2013,0.642969765117199
CUB,2013,0.6023234514048018
CUW,2013,8.017816308819162
CYP,2013,0.9771529120775844
CZE,2013,2.0970535568755455
DEU,2013,2.016105220361038
DJI,2013,0.3022183802706408
DMA,2013,0.4362934011046988
DNK,2013,1.821756720359076
DOM,2013,0.5605467863118588
DZA,2013,0.936310184954102
ECU,2013,0.9854551561966534
EGY,2013,0.5293908962499246
ERI,2013,0.4794157513806936
ESP,2013,1.1171585351552415
EST,2013,3.1056960173971344
ETH,2013,0.5003198830376582
FIN,2013,2.81136316016359
FJI,2013,0.5155287196277507
FRA,2013,1.1260224069294733
FSM,2013,0.0687371626169809
GAB,2013,2.586187421435885
GBR,2013,1.5251651257777417
GEO,2013,0.353700739512753
GHA,2013,0.3301549204242335
GIN,2013,1.4836205421175994
GMB,2013,0.2379378400995414
GNB,2013,0.5362070395124091
GNQ,2013,2.3178441359407804
GRC,2013,1.4264018875406097
GRD,2013,0.4512339400076734
GRL,2013,261.6205799868734
GTM,2013,0.6581862436616563
GUY,2013,1.8464576109552928
HKG,2013,1.1844375682384731
HND,2013,0.5737003542313096
HRV,2013,0.93577776190559
HTI,2013,0.3078841106708037
HUN,2013,0.9475547491976282
IDN,2013,1.328777826379829
IND,2013,0.4143831408408727
IRL,2013,2.497210187279757
IRN,2013,1.6220674614419923
IRQ,2013,1.328892265876968
ISL,2013,2.4818615750747695
ISR,2013,1.5577694338348584
ITA,2013,1.175190553449036
JAM,2013,0.6547926220498761
JOR,2013,0.6561450972042804
JPN,2013,1.8216602076811157
KAZ,2013,3.3140477998330757
KEN,2013,0.333713774878238
KGZ,2013,0.5757197677279472
KHM,2013,0.9061105778666942
KIR,2013,0.1374743252339619
KNA,2013,0.8543041095186612
KOR,2013,2.2753174981687856
KWT,2013,6.0479831930729695
LAO,2013,2.187639968335241
LBN,2013,0.7895855901685866
LBR,2013,1.1741970799189985
LBY,2013,2.099768930270314
LCA,2013,0.5005547001132757
LIE,2013,0.9478680763211198
LKA,2013,0.3297614036550916
LSO,2013,0.4156309042638317
LTU,2013,1.5414649646223122
LUX,2013,3.6031475158976742
LVA,2013,1.1212304237731463
MAC,2013,0.3120985378157397
MAR,2013,0.4512789953889231
MCO,2013,26.828184185006677
MDA,2013,0.3421764866642924
MDG,2013,0.4762918586107893
MDV,2013,0.5364855907004352
MEX,2013,1.0270868495406444
MHL,2013,0.0171842906542452
MKD,2013,1.0135134675072133
MLI,2013,0.4971054448073451
MLT,2013,1.0598347852951326
MMR,2013,0.7694879791793601
MNE,2013,0.1846535576182938
MNG,2013,4.569913284182823
MOZ,2013,0.525160680563973
MRT,2013,0.6284570769416827
MUS,2013,0.7467887666988252
MWI,2013,0.2350984881006105
MYS,2013,2.9165313321972066
NAM,2013,1.200416661981379
NCL,2013,2.6463807607537677
NER,2013,0.4599328350240534
NGA,2013,0.3417116912671598
NIC,2013,1.0668665344862336
NLD,2013,2.083853572219218
NOR,2013,2.051848329613025
NPL,2013,0.2982119505325838
NRU,2013,0.0171842906542452
NZL,2013,3.5528359417529507
OMN,2013,4.1883737064092905
PAK,2013,0.3028292520698921
PAN,2013,1.010079852898237
PER,2013,0.7750298656872147
PHL,2013,0.4191363244540945
PLW,2013,18.318453837425427
PNG,2013,0.1718429065424656
POL,2013,1.7204485253910535
PRK,2013,0.4870457816350999
PRT,2013,0.9762413121055348
PRY,2013,2.4925708828451025
PSE,2013,2.876393466651341
PYF,2013,0.6873716261698096
QAT,2013,10.33850072772567
ROU,2013,0.9146149003971336
RUS,2013,2.8340815129746435
RWA,2013,0.1343193161509235
SAU,2013,4.286554245040248
SDN,2013,0.6586231107653909
SEN,2013,0.276297760607571
SGP,2013,1.6782746029818134
SLB,2013,0.1890271971966976
SLE,2013,0.6179796636140762
SLV,2013,0.2446565227042224
SMR,2013,199.4024707738151
SOM,2013,0.5957675746500954
SRB,2013,0.9897109485605948
SSD,2013,0.9734754782816858
STP,2013,0.2428868716532893
SUR,2013,2.5077914588740726
SVK,2013,2.07304383992735
SVN,2013,1.986415850550642
SWE,2013,1.1533246757498292
SWZ,2013,0.2592873880787077
SXM,2013,1.8596264778956753
SYC,2013,0.9437614184923844
SYR,2013,0.3908772902964598
TCA,2013,1.5216826478962002
TCD,2013,1.265085844309817
TGO,2013,0.2264839372299889
THA,2013,1.1119272163088745
TJK,2013,0.2377271426748744
TKM,2013,2.838037200213011
TLS,2013,0.7379770370593309
TON,2013,0.3780543943933954
TTO,2013,6.739467856625087
TUN,2013,0.6216282429391555
TUR,2013,1.033942089028493
TUV,2013,0.0515528719627357
TZA,2013,0.6149604588906806
UGA,2013,0.2620361708864501
UKR,2013,1.5422425467014482
URY,2013,2.724552941306715
USA,2013,3.516260652771682
UZB,2013,0.992170348672132
VCT,2013,0.5832186313504419
VEN,2013,1.822435043751608
VGB,2013,1.2358509507516369
VNM,2013,0.7028242155736079
VUT,2013,0.4639758476646216
WSM,2013,0.429607266356131
YEM,2013,0.293551522965236
ZAF,2013,1.776473181776605
ZMB,2013,1.1475836469868943
ZWE,2013,0.3391534341808695
TWN,2013,2.168503973254749
ABW,2014,1.432550450712522
AFG,2014,0.158935553534951
AGO,2014,1.257983899897812
ALB,2014,0.6639026212389354
AND,2014,1.3380597886952064
ARE,2014,5.241306808021359
ARG,2014,1.7740006242640165
ARM,2014,0.5155746040657726
ATG,2014,1.1976155524857215
AUS,2014,4.855030669860173
AUT,2014,1.529971414193076
AZE,2014,0.9275732357995222
BDI,2014,0.1261084273983521
BEL,2014,1.8212401216645349
BEN,2014,0.4448995222819646
BFA,2014,0.491230435653145
BGD,2014,0.1939907674587714
BGR,2014,1.3309971577825574
BHR,2014,7.166917443344797
BHS,2014,1.0763071851966328
BIH,2014,1.218130623715624
BLR,2014,1.8886598911267305
BLZ,2014,4.185074587647752
BMU,2014,310.39600236151057
BOL,2014,1.8146451627206852
BRA,2014,2.2306406475491443
BRB,2014,0.9334438035509716
BRN,2014,5.661972999861278
BTN,2014,1.7057379362210965
BWA,2014,1.2231840242193508
CAF,2014,1.0074836377806702
CAN,2014,4.217378557843527
CHE,2014,0.9726664988971166
CHL,2014,1.200085386239623
CHN,2014,1.472134032824034
CIV,2014,1.7015427206411096
CMR,2014,0.4886653286083935
COD,2014,1.695820442964498
COG,2014,1.2289267964414
COL,2014,1.0258923285079622
COM,2014,0.1420120123500409
CPV,2014,0.2406440209716921
CRI,2014,0.5905558738571197
CUB,2014,0.603780847344229
CUW,2014,7.817296988760845
CYP,2014,1.151480554245126
CZE,2014,2.0608422106437447
DEU,2014,1.8992278952668848
DJI,2014,0.302981990169021
DMA,2014,0.4440139439328221
DNK,2014,1.6170917458780107
DOM,2014,0.7687945036162925
DZA,2014,0.9662209046741452
ECU,2014,1.545828323222471
EGY,2014,0.526622038748207
ERI,2014,0.5004837614456944
ESP,2014,1.1122859344061051
EST,2014,3.0766508624591724
ETH,2014,0.4201492666009165
FIN,2014,2.676822797274579
FJI,2014,0.4585097926428063
FRA,2014,1.0286874980652727
FSM,2014,0.0679273766877923
GAB,2014,2.1911431221784374
GBR,2014,1.389001433490531
GEO,2014,0.4092721357648158
GHA,2014,0.3213831398592202
GIN,2014,1.4060402924151878
GMB,2014,0.2632955962735068
GNB,2014,0.5237571129616037
GNQ,2014,2.015507327134452
GRC,2014,1.3804630729712035
GRD,2014,0.3585869384081143
GRL,2014,259.40185523299766
GTM,2014,0.8760606449012891
GUY,2014,2.3404863797008324
HKG,2014,1.1913481882742676
HND,2014,0.5186859565256818
HRV,2014,0.9241076493930234
HTI,2014,0.2829206423836094
HUN,2014,0.9464409924085928
IDN,2014,1.4065015266027805
IND,2014,0.4162865474652769
IRL,2014,2.412263793059761
IRN,2014,1.642194806556918
IRQ,2014,1.254089744480001
ISL,2014,2.4234138286713995
ISR,2014,1.4474987712762486
ITA,2014,1.0953386331609571
JAM,2014,0.5536918977413979
JOR,2014,0.6306977549333246
JPN,2014,1.734684254490757
KAZ,2014,3.766609245184815
KEN,2014,0.3162248705189796
KGZ,2014,0.5866449403982633
KHM,2014,0.9955322042855768
KIR,2014,0.1358547533755847
KNA,2014,0.854700050702223
KOR,2014,2.226176881518818
KWT,2014,5.334082251738359
LAO,2014,2.173863485386588
LBN,2014,0.762833026657381
LBR,2014,1.1693057361479546
LBY,2014,2.2330500531742845
LCA,2014,0.4885725074450145
LIE,2014,0.7887293389569964
LKA,2014,0.3286442082963764
LSO,2014,0.3123545954133409
LTU,2014,1.3372700809131026
LUX,2014,3.3153606033863343
LVA,2014,1.1442278775010966
MAC,2014,0.37749571570906
MAR,2014,0.4384526385953305
MCO,2014,26.01237977401482
MDA,2014,0.3435807531355617
MDG,2014,0.4276465296381719
MDV,2014,0.6117482554199334
MEX,2014,0.9862403123647122
MHL,2014,0.016981844171948
MKD,2014,0.9567113915757476
MLI,2014,0.4855020349557676
MLT,2014,1.0216975969059918
MMR,2014,0.7518177590267213
MNE,2014,0.1336780071379686
MNG,2014,3.7938617949933935
MOZ,2014,0.541890491296514
MRT,2014,0.6360280926468908
MUS,2014,0.7058219353935943
MWI,2014,0.2348733406432817
MYS,2014,2.799718031500325
NAM,2014,1.1133749995245623
NCL,2014,3.1076774834665013
NER,2014,0.473710503702395
NGA,2014,0.3402956784792931
NIC,2014,0.9728077588557122
NLD,2014,1.9790157547241
NOR,2014,2.0275478976435988
NPL,2014,0.2986020256735008
NRU,2014,0.016981844171948
NZL,2014,3.4126118470815148
OMN,2014,4.008115734909906
PAK,2014,0.2996906331939302
PAN,2014,0.933715402759982
PER,2014,0.9343507953086438
PHL,2014,0.3982194673982321
PLW,2014,12.668455752273276
PNG,2014,0.1868002858914427
POL,2014,1.6220651333349456
PRK,2014,0.498987915176532
PRT,2014,0.958657839363063
PRY,2014,2.4485112574288683
PSE,2014,2.776651262605262
PYF,2014,0.6622919227059756
QAT,2014,9.11524849911269
ROU,2014,0.916520709713856
RUS,2014,2.6701944551588737
RWA,2014,0.1252185631077951
SAU,2014,4.160628674293992
SDN,2014,0.6358461628795478
SEN,2014,0.4175473238189527
SGP,2014,1.6639631878968606
SLB,2014,0.1698184417194809
SLE,2014,0.5237998088923725
SLV,2014,0.2721027675814427
SMR,2014,199.38260773311583
SOM,2014,0.5560811392840012
SRB,2014,0.7962322588515752
SSD,2014,0.8949910313082942
STP,2014,0.2019521330424234
SUR,2014,2.156033941044867
SVK,2014,2.095116783875677
SVN,2014,1.778581299224287
SWE,2014,1.0898135990614213
SWZ,2014,0.25167166023699
SXM,2014,1.796726532154194
SYC,2014,1.0074715727181631
SYR,2014,0.4087639017658799
TCA,2014,1.5455658461773014
TCD,2014,1.1246403431393046
TGO,2014,0.1901024784352625
THA,2014,1.1085737142715215
TJK,2014,0.2797739292936825
TKM,2014,2.734298956773023
TLS,2014,0.6734385447361716
TON,2014,0.390582415954806
TTO,2014,6.795550003540994
TUN,2014,0.6218985909987556
TUR,2014,1.0468903961668414
TUV,2014,0.0509455325158442
TZA,2014,0.6255100600256838
UGA,2014,0.2467521767404818
UKR,2014,1.3517431794373636
URY,2014,2.659144776118727
USA,2014,3.512208078963404
UZB,2014,0.9395502283354724
VCT,2014,0.5148166829455598
VEN,2014,1.6309409466556335
VGB,2014,1.1952514555827791
VNM,2014,1.0745418793739423
VUT,2014,0.4585097926425985
WSM,2014,0.4245461042987023
YEM,2014,0.2712033354348007
ZAF,2014,1.804479311378851
ZMB,2014,1.0607379358636633
ZWE,2014,0.30408052315309
TWN,2014,2.155608658818851
ABW,2015,1.44217594900444
AFG,2015,0.1523690832817527
AGO,2015,1.2611347564502235
ALB,2015,0.6226846099639293
AND,2015,1.3467342238718538
ARE,2015,5.164106489718056
ARG,2015,1.5946833904949322
ARM,2015,0.511903068487384
ATG,2015,1.1922754350153375
AUS,2015,4.496896704128306
AUT,2015,1.5275088939423065
AZE,2015,0.9453097085940424
BDI,2015,0.1189509103597449
BEL,2015,1.8622193820939723
BEN,2015,0.3110659495708087
BFA,2015,0.4667225003658048
BGD,2015,0.2039392469103097
BGR,2015,1.4288321635249552
BHR,2015,6.972740123069372
BHS,2015,1.1305001264158834
BIH,2015,1.23099993792041
BLR,2015,1.790123895716123
BLZ,2015,4.934942487634041
BMU,2015,307.1566724965076
BOL,2015,1.6439010789432045
BRA,2015,2.1791373964916025
BRB,2015,0.8899459795622424
BRN,2015,4.590367678831534
BTN,2015,1.559247853311865
BWA,2015,0.9924154753007708
CAF,2015,1.008481405173679
CAN,2015,4.1372359397899245
CHE,2015,0.941769696012204
CHL,2015,1.1902967583627764
CHN,2015,1.4410208909424027
CIV,2015,0.7562950091145381
CMR,2015,0.5325152230235937
COD,2015,1.3693589755858429
COG,2015,1.4158844920690323
COL,2015,0.9075121755683072
COM,2015,0.1404569665690852
CPV,2015,0.2381850415567299
CRI,2015,0.6383910153129814
CUB,2015,0.5875044072857856
CUW,2015,7.626494212946
CYP,2015,1.0300951363500035
CZE,2015,2.097127121879338
DEU,2015,1.8724890907328933
DJI,2015,0.3091558496047582
DMA,2015,0.438699952112848
DNK,2015,1.551620575288159
DOM,2015,0.6519773552710557
DZA,2015,0.9692230793096176
ECU,2015,0.9895527426458676
EGY,2015,0.5068892889103521
ERI,2015,0.5161834014862561
ESP,2015,1.1555989027376663
EST,2015,2.696898251266755
ETH,2015,0.3624111990383753
FIN,2015,2.568267086970563
FJI,2015,0.4700479247780931
FRA,2015,1.0278237968849109
FSM,2015,0.0671497035397079
GAB,2015,2.5014304144342314
GBR,2015,1.3322723257884128
GEO,2015,0.3930895750925396
GHA,2015,0.3145528866207946
GIN,2015,1.1362510247708917
GMB,2015,0.2529589480123363
GNB,2015,0.5916382726900425
GNQ,2015,2.0274141829624797
GRC,2015,1.2831403939184212
GRD,2015,0.3806141415885638
GRL,2015,257.2592092341734
GTM,2015,0.7997068938904609
GUY,2015,2.557115536341938
HKG,2015,1.097135515297154
HND,2015,0.6280946942955485
HRV,2015,0.9492074322087756
HTI,2015,0.2584818078055103
HUN,2015,1.001599402062228
IDN,2015,1.6805293900317166
IND,2015,0.4159391059859731
IRL,2015,2.498321712210053
IRN,2015,1.6034817948356588
IRQ,2015,1.2633609485633577
ISL,2015,2.4383290170359304
ISR,2015,1.4572032955709031
ITA,2015,1.125751593056713
JAM,2015,0.5456371354846424
JOR,2015,0.5736731447154623
JPN,2015,1.6632598287278224
KAZ,2015,3.6125304306360646
KEN,2015,0.3250958798371857
KGZ,2015,0.5725200740585759
KHM,2015,0.9573073792003866
KIR,2015,0.1342994070794158
KNA,2015,0.8485160151661012
KOR,2015,2.2088839938488816
KWT,2015,5.864168770403747
LAO,2015,1.8902512536644165
LBN,2015,0.7892786463778565
LBR,2015,1.0168081324188667
LBY,2015,1.9388831943427909
LCA,2015,0.4779816523652059
LIE,2015,0.76115175773126
LKA,2015,0.3624626999484229
LSO,2015,0.6536740287254211
LTU,2015,1.3985345535371476
LUX,2015,3.045646784342023
LVA,2015,1.3266766609490404
MAC,2015,0.489861735264007
MAR,2015,0.5336406307849965
MCO,2015,25.274536781343933
MDA,2015,0.3414337928724091
MDG,2015,0.4327861923197389
MDV,2015,0.5661757913702675
MEX,2015,0.9486524434618282
MHL,2015,0.0167874258849269
MKD,2015,0.8928165144640436
MLI,2015,0.5206055134689301
MLT,2015,0.7187808750873691
MMR,2015,0.7649937043796413
MNE,2015,0.2166116001295306
MNG,2015,3.309883725818868
MOZ,2015,0.444872693388459
MRT,2015,0.637979573005333
MUS,2015,0.6849872836988794
MWI,2015,0.2183715082733284
MYS,2015,2.3632782916900923
NAM,2015,1.0881459140338032
NCL,2015,2.921012103977293
NER,2015,0.5016401097467998
NGA,2015,0.3193356570031163
NIC,2015,1.099366700635037
NLD,2015,2.017780465623066
NOR,2015,2.020402772478686
NPL,2015,0.2955034217736617
NRU,2015,0.0167874258849269
NZL,2015,3.245020276710904
OMN,2015,3.907376423416285
PAK,2015,0.2996445612248236
PAN,2015,0.9014259318848132
PER,2015,0.774845397644258
PHL,2015,0.3915036579357406
PLW,2015,11.83513524887352
PNG,2015,0.2014491106191325
POL,2015,1.6119395579333606
PRK,2015,0.4329422809533508
PRT,2015,1.0182589831337403
PRY,2015,2.4398734937784696
PSE,2015,2.6827065260789644
PYF,2015,0.6714970353970788
QAT,2015,8.406898394882981
ROU,2015,0.8675224621038625
RUS,2015,2.9442729051910974
RWA,2015,0.1283428011991486
SAU,2015,4.149581633924581
SDN,2015,0.6000148284352207
SEN,2015,0.3506034133816471
SGP,2015,1.6812593366348831
SLB,2015,0.1510868329643427
SLE,2015,0.4454682396352533
SLV,2015,0.2465307277758917
SMR,2015,195.6500314399794
SOM,2015,0.525242235242461
SRB,2015,0.9742332946137668
SSD,2015,0.9430982757108805
STP,2015,0.3260410437431834
SUR,2015,1.825288050525134
SVK,2015,2.277682908067424
SVN,2015,1.7924487420959834
SWE,2015,1.076026335077552
SWZ,2015,0.2370895796449087
SXM,2015,1.738283270623059
SYC,2015,1.0512469778826878
SYR,2015,0.3826916985499906
TCA,2015,1.4996553105780963
TCD,2015,1.1181897687609663
TGO,2015,0.1938511699829273
THA,2015,1.061363163441693
TJK,2015,0.3004274616535579
TKM,2015,2.727004343833708
TLS,2015,0.6538722935837754
TON,2015,0.4028982212382474
TTO,2015,6.547840770058575
TUN,2015,0.6371182668146824
TUR,2015,1.083765093994767
TUV,2015,0.0503622776547809
TZA,2015,0.5883106243551439
UGA,2015,0.2446137425120531
UKR,2015,1.186778558124911
URY,2015,2.2736679154735815
USA,2015,3.3389588465247506
UZB,2015,0.8907843298807943
VCT,2015,0.4127798249566001
VEN,2015,1.5236467054676772
VGB,2015,1.16302243216927
VNM,2015,0.9414337644744428
VUT,2015,0.4028982212382474
WSM,2015,0.4700479247779554
YEM,2015,0.1565798081192953
ZAF,2015,1.6706501746298352
ZMB,2015,1.0034524691853914
ZWE,2015,0.3662008271300098
TWN,2015,2.1205808919428604
ABW,2016,1.414681714581854
AFG,2016,0.1453923499296731
AGO,2016,1.1441262166453217
ALB,2016,0.5866331578164499
AND,2016,1.367729106544696
ARE,2016,5.007921749869384
ARG,2016,1.5909773729639962
ARM,2016,0.5246740041109677
ATG,2016,1.2208999335067852
AUS,2016,4.717382564725523
AUT,2016,1.528985723431085
AZE,2016,0.976419060761518
BDI,2016,0.1233616315522104
BEL,2016,1.8274514149469352
BEN,2016,0.4571881317867454
BFA,2016,0.4653443841958284
BGD,2016,0.2045106051345723
BGR,2016,1.38444564816988
BHR,2016,6.648196953862111
BHS,2016,1.138321061789498
BIH,2016,1.4582219555066769
BLR,2016,1.790554080328592
BLZ,2016,3.831313424338216
BMU,2016,308.3215446606688
BOL,2016,1.52393726443537
BRA,2016,2.0826500356342654
BRB,2016,0.9255129989911904
BRN,2016,4.8390261349283215
BTN,2016,1.3597241444369428
BWA,2016,0.9453418959450974
CAF,2016,1.0871700846607155
CAN,2016,3.948881836691157
CHE,2016,0.9443496430943692
CHL,2016,1.1966125595906043
CHN,2016,1.4056583783404892
CIV,2016,1.099170957908827
CMR,2016,0.5140221886746156
COD,2016,1.4108891828776262
COG,2016,1.260048561305079
COL,2016,0.823811401402615
COM,2016,0.1451355959002382
CPV,2016,0.2560490673353395
CRI,2016,0.6123737731962287
CUB,2016,0.7262331779093669
CUW,2016,7.572884073488101
CYP,2016,1.1533164353339236
CZE,2016,2.0728817748751993
DEU,2016,1.8559266776372267
DJI,2016,0.3013361210856927
DMA,2016,0.4792298714838912
DNK,2016,1.604120199771432
DOM,2016,0.6405823523506274
DZA,2016,0.9524984834748766
ECU,2016,0.9077968206750134
EGY,2016,0.5318500033306729
ERI,2016,0.5365176880961544
ESP,2016,1.1243374978069631
EST,2016,2.8047998117141417
ETH,2016,0.3422269890445444
FIN,2016,2.7168794599264197
FJI,2016,0.4717190324072398
FRA,2016,1.040246108254095
FSM,2016,0.0842355415012821
GAB,2016,2.223734938661751
GBR,2016,1.263481849661774
GEO,2016,0.4103412235745861
GHA,2016,0.3053819872415861
GIN,2016,1.211989653227485
GMB,2016,0.2235934775280946
GNB,2016,0.5047070453996658
GNQ,2016,1.851054390132694
GRC,2016,1.2077701930710114
GRD,2016,0.4097272929793972
GRL,2016,257.84297457652286
GTM,2016,0.7223890621766013
GUY,2016,1.3785738769538638
HKG,2016,1.1179585470082236
HND,2016,0.6928120422019237
HRV,2016,0.9077304243553638
HTI,2016,0.2547244414934629
HUN,2016,1.0215887216695487
IDN,2016,1.1146912691076605
IND,2016,0.421823321973117
IRL,2016,2.588727147723461
IRN,2016,1.6492359963923895
IRQ,2016,1.420693150099412
ISL,2016,2.398701082522448
ISR,2016,1.4498251579013108
ITA,2016,1.126948679780705
JAM,2016,0.5537530219283486
JOR,2016,0.53000951223564
JPN,2016,1.6431710865357712
KAZ,2016,3.553942064134995
KEN,2016,0.307449476851427
KGZ,2016,0.5495812483603402
KHM,2016,0.988596306679252
KIR,2016,0.1347768664020515
KNA,2016,0.8982738573264716
KOR,2016,2.2171048211605573
KWT,2016,6.143913988168775
LAO,2016,1.7838597206823688
LBN,2016,0.833661505041463
LBR,2016,1.0112286513751425
LBY,2016,1.818904439890933
LCA,2016,0.4814939347738479
LIE,2016,0.7191601538713771
LKA,2016,0.3709636497384547
LSO,2016,0.7150299482963945
LTU,2016,1.3427566738197558
LUX,2016,2.931673685942214
LVA,2016,1.2062284583175968
MAC,2016,0.4866942397851859
MAR,2016,0.5096011797000798
MCO,2016,25.011239761138295
MDA,2016,0.3688328339207427
MDG,2016,0.423082660665551
MDV,2016,0.6088107477647777
MEX,2016,0.8997979002759223
MHL,2016,0.0168471083002564
MKD,2016,0.8531756512741023
MLI,2016,0.5243935732634456
MLT,2016,0.5867696161605689
MMR,2016,0.7720382791284234
MNE,2016,0.1355089921217134
MNG,2016,3.740134226334765
MOZ,2016,0.3993076571959039
MRT,2016,0.6179577914683533
MUS,2016,0.6972153161224728
MWI,2016,0.2134945505686784
MYS,2016,2.115830165524634
NAM,2016,1.115721289950464
NCL,2016,3.1335621438476977
NER,2016,0.4931946820300133
NGA,2016,0.3138998888267151
NIC,2016,1.0881333794160375
NLD,2016,2.026433331753392
NOR,2016,1.98849548396556
NPL,2016,0.3223044734922757
NRU,2016,0.0168471083002564
NZL,2016,3.1606777649667666
OMN,2016,3.718093287142018
PAK,2016,0.3260032458046489
PAN,2016,0.8882489021638262
PER,2016,0.8036115612871337
PHL,2016,0.4041842416193946
PLW,2016,11.371798102673091
PNG,2016,0.2190124079033426
POL,2016,1.680713721866693
PRK,2016,0.4568748270035944
PRT,2016,1.0301820888518158
PRY,2016,2.332289400584679
PSE,2016,2.6324474711593253
PYF,2016,0.6738843320102573
QAT,2016,7.865207144331212
ROU,2016,0.8672269662227274
RUS,2016,2.9574396923229194
RWA,2016,0.1238460412318969
SAU,2016,4.121076544729472
SDN,2016,0.6072732883217323
SEN,2016,0.3363590032890362
SGP,2016,1.6493529170026895
SLB,2016,0.1516239747023079
SLE,2016,0.4406469809933082
SLV,2016,0.2305039137198132
SMR,2016,195.1355343439267
SOM,2016,0.5093439599389498
SRB,2016,1.0252446543657845
SSD,2016,0.9932389048334398
STP,2016,0.2803867520478244
SUR,2016,1.9319125071029075
SVK,2016,2.0185019639492325
SVN,2016,1.8733766572245425
SWE,2016,1.0767591959747158
SWZ,2016,0.2494441384615428
SXM,2016,1.7089801094144936
SYC,2016,1.151291134094438
SYR,2016,0.3692545215736996
TCA,2016,1.4817892462968598
TCD,2016,1.0848603893797144
TGO,2016,0.2009229986196788
THA,2016,1.0661228780736547
TJK,2016,0.3188656027735864
TKM,2016,2.579418693926876
TLS,2016,0.6236510059436734
TON,2016,0.4211777075064108
TTO,2016,5.786820776380429
TUN,2016,0.6529480260020369
TUR,2016,1.1195539764305178
TUV,2016,0.0505413249007693
TZA,2016,0.5689810222676853
UGA,2016,0.2448442024802171
UKR,2016,1.2395598173842166
URY,2016,2.203550832739977
USA,2016,3.2729520953921933
UZB,2016,0.9249693683113251
VCT,2016,0.4451416969009636
VEN,2016,1.4058258411336535
VGB,2016,1.2084087953723106
VNM,2016,0.865658906610596
VUT,2016,0.3537892743053851
WSM,2016,0.47171903240718
YEM,2016,0.1309613168311346
ZAF,2016,1.6529125905623243
ZMB,2016,1.0197753617263712
ZWE,2016,0.3005186666596546
TWN,2016,2.154261351891225
ABW,2017,1.4300985836679654
AFG,2017,0.1594998255200671
AGO,2017,1.0815112243934153
ALB,2017,0.643344095498419
AND,2017,1.3473681052409936
ARE,2017,4.268462654686593
ARG,2017,1.512847261487371
ARM,2017,0.5183490649843604
ATG,2017,1.246173043329948
AUS,2017,4.923005750242893
AUT,2017,1.5755634558699694
AZE,2017,0.9287865462561384
BDI,2017,0.1278389989026918
BEL,2017,1.81970947809392
BEN,2017,0.6382584890803479
BFA,2017,0.4840533395629214
BGD,2017,0.2134830306502969
BGR,2017,1.4682656629587016
BHR,2017,6.405513039633157
BHS,2017,1.2617743989451302
BIH,2017,1.4348871502911482
BLR,2017,1.82005763442579
BLZ,2017,3.581996202246202
BMU,2017,308.70519150057584
BOL,2017,1.9594645443377745
BRA,2017,2.0074958425600022
BRB,2017,0.9489712393651876
BRN,2017,5.300687538422654
BTN,2017,1.2866085625678825
BWA,2017,1.2641279111753263
CAF,2017,1.788187613650073
CAN,2017,4.063538810840286
CHE,2017,0.9237681993454988
CHL,2017,1.172327099025907
CHN,2017,1.431215488066364
CIV,2017,1.5184730886312532
CMR,2017,0.535394053754244
COD,2017,1.4173851220459068
COG,2017,1.3845002656145238
COL,2017,1.0881291073991668
COM,2017,0.159492320976841
CPV,2017,0.2629805489074353
CRI,2017,0.6192724073583334
CUB,2017,0.6177241576281587
CUW,2017,7.573484162475774
CYP,2017,1.1978643725785645
CZE,2017,2.0293168757043047
DEU,2017,1.8231517487986029
DJI,2017,0.2972380614024995
DMA,2017,0.454046278600608
DNK,2017,1.5553818342776116
DOM,2017,0.6088871144931887
DZA,2017,0.9633051190847962
ECU,2017,0.8475529382671196
EGY,2017,0.5364382605726558
ERI,2017,0.5610967497771202
ESP,2017,1.1631873876040186
EST,2017,3.010104985174307
ETH,2017,0.3299958840940719
FIN,2017,2.728453900734741
FJI,2017,0.4732662549855778
FRA,2017,1.080259280588678
FSM,2017,0.0676094649978853
GAB,2017,2.4448835116017125
GBR,2017,1.219180251115557
GEO,2017,0.3910934947171647
GHA,2017,0.298705582766042
GIN,2017,1.197527271761382
GMB,2017,0.2131027322504567
GNB,2017,0.5755768828614134
GNQ,2017,1.7463875890961418
GRC,2017,1.2620810154330322
GRD,2017,0.440722486624064
GRL,2017,258.753165015406
GTM,2017,0.6915364300340296
GUY,2017,1.695341564974923
HKG,2017,1.0935601428488753
HND,2017,0.6344643007131869
HRV,2017,0.9451992269972194
HTI,2017,0.2392447008980892
HUN,2017,1.0632927241507275
IDN,2017,1.090693898482797
IND,2017,0.4246532779666798
IRL,2017,2.5202756841419363
IRN,2017,1.740230934255522
IRQ,2017,1.4633518614184675
ISL,2017,2.4457733807112123
ISR,2017,1.3644412992269035
ITA,2017,1.1125649512834164
JAM,2017,0.5598777809817731
JOR,2017,0.5445170111008648
JPN,2017,1.6354648753224592
KAZ,2017,3.752290253782561
KEN,2017,0.3339811868375524
KGZ,2017,0.528723568362249
KHM,2017,0.9761355921293212
KIR,2017,0.1352189299957706
KNA,2017,0.90888388121493
KOR,2017,2.2759821624490435
KWT,2017,5.687995134963179
LAO,2017,1.6991122284846782
LBN,2017,0.901678600980669
LBR,2017,1.0186891966251792
LBY,2017,2.2705726782980618
LCA,2017,0.5012950714222083
LIE,2017,0.74355807482791
LKA,2017,0.3892752116971457
LSO,2017,0.6894591403734979
LTU,2017,1.4195509589503434
LUX,2017,2.920250990520496
LVA,2017,1.211384633644779
MAC,2017,0.5299585222883283
MAR,2017,0.4722081516653883
MCO,2017,24.825546691590407
MDA,2017,0.3576553014491567
MDG,2017,0.4093031020370694
MDV,2017,0.6229305346945708
MEX,2017,0.8824565194394062
MHL,2017,0.0169023662494713
MKD,2017,0.8872897232545673
MLI,2017,0.5228785428739725
MLT,2017,0.6310714642731627
MMR,2017,0.7757965756366955
MNE,2017,0.1436472429673496
MNG,2017,4.389900150899298
MOZ,2017,0.3790047407149766
MRT,2017,0.6720242088595711
MUS,2017,0.7205193730127641
MWI,2017,0.2185068241399186
MYS,2017,2.033394375689694
NAM,2017,1.0981451210150144
NCL,2017,2.839597529911183
NER,2017,0.4429534258648333
NGA,2017,0.3183590228453326
NIC,2017,1.0952418394109138
NLD,2017,1.9794103853564688
NOR,2017,1.9762787979622063
NPL,2017,0.3299886435249851
NRU,2017,0.0169023662494713
NZL,2017,3.1954587747230643
OMN,2017,3.59958806920647
PAK,2017,0.3522900169810884
PAN,2017,0.8429518589776238
PER,2017,0.7564469859661599
PHL,2017,0.4273596912283129
PLW,2017,11.916168205877286
PNG,2017,0.1859260287441958
POL,2017,1.749081342120852
PRK,2017,0.6823872090722424
PRT,2017,1.1433707495553422
PRY,2017,2.275555446468486
PSE,2017,2.5890777893342767
PYF,2017,0.5915828187314965
QAT,2017,8.580515950521923
ROU,2017,0.9480787249326812
RUS,2017,2.978661983610608
RWA,2017,0.1111627783767767
SAU,2017,4.140571211823639
SDN,2017,0.5930426980230139
SEN,2017,0.3225484414885005
SGP,2017,1.701333799098074
SLB,2017,0.1352189299957706
SLE,2017,0.4102763477405546
SLV,2017,0.2104385786732314
SMR,2017,191.58513584766612
SOM,2017,0.4963529301371411
SRB,2017,1.0618540756208024
SSD,2017,0.9947187308798427
STP,2017,0.2703137280076828
SUR,2017,1.7924030281747496
SVK,2017,1.787366859764719
SVN,2017,1.8984189720617184
SWE,2017,1.0693781733679657
SWZ,2017,0.2640002810001869
SXM,2017,1.6817412310993116
SYC,2017,1.1851037759298786
SYR,2017,0.4073694473179015
TCA,2017,1.5329984171344226
TCD,2017,1.0648774012775055
TGO,2017,0.2083337253957362
THA,2017,1.0596682173058678
TJK,2017,0.3161538869037744
TKM,2017,2.5150963153278467
TLS,2017,0.7752356959935357
TON,2017,0.4394615224862547
TTO,2017,5.865598880898465
TUN,2017,0.6340945439977435
TUR,2017,1.1719800899738335
TUV,2017,0.0507070987484139
TZA,2017,0.5422811463296204
UGA,2017,0.2405651679605268
UKR,2017,1.1942539941291468
URY,2017,2.170935048961558
USA,2017,3.266546981687561
UZB,2017,0.915747327752752
VCT,2017,0.398312483662054
VEN,2017,1.313731036035327
VGB,2017,1.0079700965310587
VNM,2017,0.8262088600277068
VUT,2017,0.3211449587399552
WSM,2017,0.4225591562367832
YEM,2017,0.1302452225476802
ZAF,2017,1.6045164282080742
ZMB,2017,1.00640934000845
ZWE,2017,0.3526080365700458
TWN,2017,2.198849341141879
ABW,2018,1.3976367021436424
AFG,2018,0.1549160067683661
AGO,2018,0.9652104401025398
ALB,2018,0.6254318192047917
AND,2018,1.3824196218377316
ARE,2018,4.362465202140399
ARG,2018,1.5442192325099433
ARM,2018,0.5252370730680229
ATG,2018,1.2601909389271155
AUS,2018,4.624590998812782
AUT,2018,1.515429806020958
AZE,2018,0.915355086188826
BDI,2018,0.1247892943902653
BEL,2018,1.830794341736536
BEN,2018,0.6001362623599655
BFA,2018,0.4668859083951066
BGD,2018,0.2160968514396957
BGR,2018,1.377712257799809
BHR,2018,6.371826994172855
BHS,2018,1.2244960177696511
BIH,2018,1.4914474519557614
BLR,2018,1.864936152480042
BLZ,2018,3.200367749618108
BMU,2018,308.35385448601653
BOL,2018,2.1367641137902225
BRA,2018,1.9928368246875725
BRB,2018,0.9776089304715648
BRN,2018,5.30333702936957
BTN,2018,1.4740295712314513
BWA,2018,1.1223825652594486
CAF,2018,2.4535037201315446
CAN,2018,3.992470093986185
CHE,2018,0.8920967369910006
CHL,2018,1.1400009263085429
CHN,2018,1.4735844915061698
CIV,2018,0.904037786118483
CMR,2018,0.4628089892174787
COD,2018,1.1861144177225145
COG,2018,1.2874294674457372
COL,2018,1.060484056121291
COM,2018,0.1630027973708946
CPV,2018,0.260487083375139
CRI,2018,0.5565295218507977
CUB,2018,0.6490481265274834
CUW,2018,7.634960220478868
CYP,2018,1.1375467631605285
CZE,2018,1.9620400172609345
DEU,2018,1.7566865148822144
DJI,2018,0.3042536749222351
DMA,2018,0.4674302512823248
DNK,2018,1.53203362845307
DOM,2018,0.6291959512393304
DZA,2018,0.9902516309191725
ECU,2018,0.994229425530912
EGY,2018,0.5084111241266672
ERI,2018,0.5630709110671828
ESP,2018,1.1620973277947078
EST,2018,2.9503290951567327
ETH,2018,0.3137889059061521
FIN,2018,2.8369327812775618
FJI,2018,0.4915591003071037
FRA,2018,1.007122343887677
FSM,2018,0.0678012552147259
GAB,2018,1.884187160526431
GBR,2018,1.210108749548066
GEO,2018,0.3702956936184106
GHA,2018,0.2995086551619871
GIN,2018,0.9257664280558712
GMB,2018,0.1991260935534643
GNB,2018,0.6650785295947728
GNQ,2018,1.4656725535416153
GRC,2018,1.3889997573323496
GRD,2018,0.4644483560317599
GRL,2018,260.1773172815057
GTM,2018,0.6942654761895535
GUY,2018,1.423597144951699
HKG,2018,1.0928797045068128
HND,2018,0.5224021236979352
HRV,2018,0.9312362233866694
HTI,2018,0.1944072777871186
HUN,2018,1.0651479096832133
IDN,2018,1.1385239775476543
IND,2018,0.4458977744549089
IRL,2018,2.399957089383157
IRN,2018,1.726120183144948
IRQ,2018,1.523441885312237
ISL,2018,2.4114434543697074
ISR,2018,1.3559411427275454
ITA,2018,1.1521623471645288
JAM,2018,0.5253815487836525
JOR,2018,0.5277093034877045
JPN,2018,1.581879136917425
KAZ,2018,3.72028627871108
KEN,2018,0.3210718242255486
KGZ,2018,0.5706851332590752
KHM,2018,1.0059877086835765
KIR,2018,0.1525528242331334
KNA,2018,0.9411231923844604
KOR,2018,2.329894163407689
KWT,2018,5.597837884556804
LAO,2018,1.625655144659107
LBN,2018,0.8642108790790254
LBR,2018,0.912282503130446
LBY,2018,2.236067242547117
LCA,2018,0.5055879202756701
LIE,2018,0.6825153808939368
LKA,2018,0.3412511953452838
LSO,2018,0.5201680561828029
LTU,2018,1.5414732736197214
LUX,2018,2.948147350277624
LVA,2018,1.3358491036636184
MAC,2018,0.3452317669531123
MAR,2018,0.4231411219555048
MCO,2018,24.58537416511333
MDA,2018,0.4135516349284408
MDG,2018,0.3712125631379733
MDV,2018,0.6886191501287433
MEX,2018,0.8712585462068904
MHL,2018,0.0169503138036814
MKD,2018,0.8403144688602752
MLI,2018,0.5219829949645765
MLT,2018,0.6119449190236798
MMR,2018,0.668316922481825
MNE,2018,0.4967894052333866
MNG,2018,4.793834846854627
MOZ,2018,0.3544136280242437
MRT,2018,0.6716922597457307
MUS,2018,0.7071688003452832
MWI,2018,0.2272473845960891
MYS,2018,2.0085814950329492
NAM,2018,1.0203096787886372
NCL,2018,3.864671547239381
NER,2018,0.3943754635886798
NGA,2018,0.317847195040576
NIC,2018,0.972353190879438
NLD,2018,1.9182346619880652
NOR,2018,1.9805567837539344
NPL,2018,0.3336556522655596
NRU,2018,0.0169503138036814
NZL,2018,3.162160835150966
OMN,2018,3.7334820610478223
PAK,2018,0.3398751330996214
PAN,2018,0.7568113841941412
PER,2018,0.7377771048621674
PHL,2018,0.4239061609167519
PLW,2018,12.23812656625804
PNG,2018,0.1695031380368287
POL,2018,1.7899158221832467
PRK,2018,0.6158515915296267
PRT,2018,1.2038820977462696
PRY,2018,2.066486229296347
PSE,2018,2.5314806072541596
PYF,2018,0.5254597279141263
QAT,2018,8.277544869214585
ROU,2018,1.0940689771359209
RUS,2018,2.9508584145665067
RWA,2018,0.1101064939286251
SAU,2018,4.320510356467883
SDN,2018,0.5418662164501173
SEN,2018,0.3193767781536019
SGP,2018,1.7033353770602304
SLB,2018,0.1356025104294519
SLE,2018,0.3856279222820399
SLV,2018,0.2231406367184075
SMR,2018,188.2495310912313
SOM,2018,0.4860830852551862
SRB,2018,1.033802022794719
SSD,2018,1.106921802370976
STP,2018,0.2177387149059648
SUR,2018,1.6381649468573758
SVK,2018,1.5612247015765774
SVN,2018,1.801859777385257
SWE,2018,1.0353883507059836
SWZ,2018,0.2537626250734628
SXM,2018,1.6561043905692032
SYC,2018,1.210461424768392
SYR,2018,0.3595541705193324
TCA,2018,1.5050087330201576
TCD,2018,1.0651195226283237
TGO,2018,0.2030439060837171
THA,2018,1.10530286404148
TJK,2018,0.321984340787097
TKM,2018,2.6213996816767873
TLS,2018,0.6251625386093704
TON,2018,0.4237578450920374
TTO,2018,5.874152023259843
TUN,2018,0.6175609085235446
TUR,2018,1.1173515916932368
TUV,2018,0.067801255214726
TZA,2018,0.5266633382189198
UGA,2018,0.2355135094265358
UKR,2018,1.2371853620282935
URY,2018,2.1034756728911956
USA,2018,3.3327295243774997
UZB,2018,0.8793945000094817
VCT,2018,0.4329417017123155
VEN,2018,1.1410740317971917
VGB,2018,0.8510126675247658
VNM,2018,0.9104389752263023
VUT,2018,0.3559565898773114
WSM,2018,0.440708158895719
YEM,2018,0.140937737551215
ZAF,2018,1.6207325687875376
ZMB,2018,0.9454925791398042
ZWE,2018,0.3072250662347551
TWN,2018,2.1944724592290275
ABW,2019,1.342929632221339
AFG,2019,0.1640741574268044
AGO,2019,0.9039404869676456
ALB,2019,0.5913693705906282
AND,2019,1.35547982761346
ARE,2019,4.344411275030516
ARG,2019,1.6344364602235877
ARM,2019,0.5288134424692189
ATG,2019,1.292667202100509
AUS,2019,4.331084100156524
AUT,2019,1.5391106618899275
AZE,2019,0.952589806988775
BDI,2019,0.1174729175262278
BEL,2019,1.8194621966915576
BEN,2019,0.3997174580650182
BFA,2019,0.4555653789473491
BGD,2019,0.2246242150798903
BGR,2019,1.3640125251034034
BHR,2019,7.118191223379885
BHS,2019,1.2516486768108743
BIH,2019,1.4719061519312426
BLR,2019,1.852945726877974
BLZ,2019,4.020734257292301
BMU,2019,307.80442840153904
BOL,2019,1.852367094480765
BRA,2019,2.022210967059209
BRB,2019,0.9372656505038268
BRN,2019,5.353487463995644
BTN,2019,1.3137822860610533
BWA,2019,0.94647412183149
CAF,2019,2.0371844932549643
CAN,2019,3.891204094982861
CHE,2019,0.8813820612258247
CHL,2019,1.1743642905314706
CHN,2019,1.5128334620099175
CIV,2019,0.8897460964840954
CMR,2019,0.438241722619151
COD,2019,1.0451580058073602
COG,2019,1.216467437082306
COL,2019,0.9381645948507246
COM,2019,0.1680795327503738
CPV,2019,0.28096030989448
CRI,2019,0.5445131413362888
CUB,2019,0.5906392517815192
CUW,2019,7.746439567067752
CYP,2019,1.1844183233179864
CZE,2019,1.8507319922570504
DEU,2019,1.6524361533415073
DJI,2019,0.3146702934367783
DMA,2019,0.4806582772077786
DNK,2019,1.422301851373284
DOM,2019,0.6736915402098357
DZA,2019,0.9994245181003926
ECU,2019,0.9565417418051052
EGY,2019,0.4797239395506819
ERI,2019,0.569450336985111
ESP,2019,1.0808707314469257
EST,2019,2.1961043177145387
ETH,2019,0.3380069815221966
FIN,2019,2.793934026487862
FJI,2019,0.5097981852638444
FRA,2019,1.0412714900847064
FSM,2019,0.0849663642105833
GAB,2019,1.9113915577411875
GBR,2019,1.15291059555499
GEO,2019,0.4231689962057932
GHA,2019,0.3012955685896133
GIN,2019,1.1301647530797485
GMB,2019,0.2077087448160421
GNB,2019,0.6128195823321434
GNQ,2019,1.250958967785217
GRC,2019,1.1118332132344595
GRD,2019,0.5128120549694206
GRL,2019,259.8996030661267
GTM,2019,0.6928633755841981
GUY,2019,1.9935401457183208
HKG,2019,1.072957949733688
HND,2019,0.5563519866180913
HRV,2019,1.0135148511442955
HTI,2019,0.1898230125991513
HUN,2019,0.9913068515590686
IDN,2019,1.3182921967765644
IND,2019,0.4420113171140098
IRL,2019,2.2797446244586426
IRN,2019,1.765474898873373
IRQ,2019,1.5448500737736044
ISL,2019,2.2999356969386593
ISR,2019,1.3107192499771088
ITA,2019,1.1213428142605104
JAM,2019,0.6006361758808061
JOR,2019,0.5017620780871497
JPN,2019,1.533064736645665
KAZ,2019,3.4164435137467604
KEN,2019,0.3236342792555202
KGZ,2019,0.5074611564529006
KHM,2019,1.04684919647924
KIR,2019,0.1529394555790501
KNA,2019,0.9880651486407082
KOR,2019,2.242351556937201
KWT,2019,5.530377475631112
LAO,2019,1.376552500651491
LBN,2019,0.8801636453053518
LBR,2019,0.8318876078687415
LBY,2019,2.5428670453339604
LCA,2019,0.4925974475934554
LIE,2019,0.7094668276795852
LKA,2019,0.3321493901938515
LSO,2019,0.5022441411105669
LTU,2019,1.490415785207788
LUX,2019,2.960387805305188
LVA,2019,1.298854308992751
MAC,2019,0.3327849264914516
MAR,2019,0.5311662196026802
MCO,2019,24.676788136207637
MDA,2019,0.4144632242937317
MDG,2019,0.3646385234893141
MDV,2019,0.7630285449199564
MEX,2019,0.9438528526797384
MHL,2019,0.0169932728421166
MKD,2019,0.9014415076232462
MLI,2019,0.513055018742154
MLT,2019,0.6218465748159034
MMR,2019,0.6344370560115515
MNE,2019,0.4937311803133685
MNG,2019,5.039987286041029
MOZ,2019,0.3048446569966968
MRT,2019,0.6494608281901545
MUS,2019,0.710477558212392
MWI,2019,0.2368692684383494
MYS,2019,1.993365831310068
NAM,2019,0.956126208527519
NCL,2019,3.738520025265668
NER,2019,0.3674534254910798
NGA,2019,0.3316284013707472
NIC,2019,0.949697433769461
NLD,2019,1.8464557075839256
NOR,2019,1.9221710010168276
NPL,2019,0.3243570341054393
NRU,2019,0.0169932728421166
NZL,2019,3.119222705279356
OMN,2019,3.799320177798024
PAK,2019,0.3349715915051617
PAN,2019,0.8558635161326967
PER,2019,0.7511449773932565
PHL,2019,0.4214613639419428
PLW,2019,12.659988267376924
PNG,2019,0.1699327284211688
POL,2019,1.7381978184745008
PRK,2019,0.6675948382298977
PRT,2019,1.0765985709047925
PRY,2019,1.93429455378376
PSE,2019,2.4749439037715875
PYF,2019,0.5437847309477336
QAT,2019,7.988069651511784
ROU,2019,0.9383927354759728
RUS,2019,2.9456123416973097
RWA,2019,0.1228597337095982
SAU,2019,4.656642342044872
SDN,2019,0.503890314667739
SEN,2019,0.3307432690126639
SGP,2019,1.654466599637486
SLB,2019,0.1359461827369334
SLE,2019,0.3425691310169499
SLV,2019,0.2413402081118266
SMR,2019,187.95894203235537
SOM,2019,0.4790159039414632
SRB,2019,1.0690352119370503
SSD,2019,0.8499257948072441
STP,2019,0.2197900251379715
SUR,2019,1.811065778791637
SVK,2019,1.310353527180201
SVN,2019,1.7735492970253393
SWE,2019,1.0196571759989816
SWZ,2019,0.2625597003679366
SXM,2019,1.632633369503843
SYC,2019,1.1958390210022185
SYR,2019,0.3662562447572962
TCA,2019,1.4644621918332492
TCD,2019,1.05212261829217
TGO,2019,0.1979018686035711
THA,2019,1.142267116303878
TJK,2019,0.3320386805084771
TKM,2019,2.653984441997044
TLS,2019,0.6643461919990378
TON,2019,0.4588183667371504
TTO,2019,5.924911758946637
TUN,2019,0.601450430152174
TUR,2019,1.100055391856298
TUV,2019,0.0679730913684667
TZA,2019,0.5264377730994074
UGA,2019,0.2380975221237013
UKR,2019,1.2103364289314835
URY,2019,2.0877398327083108
USA,2019,3.2695966112193298
UZB,2019,0.9065154317134404
VCT,2019,0.3849983575162514
VEN,2019,1.110889316190537
VGB,2019,0.929155459700843
VNM,2019,0.9961584637591322
VUT,2019,0.3398654568423335
WSM,2019,0.4418250938950335
YEM,2019,0.1434811633522058
ZAF,2019,1.6472110676017506
ZMB,2019,0.8986026099266174
ZWE,2019,0.3413038469202031
TWN,2019,2.1317655081615685
ABW,2020,1.3343989694776002
AFG,2020,0.1558691403274374
AGO,2020,0.8060165584546269
ALB,2020,0.5591257422942679
AND,2020,1.0694032914730454
ARE,2020,4.549865364070365
ARG,2020,1.4982625760602986
ARM,2020,0.5613710423981185
ATG,2020,1.24393087032242
AUS,2020,4.234615476851892
AUT,2020,1.420999705491109
AZE,2020,0.9157234451659254
BDI,2020,0.1135479082162482
BEL,2020,1.6851672282964063
BEN,2020,0.4509382814686324
BFA,2020,0.4125533908718435
BGD,2020,0.2250251711514367
BGR,2020,1.232040172250217
BHR,2020,7.170520205087363
BHS,2020,1.0512118854717172
BIH,2020,1.4906582481995545
BLR,2020,1.8051806760477145
BLZ,2020,3.604803522443871
BMU,2020,307.0950356783125
BOL,2020,1.797412656851226
BRA,2020,2.0981268807018636
BRB,2020,0.8613210741609703
BRN,2020,5.979890348344987
BTN,2020,1.1567102481700446
BWA,2020,1.0428145334213037
CAF,2020,1.6526433607005488
CAN,2020,3.5639390430977156
CHE,2020,0.8259768165410252
CHL,2020,1.094473015705459
CHN,2020,1.5368575013422971
CIV,2020,0.9991945218884144
CMR,2020,0.4419282788692021
COD,2020,1.0701098399110505
COG,2020,1.3296983475586126
COL,2020,0.8209437876045903
COM,2020,0.1780874466742532
CPV,2020,0.2477874702386273
CRI,2020,0.4842903821887288
CUB,2020,0.5460420128525398
CUW,2020,7.859534060949354
CYP,2020,1.1203939365421742
CZE,2020,1.663775453686988
DEU,2020,1.5229318146135775
DJI,2020,0.3016549798988909
DMA,2020,0.4661573116695831
DNK,2020,1.3445021378106723
DOM,2020,0.6359214110207919
DZA,2020,0.9252200526541164
ECU,2020,0.744681173110049
EGY,2020,0.4925682359481144
ERI,2020,0.5684974262144784
ESP,2020,0.9468237192093062
EST,2020,1.6831892638594388
ETH,2020,0.3492202170525821
FIN,2020,2.6378074009444785
FJI,2020,0.3916172456723528
FRA,2020,0.9158701571760208
FSM,2020,0.0851341838417533
GAB,2020,1.9243484752354356
GBR,2020,1.0459733423107702
GEO,2020,0.4574682069679131
GHA,2020,0.2894707738891175
GIN,2020,1.051864893013679
GMB,2020,0.2066990395663742
GNB,2020,0.6500332416985448
GNQ,2020,1.3777462549587016
GRC,2020,0.9848848120886272
GRD,2020,0.4493032454494679
GRL,2020,259.75690517217714
GTM,2020,0.6070080685755279
GUY,2020,2.4510787324458714
HKG,2020,0.8876214505132033
HND,2020,0.5635713301618915
HRV,2020,0.9453442579409856
HTI,2020,0.1962564813379091
HUN,2020,1.0533996408810669
IDN,2020,1.0690335795754256
IND,2020,0.4171594002956487
IRL,2020,2.125386997125723
IRN,2020,1.7731981980508462
IRQ,2020,1.3454387590137376
ISL,2020,2.1442506251910385
ISR,2020,1.2957069683243856
ITA,2020,1.0063530576287536
JAM,2020,0.4490783619137208
JOR,2020,0.430856904345712
JPN,2020,1.4572394399212814
KAZ,2020,3.241040050819521
KEN,2020,0.3413432264819387
KGZ,2020,0.4811186615876074
KHM,2020,1.008326656829962
KIR,2020,0.1362146941468053
KNA,2020,0.9299915111367124
KOR,2020,2.091223979759355
KWT,2020,4.951297165303738
LAO,2020,1.330898635568336
LBN,2020,0.8522677685406027
LBR,2020,0.7922768564536934
LBY,2020,1.2243886133276758
LCA,2020,0.4890737966561314
LIE,2020,0.6784297830632513
LKA,2020,0.3237887723793948
LSO,2020,0.4610601821940768
LTU,2020,1.4575118503524584
LUX,2020,2.452935770180797
LVA,2020,1.256373267594492
MAC,2020,0.2822072741296522
MAR,2020,0.4818999314317789
MCO,2020,24.763867194757584
MDA,2020,0.4231622500443629
MDG,2020,0.3483398202060181
MDV,2020,0.6378476764678344
MEX,2020,0.8532952796673436
MHL,2020,0.0170268367683506
MKD,2020,0.8522022967107108
MLI,2020,0.530679243011203
MLT,2020,0.5912440166705017
MMR,2020,0.6385257849637876
MNE,2020,0.4801611990244918
MNG,2020,4.507869061381888
MOZ,2020,0.2679718517654756
MRT,2020,0.638192085312208
MUS,2020,0.6167789093934415
MWI,2020,0.2287051830787603
MYS,2020,1.8534574036133824
NAM,2020,1.1176045157400232
NCL,2020,3.643743068427043
NER,2020,0.3570252394975951
NGA,2020,0.3170716153586182
NIC,2020,0.8893534512158157
NLD,2020,1.6744414736009825
NOR,2020,1.863702689563759
NPL,2020,0.3384608967293253
NRU,2020,0.0170268367683506
NZL,2020,3.066837961649345
OMN,2020,3.845225148103018
PAK,2020,0.3498170227978199
PAN,2020,0.6834909521358542
PER,2020,0.658309637410593
PHL,2020,0.3993498653935365
PLW,2020,12.78715441303135
PNG,2020,0.1702683676835122
POL,2020,1.6495709901988314
PRK,2020,0.63323493672605
PRT,2020,0.9556416787954992
PRY,2020,1.844689859171831
PSE,2020,2.418930289764627
PYF,2020,0.4937782662821693
QAT,2020,7.544183220057406
ROU,2020,0.9290089254322866
RUS,2020,2.790772428602952
RWA,2020,0.1362059682076284
SAU,2020,4.156187344979019
SDN,2020,0.4998745129723886
SEN,2020,0.3315063317024277
SGP,2020,1.58783786711063
SLB,2020,0.1362146941468053
SLE,2020,0.3368114952183978
SLV,2020,0.1783064119971692
SMR,2020,187.7506245897511
SOM,2020,0.4685879796284073
SRB,2020,1.1388941676801971
SSD,2020,1.0685791471812276
STP,2020,0.2411877445973282
SUR,2020,1.757972782880647
SVK,2020,1.0866766178385618
SVN,2020,1.5993290229084502
SWE,2020,0.9276787712394586
SWZ,2020,0.2336904006677213
SXM,2020,1.6110058198693082
SYC,2020,1.2070374422933483
SYR,2020,0.3362264587382814
TCA,2020,1.4116784415700998
TCD,2020,1.0712625340785806
TGO,2020,0.2128325136897486
THA,2020,1.144225361629132
TJK,2020,0.3383602896513001
TKM,2020,2.4758069116020565
TLS,2020,0.6798906279647129
TON,2020,0.4937782662821694
TTO,2020,5.1924237111963
TUN,2020,0.5695018927774304
TUR,2020,1.1610270564204337
TUV,2020,0.0681073470734026
TZA,2020,0.4863861204615772
UGA,2020,0.2332665214841395
UKR,2020,1.164382992446182
URY,2020,1.9312792527916
USA,2020,2.953764813919184
UZB,2020,0.8864898571056372
VCT,2020,0.4292645708845627
VEN,2020,0.9617885967639972
VGB,2020,0.8940980664678552
VNM,2020,1.0068745343510703
VUT,2020,0.3575635721353641
WSM,2020,0.3745904089037148
YEM,2020,0.1337319735576605
ZAF,2020,1.5219554929677874
ZMB,2020,0.8583817119520398
ZWE,2020,0.2647858351323192
TWN,2020,2.123957146795762
ABW,2021,1.5218442833565278
AFG,2021,0.1531196768763033
AGO,2021,0.8377182670774145
ALB,2021,0.6152065319018621
AND,2021,1.235705800926043
ARE,2021,4.766627840196428
ARG,2021,1.7738491509045975
ARM,2021,0.6455937408412857
ATG,2021,1.3728970121613826
AUS,2021,4.478212527245155
AUT,2021,1.6133242821194966
AZE,2021,1.018537831339346
BDI,2021,0.1271090453911378
BEL,2021,1.8735062316317588
BEN,2021,0.558759214332186
BFA,2021,0.4815889866731287
BGD,2021,0.2454226327174343
BGR,2021,1.4779300811742644
BHR,2021,7.386341100698659
BHS,2021,1.4417082760526896
BIH,2021,1.5908615667975388
BLR,2021,1.989746777374079
BLZ,2021,3.5076646588527174
BMU,2021,330.0420374752186
BOL,2021,2.101216868765823
BRA,2021,2.432832443355341
BRB,2021,0.8850444561317861
BRN,2021,6.438383280109115
BTN,2021,2.546352841587008
BWA,2021,1.8219094148591903
CAF,2021,1.536553497644234
CAN,2021,3.948539730996416
CHE,2021,0.9260462474051884
CHL,2021,1.1239882056893715
CHN,2021,1.7142622895976256
CIV,2021,0.6608825876251535
CMR,2021,0.4486408237223924
COD,2021,1.3864094801154234
COG,2021,1.2911810376450896
COL,2021,0.8986351869750651
COM,2021,0.2160481062431833
CPV,2021,0.2934130471257222
CRI,2021,0.5099182409829152
CUB,2021,0.5929983348524239
CUW,2021,8.566234543960533
CYP,2021,1.2160467513953497
CZE,2021,1.910009898762884
DEU,2021,1.7111460728969294
DJI,2021,0.3369321824757324
DMA,2021,0.5113055118470231
DNK,2021,1.4960566798188442
DOM,2021,0.7336364069582153
DZA,2021,1.0515787756590291
ECU,2021,0.8215733164453705
EGY,2021,0.5592173932260477
ERI,2021,0.5323994096897994
ESP,2021,1.1382083913914507
EST,2021,1.987775659619761
ETH,2021,0.3477414273608933
FIN,2021,2.9803389234235285
FJI,2021,0.4777430899390863
FRA,2021,1.0493285490687942
FSM,2021,0.0918736711420953
GAB,2021,1.9117525230144856
GBR,2021,1.1629516217800044
GEO,2021,0.5330670131493961
GHA,2021,0.2772596781325654
GIN,2021,0.995884053193069
GMB,2021,0.2012225311950564
GNB,2021,0.601888186783193
GNQ,2021,1.4163535071050384
GRC,2021,1.1029840161024675
GRD,2021,0.5212221504873431
GRL,2021,278.9049380915771
GTM,2021,0.6564146489682389
GUY,2021,2.2904144227824275
HKG,2021,0.9704296714962471
HND,2021,0.535498655661123
HRV,2021,1.0158497180793338
HTI,2021,0.2149316369924322
HUN,2021,1.1478423224090653
IDN,2021,1.171133304584172
IND,2021,0.4804306726645856
IRL,2021,2.3822219291383004
IRN,2021,1.9913403196026105
IRQ,2021,1.5057771577393142
ISL,2021,2.3523329629370373
ISR,2021,1.3718601593783466
ITA,2021,1.2374453779525378
JAM,2021,0.5046171623250318
JOR,2021,0.4778838000766929
JPN,2021,1.6159590284744505
KAZ,2021,3.099868082235065
KEN,2021,0.3305812192112256
KGZ,2021,0.5633464800858498
KHM,2021,0.9375665785772151
KIR,2021,0.1653726080557715
KNA,2021,1.0019796052962515
KOR,2021,2.3334274619650213
KWT,2021,5.302671724940555
LAO,2021,1.671088408815009
LBN,2021,0.7828536629207293
LBR,2021,0.7969232689269096
LBY,2021,2.213927341119576
LCA,2021,0.5434545698908406
LIE,2021,0.7503336931619238
LKA,2021,0.3432615317359994
LSO,2021,0.5872655869448469
LTU,2021,1.5617065044551377
LUX,2021,2.69765800833126
LVA,2021,1.3381596747705389
MAC,2021,0.3058417301609385
MAR,2021,0.5354285977092698
MCO,2021,26.393381062649855
MDA,2021,0.5301883126642358
MDG,2021,0.365247181932392
MDV,2021,0.7860331059402675
MEX,2021,0.907890581089302
MHL,2021,0.018374734228419
MKD,2021,0.8568676093856864
MLI,2021,0.5177494597926943
MLT,2021,0.6390286804904207
MMR,2021,0.6634916034370086
MNE,2021,0.4559487401592819
MNG,2021,4.427324909451777
MOZ,2021,0.3018278333889432
MRT,2021,0.6614692279529436
MUS,2021,0.6906845660569167
MWI,2021,0.2130660820915441
MYS,2021,2.0696285360582083
NAM,2021,1.254207013856361
NCL,2021,3.233953224201755
NER,2021,0.3655802794781217
NGA,2021,0.3410549490069711
NIC,2021,0.962326072828138
NLD,2021,1.8240333754868203
NOR,2021,2.0261634392571493
NPL,2021,0.3577009389623554
NRU,2021,0.018374734228419
NZL,2021,3.225787478722932
OMN,2021,4.332068324758061
PAK,2021,0.3975840086269272
PAN,2021,0.825496269294137
PER,2021,0.7771549344757873
PHL,2021,0.4371346672718528
PLW,2021,14.350667432395284
PNG,2021,0.1837473422841957
POL,2021,1.9565981430213577
PRK,2021,0.5777850901859629
PRT,2021,0.9934434955989272
PRY,2021,1.9381737911606296
PSE,2021,2.547062859144359
PYF,2021,0.4777430899388957
QAT,2021,9.310933389278263
ROU,2021,0.994627194966421
RUS,2021,3.1586398684459533
RWA,2021,0.1369651202926136
SAU,2021,4.847326375141637
SDN,2021,0.5123694576552262
SEN,2021,0.3429137502966335
SGP,2021,1.9104640527316537
SLB,2021,0.1469978738273525
SLE,2021,0.3832211432312231
SLV,2021,0.2263143556312932
SMR,2021,205.67771526263775
SOM,2021,0.4898211031909635
SRB,2021,1.1684364703013543
SSD,2021,1.042761068903521
STP,2021,0.2268271083022162
SUR,2021,1.7289431361269278
SVK,2021,1.1879113258276184
SVN,2021,1.7152886342551126
SWE,2021,1.0555608416450026
SWZ,2021,0.2648255279387957
SXM,2021,1.7149928749913634
SYC,2021,1.323614718543556
SYR,2021,0.3403203835657751
TCA,2021,1.5230036327513976
TCD,2021,1.1533813499680747
TGO,2021,0.2243865332900547
THA,2021,1.1391247544448535
TJK,2021,0.3572109328287685
TKM,2021,3.3184434086344172
TLS,2021,0.7606356797535707
TON,2021,0.569616761080991
TTO,2021,5.768011051026625
TUN,2021,0.6607120596131536
TUR,2021,1.3775463067360083
TUV,2021,0.0734989369136762
TZA,2021,0.4825741505189662
UGA,2021,0.2521822153750071
UKR,2021,1.274084286801975
URY,2021,2.2739761092059503
USA,2021,3.3885574355349757
UZB,2021,1.032098946084928
VCT,2021,0.4573985047281998
VEN,2021,1.1114837075475623
VGB,2021,0.9671168535151404
VNM,2021,0.9820959304700712
VUT,2021,0.4042441530252194
WSM,2021,0.4593683557104765
YEM,2021,0.1401547179317115
ZAF,2021,1.6303525345827006
ZMB,2021,0.8848712305005728
ZWE,2021,0.324603970012749
TWN,2021,2.4022125272004575
ABW,2022,1.7090625471355076
AFG,2022,0.1800464878869151
AGO,2022,0.9020492255580296
ALB,2022,0.6031719871866367
AND,2022,1.3330669688272834
ARE,2022,4.885533282791946
ARG,2022,1.897008014438583
ARM,2022,0.7146880795289339
ATG,2022,1.503049324611509
AUS,2022,4.666120342119263
AUT,2022,1.6316012954600858
AZE,2022,1.155856809223326
BDI,2022,0.1388731575265909
BEL,2022,1.9016672220989308
BEN,2022,0.5841840640930769
BFA,2022,0.5131707123703348
BGD,2022,0.269457059476356
BGR,2022,1.7464903547857655
BHR,2022,8.107027274164427
BHS,2022,1.6788702192211995
BIH,2022,1.7425459775248675
BLR,2022,2.073969171145799
BLZ,2022,3.3560065610048007
BMU,2022,357.5037043541877
BOL,2022,2.383256605829919
BRA,2022,2.725186680254674
BRB,2022,1.0513963223494305
BRN,2022,6.620832145184317
BTN,2022,2.4108106101316276
BWA,2022,1.7471438638422272
CAF,2022,2.054927101592599
CAN,2022,4.175031220597272
CHE,2022,0.9255462858768012
CHL,2022,1.1981409382720876
CHN,2022,1.930007696475148
CIV,2022,0.8620761118595837
CMR,2022,0.4848782519828387
COD,2022,1.502270331135927
COG,2022,1.4308825541944383
COL,2022,0.9140555662400346
COM,2022,0.240166510586951
CPV,2022,0.3210323551580293
CRI,2022,0.5447194814168181
CUB,2022,0.6735200019308982
CUW,2022,9.33150359287363
CYP,2022,1.344434131316281
CZE,2022,1.9887996694141452
DEU,2022,1.8209551889295528
DJI,2022,0.3628971338829166
DMA,2022,0.5787174637674154
DNK,2022,1.5657780693258725
DOM,2022,0.8247787661368073
DZA,2022,1.1800914648037997
ECU,2022,0.9006357473808874
EGY,2022,0.5718074181491842
ERI,2022,0.5924673520268262
ESP,2022,1.2143613614787834
EST,2022,2.3788543449861654
ETH,2022,0.3717561423569237
FIN,2022,3.2304335938562785
FJI,2022,0.5382376687171687
FRA,2022,1.0807158537740995
FSM,2022,0.0996736423549518
GAB,2022,2.2115827878314156
GBR,2022,1.1513779050637316
GEO,2022,0.6629334009863609
GHA,2022,0.3076942411518381
GIN,2022,1.0897829005843598
GMB,2022,0.2286489848027467
GNB,2022,0.7169018521349667
GNQ,2022,1.557047481326734
GRC,2022,1.1907873556445654
GRD,2022,0.6223581545175882
GRL,2022,302.54093127149235
GTM,2022,0.7046675743198028
GUY,2022,3.1053201073032155
HKG,2022,0.9843757575927786
HND,2022,0.6170811243714233
HRV,2022,1.114763227601009
HTI,2022,0.2120390228690424
HUN,2022,1.1234134348223854
IDN,2022,1.2956097593352478
IND,2022,0.5412238194216412
IRL,2022,2.4501404861701643
IRN,2022,2.1330639722946456
IRQ,2022,1.7690165365413577
ISL,2022,2.5476591648593057
ISR,2022,1.5316003623890972
ITA,2022,1.3444785846295295
JAM,2022,0.5902879961553931
JOR,2022,0.531668888180386
JPN,2022,1.717235414416468
KAZ,2022,3.601793651597221
KEN,2022,0.3557774244017541
KGZ,2022,0.6368337550917097
KHM,2022,1.0417285366198197
KIR,2022,0.1594778277679228
KNA,2022,1.1907318168674794
KOR,2022,2.5137380301942227
KWT,2022,6.820943794132394
LAO,2022,1.7136888360778724
LBN,2022,0.7044230622299987
LBR,2022,0.8905398108082184
LBY,2022,2.379482692486547
LCA,2022,0.6088097585963127
LIE,2022,0.7167678937737401
LKA,2022,0.3579731165087347
LSO,2022,0.5720276748263988
LTU,2022,1.5942775931326345
LUX,2022,2.504420391645359
LVA,2022,1.448924412500039
MAC,2022,0.3408299951189552
MAR,2022,0.5514256110085042
MCO,2022,28.337003251511813
MDA,2022,0.5170021256872922
MDG,2022,0.3962220083829217
MDV,2022,0.9257884683325612
MEX,2022,0.9780722520455076
MHL,2022,0.0199347284709903
MKD,2022,0.9990697629525664
MLI,2022,0.542997195039818
MLT,2022,0.7360392709576323
MMR,2022,0.7124124728695017
MNE,2022,0.4686455054430206
MNG,2022,4.909214579041894
MOZ,2022,0.3745119774096944
MRT,2022,0.734524323655273
MUS,2022,0.8046378267026625
MWI,2022,0.2442324860676658
MYS,2022,2.2055557515708695
NAM,2022,1.197603339963239
NCL,2022,3.468642753952322
NER,2022,0.3996400681732548
NGA,2022,0.3429384860400276
NIC,2022,1.0869739179659943
NLD,2022,1.8140610093715557
NOR,2022,2.1806777646998095
NPL,2022,0.3928657041135603
NRU,2022,0.0199347284709903
NZL,2022,3.297976183727216
OMN,2022,4.697206784453299
PAK,2022,0.4007262096254798
PAN,2022,0.9315583671458249
PER,2022,0.8589775505161612
PHL,2022,0.4939692258199046
PLW,2022,16.426216260096055
PNG,2022,0.1993472847099125
POL,2022,2.036261234423568
PRK,2022,0.6524386037722987
PRT,2022,1.110512835736234
PRY,2022,1.9834872951466689
PSE,2022,2.697086931753479
PYF,2022,0.7375849534266434
QAT,2022,9.93910877982623
ROU,2022,1.0136743217018682
RUS,2022,3.594505331035224
RWA,2022,0.1445852412538006
SAU,2022,4.926696762001605
SDN,2022,0.5367277932587593
SEN,2022,0.3857608900608841
SGP,2022,1.9703016890147953
SLB,2022,0.1594778277679228
SLE,2022,0.3872393839274137
SLV,2022,0.2781515168119648
SMR,2022,226.42497099030373
SOM,2022,0.5237235761221269
SRB,2022,1.339850139750613
SSD,2022,1.0524304038349392
STP,2022,0.2554548620926274
SUR,2022,1.8573125774686925
SVK,2022,1.019499458361976
SVN,2022,1.7745234072218998
SWE,2022,1.0884609270224508
SWZ,2022,0.27082984606796
SXM,2022,1.835514522590536
SYC,2022,1.2222447343280596
SYR,2022,0.3429133830420593
TCA,2022,1.6218408444782435
TCD,2022,1.2601924380623446
TGO,2022,0.2555622514889457
THA,2022,1.2756222459023894
TJK,2022,0.4070260940214136
TKM,2022,3.8408205907129274
TLS,2022,0.7267547499055759
TON,2022,0.5382376687167397
TTO,2022,6.4316922606301725
TUN,2022,0.6941680218837024
TUR,2022,1.4339765329908287
TUV,2022,0.0797389138839614
TZA,2022,0.5289839863386882
UGA,2022,0.2651069610678521
UKR,2022,1.0967878270102676
URY,2022,2.363539918151216
USA,2022,3.697124093635904
UZB,2022,1.0718004239119456
VCT,2022,0.5313531293837463
VEN,2022,1.3208295295989394
VGB,2022,1.050866450361453
VNM,2022,1.0782061416609134
VUT,2022,0.4186292978907976
WSM,2022,0.4784334833037685
YEM,2022,0.1454625004629159
ZAF,2022,1.7043988137409796
ZMB,2022,0.9740379852002016
ZWE,2022,0.3711402036726021
TWN,2022,2.52952982018038
ABW,2023,1.8629165389224056
AFG,2023,0.2030356271553852
AGO,2023,0.952322327197412
ALB,2023,0.6350111270417363
AND,2023,1.4184522061445777
ARE,2023,5.1870326077065645
ARG,2023,2.041204145911702
ARM,2023,0.7638261702103236
ATG,2023,1.6301869263068784
AUS,2023,4.991591273605938
AUT,2023,1.6489887480863492
AZE,2023,1.294804486635443
BDI,2023,0.1476564937453545
BEL,2023,1.977585979123075
BEN,2023,0.6215460758182525
BFA,2023,0.5519787425049004
BGD,2023,0.2979093038606513
BGR,2023,1.4627650637696965
BHR,2023,8.683436397244895
BHS,2023,1.8251963792624992
BIH,2023,1.8508613852717348
BLR,2023,2.251073597863786
BLZ,2023,4.4843263490071035
BMU,2023,390.5968855414538
BOL,2023,2.7071894784229733
BRA,2023,2.9044056098252016
BRB,2023,1.151597423402923
BRN,2023,7.389768887572258
BTN,2023,2.203450491361449
BWA,2023,1.8864278375899808
CAF,2023,2.6152602247211356
CAN,2023,4.479522030673831
CHE,2023,0.9778434293062636
CHL,2023,1.1760289506926616
CHN,2023,2.185936222463293
CIV,2023,0.9544042396009728
CMR,2023,0.4962417590470516
COD,2023,1.4374501352285658
COG,2023,1.503789045788818
COL,2023,0.9952637513701216
COM,2023,0.2612916156257764
CPV,2023,0.338735792271604
CRI,2023,0.6319750504485289
CUB,2023,0.7613303049200856
CUW,2023,10.099459539464911
CYP,2023,1.508380496837123
CZE,2023,1.8637998746676507
DEU,2023,1.7861326434692864
DJI,2023,0.3946954899062185
DMA,2023,0.6446078988069338
DNK,2023,1.6913885866658964
DOM,2023,0.9075816693194888
DZA,2023,1.3150488576421566
ECU,2023,0.7526435407049629
EGY,2023,0.6135063071237411
ERI,2023,0.6456013238856381
ESP,2023,1.2171001945179378
EST,2023,2.0608479985749497
ETH,2023,0.4082857884973285
FIN,2023,3.4229921670213503
FJI,2023,0.6311234868734783
FRA,2023,1.0981217905223
FSM,2023,0.1088143942884497
GAB,2023,2.434671541471669
GBR,2023,1.2232456686221724
GEO,2023,0.7393731039024016
GHA,2023,0.3290977159332284
GIN,2023,1.1852490046002535
GMB,2023,0.2387762136771397
GNB,2023,0.799328897519033
GNQ,2023,1.391138201527387
GRC,2023,1.1704550161722045
GRD,2023,0.7212098459001628
GRL,2023,329.10111293950115
GTM,2023,0.7950696091412375
GUY,2023,3.367328116126358
HKG,2023,1.1136000511010464
HND,2023,0.6868947285975892
HRV,2023,1.2706946573812168
HTI,2023,0.2290849432207386
HUN,2023,1.103868406995154
IDN,2023,1.5021305195076824
IND,2023,0.623711477404574
IRL,2023,2.4798400764203685
IRN,2023,2.4047687815060867
IRQ,2023,1.9130155182734951
ISL,2023,2.6950863687812197
ISR,2023,1.4737064093154442
ITA,2023,1.3565775772964777
JAM,2023,0.6655804447203111
JOR,2023,0.5865727659239514
JPN,2023,1.8034399964500931
KAZ,2023,3.9854553320878576
KEN,2023,0.3953175861395153
KGZ,2023,0.6720368408408739
KHM,2023,1.141747142002991
KIR,2023,0.1741030308615195
KNA,2023,1.31253086912797
KOR,2023,2.663614530550984
KWT,2023,7.334392667677348
LAO,2023,1.7910028076256892
LBN,2023,0.7719828516385409
LBR,2023,0.9720143030225776
LBY,2023,2.796359594841854
LCA,2023,0.6664149534468458
LIE,2023,0.7974151265428728
LKA,2023,0.4050875926231296
LSO,2023,0.5891065650485693
LTU,2023,1.678909227254426
LUX,2023,2.5373642951885538
LVA,2023,1.6056637718346478
MAC,2023,0.3699817649053357
MAR,2023,0.5883896843259189
MCO,2023,30.915846493083507
MDA,2023,0.5983106419136885
MDG,2023,0.423036238805222
MDV,2023,1.0049930749272586
MEX,2023,1.0626323213347482
MHL,2023,0.0217628788576899
MKD,2023,1.0682505739702866
MLI,2023,0.5866213127693907
MLT,2023,0.7685458180724773
MMR,2023,0.7554441482022496
MNE,2023,0.4551319029335874
MNG,2023,6.428752957929897
MOZ,2023,0.3892712508919865
MRT,2023,0.7809596283005744
MUS,2023,0.934552010576044
MWI,2023,0.2654301118582094
MYS,2023,2.3317358255994676
NAM,2023,1.2554200534054971
NCL,2023,3.9390810732418786
NER,2023,0.4278057997687305
NGA,2023,0.3723325656301631
NIC,2023,1.1982381748253077
NLD,2023,1.8271714484988024
NOR,2023,2.28246805193499
NPL,2023,0.4330865524426333
NRU,2023,0.0217628788576899
NZL,2023,3.4412552193727253
OMN,2023,4.882400583612145
PAK,2023,0.4165269020685758
PAN,2023,1.050912472921172
PER,2023,0.9480584692947344
PHL,2023,0.5507093102974705
PLW,2023,17.9543750575942
PNG,2023,0.2176287885769059
POL,2023,2.0319951646069567
PRK,2023,0.7474434247668134
PRT,2023,1.1506691178558826
PRY,2023,2.142472196930897
PSE,2023,2.8747967681346385
PYF,2023,0.8052265177345278
QAT,2023,11.715924342574848
ROU,2023,1.037458327496583
RUS,2023,4.044565023465853
RWA,2023,0.1516207301978441
SAU,2023,5.181760665785939
SDN,2023,0.5799718585278895
SEN,2023,0.4187147741288852
SGP,2023,2.1441278074687147
SLB,2023,0.1523401520038295
SLE,2023,0.4268970217431794
SLV,2023,0.3245311086239285
SMR,2023,246.42314690012765
SOM,2023,0.5597725659255776
SRB,2023,1.4250463760085996
SSD,2023,1.10632103090657
STP,2023,0.2809074288061992
SUR,2023,1.9635128566788371
SVK,2023,0.9682478746727022
SVN,2023,1.8216290554042656
SWE,2023,1.186931076681866
SWZ,2023,0.3084459622937512
SXM,2023,1.975250180538421
SYC,2023,1.3627578121335735
SYR,2023,0.3605621066401295
TCA,2023,1.7524115622019691
TCD,2023,1.3691000996985292
TGO,2023,0.2801190855401147
THA,2023,1.364055171569353
TJK,2023,0.4336112327418984
TKM,2023,3.921340600464223
TLS,2023,0.7651593052331167
TON,2023,0.5875977291576283
TTO,2023,6.694005699346208
TUN,2023,0.7659370847393729
TUR,2023,1.6738493355660935
TUV,2023,0.0870515154307597
TZA,2023,0.583783579954705
UGA,2023,0.2789698600674921
UKR,2023,1.291849596246092
URY,2023,2.562472757498605
USA,2023,3.923378564032429
UZB,2023,1.16499254672888
VCT,2023,0.5820731887561533
VEN,2023,1.5316990170222735
VGB,2023,1.1276392277166518
VNM,2023,1.2234743001796924
VUT,2023,0.4134946982961087
WSM,2023,0.5005462137268685
YEM,2023,0.1471436902350867
ZAF,2023,1.863883609359329
ZMB,2023,1.0376344777306858
ZWE,2023,0.4132474902885945
TWN,2023,2.678116455295344
