iso_code,year,emissions_kg,source,population,emissions_t_per_capita
ABW,2000,2457000000.0,OWID,90588.0,27.122797721552523
ABW,2001,2487000000.0,OWID,91439.0,27.198460175636217
ABW,2002,2516000000.0,OWID,92074.0,27.325846601646504
ABW,2003,2646000000.0,OWID,93128.0,28.412507516536383
ABW,2004,2708000000.0,OWID,95138.0,28.46391557526961
ABW,2005,2808000000.0,OWID,97635.0,28.760178214779536
ABW,2006,2775000000.0,OWID,99405.0,27.916100799758564
ABW,2007,2887000000.0,OWID,100150.0,28.826759860209684
ABW,2008,2718000000.0,OWID,100917.0,26.933024168375994
ABW,2009,2685000000.0,OWID,101604.0,26.426124955710407
ABW,2010,2553000000.0,OWID,101838.0,25.06922759677134
ABW,2011,2546000000.0,OWID,102591.0,24.816991743915157
ABW,2012,1376000000.0,OWID,104110.0,13.216789933723945
ABW,2013,891000000.0,OWID,105675.0,8.43151171043293
ABW,2014,901000000.0,OWID,106807.0,8.43577668130366
ABW,2015,927000000.0,OWID,107906.0,8.59081052026764
ABW,2016,913000000.0,OWID,108727.0,8.397178253791607
ABW,2017,920000000.0,OWID,108735.0,8.460937140755046
ABW,2018,898000000.0,OWID,108908.0,8.245491607595403
ABW,2019,863000000.0,OWID,109203.0,7.902713295422287
ABW,2020,851000000.0,OWID,108587.0,7.837033899085526
ABW,2021,892000000.0,OWID,107700.0,8.282265552460538
ABW,2022,920000000.0,OWID,107310.0,8.573292330630881
ABW,2023,919000000.0,OWID,107359.0,8.560064829217858
AFG,2000,16009000000.0,OWID,20130327.0,0.7952677569519859
AFG,2001,14895000000.0,OWID,20284307.0,0.7343115049481355
AFG,2002,20037000000.0,OWID,21378117.0,0.9372668322471993
AFG,2003,20769000000.0,OWID,22733049.0,0.9136038021120704
AFG,2004,18934000000.0,OWID,23560654.0,0.8036279468303383
AFG,2005,19199000000.0,OWID,24404567.0,0.7866970145383034
AFG,2006,19426000000.0,OWID,25424094.0,0.7640783581117975
AFG,2007,20244000000.0,OWID,25909852.0,0.7813244166736267
AFG,2008,23057000000.0,OWID,26482622.0,0.8706464186212378
AFG,2009,25670000000.0,OWID,27466101.0,0.9346066265466657
AFG,2010,29565000000.0,OWID,28284089.0,1.0452873345151756
AFG,2011,32976999999.999996,OWID,29347708.0,1.1236652620368173
AFG,2012,30964000000.0,OWID,30560034.0,1.0132187680157685
AFG,2013,30170000000.0,OWID,31622704.0,0.954061360470629
AFG,2014,30691000000.0,OWID,32792523.0,0.9359145680861458
AFG,2015,30707000000.0,OWID,33831764.0,0.9076381592162915
AFG,2016,29947000000.0,OWID,34700612.0,0.863010715776425
AFG,2017,33677999999.999996,OWID,35688935.0,0.9436538243576055
AFG,2018,33581000000.000004,OWID,36743039.0,0.9139418217420721
AFG,2019,36551000000.0,OWID,37856121.0,0.9655241750732992
AFG,2020,35765000000.0,OWID,39068979.0,0.9154321642242046
AFG,2021,33333000000.0,OWID,40000412.0,0.8333164168409065
AFG,2022,36650000000.0,OWID,40578842.0,0.9031800365323387
AFG,2023,38675000000.0,OWID,41454761.0,0.9329447105002004
AGO,2000,116786000000.0,OWID,16194869.0,7.211296368003965
AGO,2001,126604000000.0,OWID,16747208.0,7.5597078629464685
AGO,2002,137304000000.0,OWID,17327699.0,7.923960359653061
AGO,2003,141321000000.0,OWID,17943712.0,7.87579515319907
AGO,2004,144092000000.0,OWID,18600423.0,7.746705545352382
AGO,2005,144177000000.0,OWID,19291161.0,7.473733695965732
AGO,2006,140936000000.0,OWID,20015279.0,7.041420706651153
AGO,2007,161500000000.0,OWID,20778561.0,7.7724342893620015
AGO,2008,194451000000.0,OWID,21578655.0,9.011265994103896
AGO,2009,209619000000.0,OWID,22414773.0,9.351823460358043
AGO,2010,226011000000.0,OWID,23294825.0,9.702197805735823
AGO,2011,207032000000.0,OWID,24218352.0,8.548558547666662
AGO,2012,202332000000.0,OWID,25177394.0,8.036256651502535
AGO,2013,205220000000.0,OWID,26165620.0,7.8431162724215975
AGO,2014,201202000000.0,OWID,27160769.0,7.407816766896402
AGO,2015,211532000000.0,OWID,28157798.0,7.51237721074638
AGO,2016,198189000000.0,OWID,29183070.0,6.791232039672317
AGO,2017,193460000000.0,OWID,30234839.0,6.398578805066566
AGO,2018,178217000000.0,OWID,31297155.0,5.694351451433844
AGO,2019,172219000000.0,OWID,32375632.0,5.31940195020749
AGO,2020,158351000000.0,OWID,33451132.0,4.733800936841241
AGO,2021,157436000000.0,OWID,34532429.0,4.559076918684173
AGO,2022,161249000000.0,OWID,35635029.0,4.525013856450068
AGO,2023,160814000000.0,OWID,36749906.0,4.375902349246825
ALB,2000,7124000000.0,OWID,3089027.0,2.3062278186626406
ALB,2001,7202000000.0,OWID,3060173.0,2.353461716053308
ALB,2002,7704000000.0,OWID,3051010.0,2.525065470123008
ALB,2003,8847000000.0,OWID,3039616.0,2.9105650187392094
ALB,2004,7716000000.0,OWID,3026939.0,2.5491098433103545
ALB,2005,10937000000.0,OWID,3011487.0,3.631760655118219
ALB,2006,8404999999.999999,OWID,2992547.0,2.8086442752611736
ALB,2007,11476000000.0,OWID,2970017.0,3.863950947082121
ALB,2008,10527000000.0,OWID,2947314.0,3.571726663667326
ALB,2009,9234000000.0,OWID,2927519.0,3.1542066849096453
ALB,2010,9359000000.0,OWID,2913021.0,3.2128158362057806
ALB,2011,9830000000.0,OWID,2905195.0,3.3835938723562444
ALB,2012,9602000000.0,OWID,2860708.0,3.3565117446450317
ALB,2013,9960000000.0,OWID,2816902.0,3.535799257482156
ALB,2014,10844000000.0,OWID,2773767.0,3.9094848269519393
ALB,2015,10131000000.0,OWID,2731293.0,3.7092322207833432
ALB,2016,9365000000.0,OWID,2689469.0,3.482099998178079
ALB,2017,10080000000.0,OWID,2648285.0,3.8062368665003956
ALB,2018,9622000000.0,OWID,2607733.0,3.6897949291587753
ALB,2019,8936000000.0,OWID,2567801.0,3.480020453298367
ALB,2020,8303000000.000001,OWID,2528480.0,3.283791052331836
ALB,2021,8336000000.0,OWID,2489762.0,3.348111184924503
ALB,2022,7418000000.0,OWID,2451636.0,3.0257346522893287
ALB,2023,7044000000.0,OWID,2414095.0,2.917863630055984
AND,2000,679000000.0,OWID,65685.0,10.337215498211158
AND,2001,676000000.0,OWID,65852.0,10.26544372228634
AND,2002,679000000.0,OWID,66506.0,10.209605148407663
AND,2003,685000000.0,OWID,69486.0,9.858100912414011
AND,2004,717000000.0,OWID,74325.0,9.646821392532795
AND,2005,734000000.0,OWID,77421.0,9.480631869906098
AND,2006,697000000.0,OWID,79585.0,8.757931771062385
AND,2007,692000000.0,OWID,81877.0,8.451701943158639
AND,2008,692000000.0,OWID,83495.0,8.287921432421102
AND,2009,665000000.0,OWID,83888.0,7.927236315086782
AND,2010,661000000.0,OWID,80706.0,8.190221297053503
AND,2011,622000000.0,OWID,77783.0,7.996605942172454
AND,2012,614000000.0,OWID,76834.0,7.991253871983758
AND,2013,600000000.0,OWID,75194.0,7.979360055323562
AND,2014,581000000.0,OWID,73737.0,7.879355004950026
AND,2015,579000000.0,OWID,72174.0,8.02227949122953
AND,2016,586000000.0,OWID,72181.0,8.11847993239218
AND,2017,588000000.0,OWID,73763.0,7.971476214362214
AND,2018,613000000.0,OWID,75162.0,8.155716984646496
AND,2019,610000000.0,OWID,76474.0,7.976567199309569
AND,2020,486000000.0,OWID,77380.0,6.280692685448436
AND,2021,527000000.0,OWID,78364.0,6.725026798019498
AND,2022,533000000.0,OWID,79705.0,6.687158898437991
AND,2023,527000000.0,OWID,80856.0,6.517759968338775
ARE,2000,138192000000.0,OWID,3493575.0,39.556042163113716
ARE,2001,126727000000.0,OWID,3723590.0,34.0335536404384
ARE,2002,108602000000.0,OWID,3956826.0,27.44674645789327
ARE,2003,132398000000.0,OWID,4192457.0,31.580049598600535
ARE,2004,137286000000.0,OWID,4428967.0,30.997295757678934
ARE,2005,141107000000.0,OWID,4664790.0,30.249378857354777
ARE,2006,150191000000.0,OWID,5009100.0,29.98362979377533
ARE,2007,161860000000.0,OWID,5624635.0,28.776978417266186
ARE,2008,183023000000.0,OWID,6302664.0,29.03899049671694
ARE,2009,196882000000.0,OWID,6707058.0,29.354450192617982
ARE,2010,215163000000.0,OWID,6869838.0,31.319952522897918
ARE,2011,230050000000.0,OWID,7104538.0,32.380712158904636
ARE,2012,241318000000.0,OWID,7391448.0,32.648271353596755
ARE,2013,248773000000.0,OWID,7693031.0,32.337449309641414
ARE,2014,248748000000.0,OWID,8059440.0,30.8641791489235
ARE,2015,261636000000.00003,OWID,8505237.0,30.761753023460727
ARE,2016,265601999999.99997,OWID,8935095.0,29.725705210744817
ARE,2017,232920000000.0,OWID,9223225.0,25.253639589189245
ARE,2018,240554000000.0,OWID,9346701.0,25.73678135205138
ARE,2019,241486000000.0,OWID,9445785.0,25.565477088457975
ARE,2020,251212000000.0,OWID,9401038.0,26.721730089804975
ARE,2021,248391000000.0,OWID,9575152.0,25.941206990761085
ARE,2022,246914000000.0,OWID,10074977.0,24.50764900009201
ARE,2023,249873000000.0,OWID,10483751.0,23.83431273787407
ARG,2000,329932000000.0,OWID,37213984.0,8.865807004162736
ARG,2001,319058000000.0,OWID,37624825.0,8.479986285650499
ARG,2002,394168000000.0,OWID,38029349.0,10.364836905307003
ARG,2003,455750000000.0,OWID,38424282.0,11.860989360842188
ARG,2004,507462000000.0,OWID,38815916.0,13.073554672779073
ARG,2005,518318999999.99994,OWID,39216789.0,13.216762851237004
ARG,2006,529458999999.99994,OWID,39622115.0,13.362714231686015
ARG,2007,436537000000.0,OWID,40016763.0,10.908853372273015
ARG,2008,404480000000.0,OWID,40424148.0,10.005900433572528
ARG,2009,540889000000.0,OWID,40854831.0,13.239291088977946
ARG,2010,479330000000.0,OWID,41288694.0,11.609231330978888
ARG,2011,479874000000.0,OWID,41730660.0,11.49931489221594
ARG,2012,430562000000.0,OWID,42161721.0,10.21215429038108
ARG,2013,403474000000.0,OWID,42582455.0,9.47512302895641
ARG,2014,449449000000.0,OWID,43024071.0,10.44645449753
ARG,2015,413000000000.0,OWID,43477012.0,9.49927285711355
ARG,2016,414578000000.0,OWID,43900313.0,9.443622873486119
ARG,2017,396408000000.0,OWID,44288894.0,8.950505740784585
ARG,2018,406818000000.0,OWID,44654882.0,9.110269287017712
ARG,2019,432561000000.0,OWID,44973465.0,9.618138162136272
ARG,2020,397663000000.0,OWID,45191965.0,8.799418215162806
ARG,2021,437433000000.0,OWID,45312281.0,9.65374045062971
ARG,2022,432106000000.0,OWID,45407904.0,9.516096580894814
ARG,2023,427118000000.0,OWID,45538401.0,9.379292874161303
ARM,2000,6047000000.0,OWID,3221100.0,1.8773089938219862
ARM,2001,6896000000.0,OWID,3211800.0,2.147082632791581
ARM,2002,6927000000.0,OWID,3199800.0,2.164822801425089
ARM,2003,7586000000.0,OWID,3182500.0,2.3836606441476826
ARM,2004,9073000000.0,OWID,3164900.0,2.866757243514803
ARM,2005,11676000000.0,OWID,3146400.0,3.7109077040427154
ARM,2006,9912000000.0,OWID,3127100.0,3.1697099549103003
ARM,2007,9661000000.0,OWID,3107400.0,3.1090300572826157
ARM,2008,9818000000.0,OWID,3087100.0,3.18033105503547
ARM,2009,8521000000.000001,OWID,3066000.0,2.779191128506197
ARM,2010,8032000000.0,OWID,3044800.0,2.637940094587494
ARM,2011,8712000000.0,OWID,3027900.0,2.877241652630536
ARM,2012,9617000000.0,OWID,3024100.0,3.1801197050362093
ARM,2013,9309000000.0,OWID,3022000.0,3.0804103242885508
ARM,2014,9150000000.0,OWID,3013800.0,3.036034242484571
ARM,2015,9162000000.0,OWID,3004600.0,3.049324369300406
ARM,2016,9319000000.0,OWID,2992300.0,3.114326772048257
ARM,2017,9137000000.0,OWID,2979400.0,3.0667248439283075
ARM,2018,9200000000.0,OWID,2969000.0,3.0986864264061973
ARM,2019,9219000000.0,OWID,2962500.0,3.1118987341772155
ARM,2020,9764000000.0,OWID,2961500.0,3.296977882829647
ARM,2021,10408000000.0,OWID,2962300.0,3.51348614252439
ARM,2022,10645000000.0,OWID,2969200.0,3.585140778660919
ARM,2023,10404000000.0,OWID,2964300.0,3.5097662179941302
ATG,2000,417000000.0,OWID,74912.0,5.566531396838958
ATG,2001,437000000.0,OWID,76069.0,5.744784340532937
ATG,2002,470000000.0,OWID,77032.0,6.101360473569425
ATG,2003,501000000.0,OWID,77884.0,6.432643418417133
ATG,2004,520000000.0,OWID,78719.0,6.605774971734905
ATG,2005,551000000.0,OWID,79611.0,6.921154111868963
ATG,2006,591000000.0,OWID,80604.0,7.332142325442907
ATG,2007,613000000.0,OWID,81704.0,7.502692646626848
ATG,2008,622000000.0,OWID,82912.0,7.501929756850637
ATG,2009,634000000.0,OWID,84173.0,7.532106494956816
ATG,2010,603000000.0,OWID,85320.0,7.067510548523207
ATG,2011,597000000.0,OWID,86332.0,6.91516471296854
ATG,2012,611000000.0,OWID,87260.0,7.0020628008251204
ATG,2013,619000000.0,OWID,88064.0,7.028978924418605
ATG,2014,626000000.0,OWID,88765.0,7.052329183799921
ATG,2015,635000000.0,OWID,89409.0,7.1021932915030925
ATG,2016,652000000.0,OWID,89969.0,7.246940612877769
ATG,2017,667000000.0,OWID,90468.0,7.372772693106954
ATG,2018,676000000.0,OWID,90926.0,7.434617161208015
ATG,2019,695000000.0,OWID,91364.0,7.606934897771551
ATG,2020,671000000.0,OWID,91846.0,7.305707379744354
ATG,2021,690000000.0,OWID,92349.0,7.471656433745898
ATG,2022,700000000.0,OWID,92840.0,7.539853511417493
ATG,2023,699000000.0,OWID,93316.0,7.490676839984569
AUS,2000,771373000000.0,OWID,19028802.0,40.53712892698132
AUS,2001,736087000000.0,OWID,19274701.0,38.18928241740299
AUS,2002,700182000000.0,OWID,19495210.0,35.915591573519855
AUS,2003,734551000000.0,OWID,19720737.0,37.247644446553906
AUS,2004,761870000000.0,OWID,19932722.0,38.22207523889612
AUS,2005,637517000000.0,OWID,20176844.0,31.596467713186463
AUS,2006,662826000000.0,OWID,20450966.0,32.41049835983298
AUS,2007,697449000000.0,OWID,20827622.0,33.48673218670859
AUS,2008,797295000000.0,OWID,21249199.0,37.521179033619106
AUS,2009,709313000000.0,OWID,21691653.0,32.69981314932522
AUS,2010,908156000000.0,OWID,22031750.0,41.22032975138153
AUS,2011,868660000000.0,OWID,22340024.0,38.8835750579319
AUS,2012,796274000000.0,OWID,22733465.0,35.0265126763562
AUS,2013,693835000000.0,OWID,23128129.0,29.999616484325212
AUS,2014,671159000000.0,OWID,23475686.0,28.589537276993738
AUS,2015,637966000000.0,OWID,23815995.0,26.787291482048094
AUS,2016,677373000000.0,OWID,24190907.0,28.001141089914487
AUS,2017,716287000000.0,OWID,24592588.0,29.126133451265886
AUS,2018,681078000000.0,OWID,24963258.0,27.28321759924125
AUS,2019,645710000000.0,OWID,25334826.0,25.48705090771099
AUS,2020,637903000000.0,OWID,25649248.0,24.870241809818364
AUS,2021,625994000000.0,OWID,25685412.0,24.37157714269874
AUS,2022,609020000000.0,OWID,26018721.0,23.406992219179415
AUS,2023,611479000000.0,OWID,26659922.0,22.93626365448481
AUT,2000,79593000000.0,OWID,8011566.0,9.93476181810148
AUT,2001,83539000000.0,OWID,8042293.0,10.387460392204064
AUT,2002,85260000000.0,OWID,8081957.0,10.549425095926642
AUT,2003,92458000000.0,OWID,8121423.0,11.384458117746115
AUT,2004,91037000000.0,OWID,8171966.0,11.140158928708221
AUT,2005,92129000000.0,OWID,8227829.0,11.19724291790702
AUT,2006,90179000000.0,OWID,8268641.0,10.906145278286964
AUT,2007,87998000000.0,OWID,8295487.0,10.607936580456336
AUT,2008,88091000000.0,OWID,8321496.0,10.585957140398794
AUT,2009,80774000000.0,OWID,8343323.0,9.68127447540986
AUT,2010,85611000000.0,OWID,8363404.0,10.23638221948862
AUT,2011,83299000000.0,OWID,8391643.0,9.92642322844287
AUT,2012,80307000000.0,OWID,8429991.0,9.526344690047711
AUT,2013,81276000000.0,OWID,8479823.0,9.584634018894027
AUT,2014,76998000000.0,OWID,8546356.0,9.009453853782828
AUT,2015,78641000000.0,OWID,8642699.0,9.09912516911673
AUT,2016,79291000000.0,OWID,8736668.0,9.075656760678099
AUT,2017,82007000000.0,OWID,8797566.0,9.321555530245526
AUT,2018,79038000000.0,OWID,8840521.0,8.940423307630851
AUT,2019,80427000000.0,OWID,8879920.0,9.057176190776493
AUT,2020,74417000000.0,OWID,8916864.0,8.345647079511362
AUT,2021,78633000000.0,OWID,8955797.0,8.780123086755987
AUT,2022,74005000000.0,OWID,9041851.0,8.18471792999022
AUT,2023,69192000000.0,OWID,9131761.0,7.577070840991129
AZE,2000,41017000000.0,OWID,8048600.0,5.096165792808687
AZE,2001,39851000000.0,OWID,8111200.0,4.913083144294309
AZE,2002,39970000000.0,OWID,8171950.0,4.891121458158701
AZE,2003,41913000000.0,OWID,8234100.0,5.090173789485189
AZE,2004,44232000000.0,OWID,8306500.0,5.324986456389574
AZE,2005,47177000000.0,OWID,8391850.0,5.621763973378933
AZE,2006,48468000000.0,OWID,8484550.0,5.712500957622973
AZE,2007,47200000000.0,OWID,8581300.0,5.500332117511332
AZE,2008,51361000000.0,OWID,8763400.0,5.860853093548166
AZE,2009,45978000000.0,OWID,8947243.0,5.138789680798878
AZE,2010,44614000000.0,OWID,9054332.0,4.927365155154461
AZE,2011,47194000000.0,OWID,9173082.0,5.144835726967229
AZE,2012,50620000000.0,OWID,9295784.0,5.445479370002573
AZE,2013,51030000000.0,OWID,9416801.0,5.419037739036856
AZE,2014,52082000000.0,OWID,9535079.0,5.46214666915712
AZE,2015,54336000000.0,OWID,9649341.0,5.631058120963909
AZE,2016,56554000000.0,OWID,9757812.0,5.795766509951206
AZE,2017,54148000000.0,OWID,9854033.0,5.495008997838753
AZE,2018,53677000000.0,OWID,9939771.0,5.400225015244315
AZE,2019,56193000000.0,OWID,10024283.0,5.605687708537359
AZE,2020,54282000000.0,OWID,10093121.0,5.378118423429185
AZE,2021,56195000000.0,OWID,10137750.0,5.543143202387117
AZE,2022,58804000000.0,OWID,10141756.0,5.7982069377334655
AZE,2023,60412000000.0,OWID,10153958.0,5.949601130908755
BDI,2000,6191000000.0,OWID,6470194.0,0.9568492073035213
BDI,2001,6355000000.0,OWID,6634365.0,0.9578912224455544
BDI,2002,5693000000.0,OWID,6824132.0,0.8342452930277433
BDI,2003,5773000000.0,OWID,7043154.0,0.8196611915627573
BDI,2004,4753000000.0,OWID,7310656.0,0.6501468541263602
BDI,2005,5052000000.0,OWID,7587299.0,0.6658495994424367
BDI,2006,5602000000.0,OWID,7865547.0,0.7122200147046354
BDI,2007,5763000000.0,OWID,8161874.0,0.7060878420813651
BDI,2008,5906000000.0,OWID,8505637.0,0.6943630441788193
BDI,2009,6101000000.0,OWID,8947646.0,0.6818553170297529
BDI,2010,6702000000.0,OWID,9376444.0,0.7147699063738876
BDI,2011,7544000000.0,OWID,9717978.0,0.7762931753910124
BDI,2012,6979000000.0,OWID,10071028.0,0.6929779164550034
BDI,2013,7951000000.0,OWID,10439341.0,0.761638114896333
BDI,2014,8020000000.0,OWID,10799785.0,0.74260737598017
BDI,2015,7828000000.0,OWID,11047580.0,0.7085714699508853
BDI,2016,8230000000.0,OWID,11239451.0,0.7322421709031873
BDI,2017,8703000000.0,OWID,11506762.0,0.7563378820210238
BDI,2018,8731000000.0,OWID,11859446.0,0.7362063961503766
BDI,2019,8472000000.0,OWID,12255336.0,0.6912907161419319
BDI,2020,8414000000.0,OWID,12617036.0,0.6668761189236522
BDI,2021,8969000000.0,OWID,12965481.0,0.6917599123395423
BDI,2022,9280000000.0,OWID,13321097.0,0.6966393233229966
BDI,2023,9288000000.0,OWID,13689450.0,0.6784786824890701
BEL,2000,152466000000.0,OWID,10251250.0,14.872917936836972
BEL,2001,150412000000.0,OWID,10286570.0,14.622172405379054
BEL,2002,151020000000.0,OWID,10332785.0,14.615614280177125
BEL,2003,151658000000.0,OWID,10376133.0,14.616042411946724
BEL,2004,153557000000.0,OWID,10421137.0,14.73514838160174
BEL,2005,148796000000.0,OWID,10478617.0,14.199965510715774
BEL,2006,146462000000.0,OWID,10547958.0,13.885341598819412
BEL,2007,143205000000.0,OWID,10625700.0,13.477229735452724
BEL,2008,142555000000.0,OWID,10709973.0,13.310491072199715
BEL,2009,129971000000.0,OWID,10796493.0,12.038260942696855
BEL,2010,137439000000.0,OWID,10895586.0,12.614190737423392
BEL,2011,127768000000.0,OWID,11038264.0,11.575008533950628
BEL,2012,125317000000.0,OWID,11106932.0,11.282773676835332
BEL,2013,125772000000.0,OWID,11159407.0,11.270491344208523
BEL,2014,120213000000.0,OWID,11209057.0,10.724630983676862
BEL,2015,125064000000.0,OWID,11274196.0,11.09294179380951
BEL,2016,122915000000.0,OWID,11331422.0,10.847270536742874
BEL,2017,122465000000.0,OWID,11375158.0,10.76600430517097
BEL,2018,123423000000.0,OWID,11427054.0,10.800946595684241
BEL,2019,123012000000.0,OWID,11488980.0,10.706955708861884
BEL,2020,114199000000.0,OWID,11538604.0,9.897124470169874
BEL,2021,118134000000.0,OWID,11586195.0,10.196099754923857
BEL,2022,111423000000.0,OWID,11680210.0,9.53946889653525
BEL,2023,107044000000.0,OWID,11779946.0,9.08696864994118
BEN,2000,28571000000.0,OWID,7221619.0,3.9563150589916196
BEN,2001,29252000000.0,OWID,7445596.0,3.928765407094341
BEN,2002,30527000000.0,OWID,7675426.0,3.9772385272166004
BEN,2003,24629000000.0,OWID,7913070.0,3.1124456121328383
BEN,2004,24335000000.0,OWID,8159094.0,2.9825615442106685
BEN,2005,19230000000.0,OWID,8426144.0,2.282182692344209
BEN,2006,20712000000.0,OWID,8693242.0,2.3825403687139963
BEN,2007,32750999999.999996,OWID,8953969.0,3.6577075484625867
BEN,2008,34669000000.0,OWID,9228466.0,3.7567457039989094
BEN,2009,22641000000.0,OWID,9509423.0,2.3809015541742125
BEN,2010,27193000000.0,OWID,9797484.0,2.7755084876892884
BEN,2011,30670000000.0,OWID,10093623.0,3.038552163083563
BEN,2012,37231000000.0,OWID,10397657.0,3.580710538922374
BEN,2013,29419000000.0,OWID,10708834.0,2.747171167281144
BEN,2014,28897000000.0,OWID,11030004.0,2.619853990986767
BEN,2015,21051000000.0,OWID,11360681.0,1.8529699055892863
BEN,2016,31745000000.0,OWID,11697842.0,2.713748399063691
BEN,2017,45464000000.0,OWID,12039780.0,3.776148733614734
BEN,2018,43844000000.0,OWID,12383347.0,3.540561368424869
BEN,2019,29936000000.0,OWID,12726755.0,2.3522099702555757
BEN,2020,34615000000.0,OWID,13070169.0,2.648397277801075
BEN,2021,40789000000.0,OWID,13413417.0,3.04091045555357
BEN,2022,40322000000.0,OWID,13759501.0,2.9304841796225025
BEN,2023,40301000000.0,OWID,14111034.0,2.8559919847121056
BFA,2000,35617000000.0,OWID,11925546.0,2.986613778522174
BFA,2001,35983000000.0,OWID,12295001.0,2.926636606210931
BFA,2002,36556000000.0,OWID,12680897.0,2.882761369325845
BFA,2003,40711000000.0,OWID,13082532.0,3.1118593862411346
BFA,2004,41092000000.0,OWID,13500533.0,3.043731680815861
BFA,2005,43234000000.0,OWID,13932123.0,3.103188221924254
BFA,2006,51665000000.0,OWID,14373707.0,3.5944102659112223
BFA,2007,47665000000.0,OWID,14816307.0,3.217063469324711
BFA,2008,48019000000.0,OWID,15258093.0,3.147116746502987
BFA,2009,47630000000.0,OWID,15710066.0,3.031814124778343
BFA,2010,51298000000.0,OWID,16176498.0,3.171143717261919
BFA,2011,50416000000.0,OWID,16661908.0,3.0258239332494212
BFA,2012,52311000000.0,OWID,17172287.0,3.0462453836230434
BFA,2013,51860000000.0,OWID,17695409.0,2.930703664436352
BFA,2014,52732000000.0,OWID,18229461.0,2.8926801511026574
BFA,2015,52205000000.0,OWID,18777487.0,2.7801909808272005
BFA,2016,53406000000.0,OWID,19334856.0,2.7621617662939926
BFA,2017,56974000000.0,OWID,19894407.0,2.863819967089243
BFA,2018,56296000000.0,OWID,20438288.0,2.754438140807097
BFA,2019,56196000000.0,OWID,20961952.0,2.6808572026116653
BFA,2020,52042000000.0,OWID,21478690.0,2.4229596870200183
BFA,2021,57648000000.0,OWID,21995243.0,2.6209303529858707
BFA,2022,57944000000.0,OWID,22509038.0,2.5742548393227644
BFA,2023,58401000000.0,OWID,23025776.0,2.536331457406691
BGD,2000,124543000000.0,OWID,134544304.0,0.925665348122058
BGD,2001,128719000000.0,OWID,136805810.0,0.9408884023273573
BGD,2002,130745000000.0,OWID,138933658.0,0.9410606607651546
BGD,2003,132481000000.0,OWID,140970351.0,0.9397791738491167
BGD,2004,134663000000.00002,OWID,142902856.0,0.942339458911864
BGD,2005,137185000000.0,OWID,144715786.0,0.9479615444302669
BGD,2006,143213000000.0,OWID,146405973.0,0.9781909649273668
BGD,2007,147178000000.0,OWID,147989278.0,0.9945179947428354
BGD,2008,155325000000.0,OWID,149474264.0,1.039142096060095
BGD,2009,158020000000.0,OWID,150873714.0,1.047366011020316
BGD,2010,164582000000.0,OWID,152201981.0,1.0813394077965386
BGD,2011,167877000000.0,OWID,153591076.0,1.093012721650573
BGD,2012,172465000000.0,OWID,155070101.0,1.1121744223278736
BGD,2013,176806000000.0,OWID,156532141.0,1.1295188251465877
BGD,2014,180450000000.0,OWID,157964929.0,1.1423421714069204
BGD,2015,193624000000.0,OWID,159383179.0,1.2148333419802098
BGD,2016,195213000000.0,OWID,160811932.0,1.213921116251498
BGD,2017,204847000000.0,OWID,162186147.0,1.2630363553799695
BGD,2018,208473000000.0,OWID,163523103.0,1.274884075554755
BGD,2019,217989000000.0,OWID,164913055.0,1.3218419851599983
BGD,2020,219778000000.0,OWID,166298024.0,1.3215911693574904
BGD,2021,223934000000.0,OWID,167658854.0,1.335652693892325
BGD,2022,228957000000.0,OWID,169384897.0,1.3516966627786182
BGD,2023,234719000000.0,OWID,171466990.0,1.3688873875957115
BGR,2000,54792000000.0,OWID,8170172.0,6.706345961872039
BGR,2001,56663000000.0,OWID,8009142.0,7.07479028340364
BGR,2002,54355000000.0,OWID,7837161.0,6.9355471962359845
BGR,2003,59688000000.0,OWID,7775327.0,7.676590322181948
BGR,2004,55197000000.0,OWID,7716860.0,7.152779757569789
BGR,2005,56864000000.0,OWID,7658972.0,7.424495088897048
BGR,2006,57148000000.0,OWID,7601022.0,7.518462648838537
BGR,2007,61869000000.0,OWID,7545338.0,8.199632673844432
BGR,2008,61401000000.0,OWID,7492561.0,8.194928276192881
BGR,2009,54552000000.0,OWID,7444443.0,7.32788201884278
BGR,2010,57977000000.0,OWID,7395599.0,7.839392049244422
BGR,2011,66638000000.00001,OWID,7348328.0,9.068457477673833
BGR,2012,61776000000.0,OWID,7305888.0,8.4556456381483
BGR,2013,52799000000.0,OWID,7160005.0,7.374156861622303
BGR,2014,55441000000.0,OWID,7073572.0,7.837765700271377
BGR,2015,59445000000.0,OWID,6984225.0,8.511323733127155
BGR,2016,56654000000.0,OWID,6894139.0,8.217704922978779
BGR,2017,59100000000.0,OWID,6803468.0,8.686746230010929
BGR,2018,54545000000.0,OWID,6710798.0,8.127945439573654
BGR,2019,53111000000.0,OWID,6616726.0,8.026779407217406
BGR,2020,47400000000.0,OWID,6550696.0,7.235872340893243
BGR,2021,52340000000.0,OWID,6507301.0,8.043273240318836
BGR,2022,56641000000.0,OWID,6465097.0,8.761044111171108
BGR,2023,43330000000.0,OWID,6446596.0,6.7213766769315155
BHR,2000,38444000000.0,OWID,637582.0,60.296557932940395
BHR,2001,39291000000.0,OWID,661316.0,59.41335155961749
BHR,2002,38355000000.0,OWID,710553.0,53.979083896626996
BHR,2003,38121000000.0,OWID,764517.0,49.86285458662135
BHR,2004,38179000000.0,OWID,823741.0,46.348306081644594
BHR,2005,41369000000.0,OWID,888822.0,46.54362740796245
BHR,2006,40362000000.0,OWID,960424.0,42.02518887491358
BHR,2007,43498000000.0,OWID,1039295.0,41.85337175681592
BHR,2008,48241000000.0,OWID,1103496.0,43.71651551070416
BHR,2009,47484000000.0,OWID,1178415.0,40.29480276473059
BHR,2010,47669000000.0,OWID,1228543.0,38.80124668001039
BHR,2011,47249000000.0,OWID,1195020.0,39.53825040585095
BHR,2012,48464000000.0,OWID,1208964.0,40.087215169351616
BHR,2013,55125000000.0,OWID,1253191.0,43.98770817856177
BHR,2014,55479000000.0,OWID,1314562.0,42.20341071779041
BHR,2015,56917000000.0,OWID,1370322.0,41.53549311767599
BHR,2016,56183000000.0,OWID,1423726.0,39.46194703194295
BHR,2017,56888000000.0,OWID,1501116.0,37.897137862763444
BHR,2018,56503000000.0,OWID,1503091.0,37.59120372618823
BHR,2019,62152000000.0,OWID,1483756.0,41.88828891003642
BHR,2020,61999000000.0,OWID,1472204.0,42.113049550198205
BHR,2021,60473000000.0,OWID,1504365.0,40.198356117032766
BHR,2022,62006000000.0,OWID,1524693.0,40.66785903785221
BHR,2023,62925000000.0,OWID,1577059.0,39.90021933231414
BHS,2000,2312000000.0,OWID,323835.0,7.139438294193031
BHS,2001,2223000000.0,OWID,327836.0,6.780829439109799
BHS,2002,2313000000.0,OWID,331614.0,6.97497693101015
BHS,2003,2337000000.0,OWID,335618.0,6.963273721910029
BHS,2004,2345000000.0,OWID,339782.0,6.901483892613499
BHS,2005,2199000000.0,OWID,343894.0,6.394412231676039
BHS,2006,2151000000.0,OWID,348375.0,6.17438105489774
BHS,2007,2200000000.0,OWID,353334.0,6.22640334640878
BHS,2008,2267000000.0,OWID,358120.0,6.3302803529543175
BHS,2009,2551000000.0,OWID,362810.0,7.031228466690554
BHS,2010,2649000000.0,OWID,367478.0,7.208594800232938
BHS,2011,2501000000.0,OWID,371729.0,6.728019605680482
BHS,2012,2413000000.0,OWID,375469.0,6.426629095877423
BHS,2013,2373000000.0,OWID,378953.0,6.261990273200106
BHS,2014,2423000000.0,OWID,382298.0,6.337987643147493
BHS,2015,2595000000.0,OWID,385346.0,6.734207699054876
BHS,2016,2622000000.0,OWID,388055.0,6.75677416861012
BHS,2017,2915000000.0,OWID,390485.0,7.465075483053126
BHS,2018,2837000000.0,OWID,392717.0,7.2240315545290885
BHS,2019,2907000000.0,OWID,394675.0,7.365553936783429
BHS,2020,2444000000.0,OWID,395863.0,6.173853075432662
BHS,2021,3110000000.0,OWID,396373.0,7.8461449190535175
BHS,2022,3348000000.0,OWID,397538.0,8.421836403060839
BHS,2023,3350000000.0,OWID,399440.0,8.386741438013217
BIH,2000,14966000000.0,OWID,4159771.0,3.597794205498331
BIH,2001,13986000000.0,OWID,4179438.0,3.3463829347390726
BIH,2002,16985000000.0,OWID,4188002.0,4.055633211254436
BIH,2003,17142000000.0,OWID,4178523.0,4.102406520198644
BIH,2004,17814000000.0,OWID,4140987.0,4.301872959272753
BIH,2005,18575000000.0,OWID,4096493.0,4.534366347019268
BIH,2006,19976000000.0,OWID,4063272.0,4.9162349948514406
BIH,2007,21083000000.0,OWID,4013424.0,5.253120527509677
BIH,2008,23414000000.0,OWID,3947544.0,5.931282843205801
BIH,2009,24732000000.0,OWID,3879794.0,6.374565247536339
BIH,2010,24933000000.0,OWID,3811472.0,6.541567142563292
BIH,2011,27990000000.0,OWID,3741798.0,7.48036104567911
BIH,2012,27007000000.0,OWID,3670113.0,7.358629012240223
BIH,2013,26230000000.0,OWID,3610859.0,7.26419946057157
BIH,2014,25571000000.0,OWID,3564829.0,7.173135092875423
BIH,2015,25801000000.0,OWID,3518541.0,7.332868936300586
BIH,2016,30061000000.0,OWID,3473003.0,8.65562166229053
BIH,2017,29107000000.0,OWID,3428682.0,8.489267887777284
BIH,2018,29802000000.0,OWID,3387000.0,8.798937112488927
BIH,2019,28978000000.0,OWID,3345533.0,8.661699047655485
BIH,2020,28885000000.0,OWID,3299349.0,8.754757377894851
BIH,2021,28094000000.0,OWID,3244907.0,8.657875248812987
BIH,2022,28014000000.0,OWID,3204802.0,8.74125765023861
BIH,2023,27088000000.0,OWID,3185073.0,8.50467163546958
BLR,2000,88358000000.0,OWID,9979610.0,8.853853006279806
BLR,2001,87376000000.0,OWID,9928549.0,8.800480311876388
BLR,2002,86952000000.0,OWID,9865548.0,8.81370198594138
BLR,2003,88974000000.0,OWID,9796749.0,9.081992403806609
BLR,2004,94180000000.0,OWID,9730146.0,9.679197002799341
BLR,2005,95442000000.0,OWID,9663915.0,9.876121633934073
BLR,2006,97951000000.0,OWID,9604924.0,10.197998443298458
BLR,2007,97469000000.0,OWID,9560953.0,10.194485842572389
BLR,2008,102151000000.0,OWID,9527985.0,10.721154577804226
BLR,2009,100278000000.0,OWID,9504583.0,10.5504891692776
BLR,2010,102540000000.0,OWID,9483836.0,10.81208068127707
BLR,2011,101044000000.0,OWID,9461643.0,10.679329160907889
BLR,2012,103409000000.0,OWID,9446836.0,10.946416345112796
BLR,2013,107009000000.0,OWID,9443211.0,11.331844644792964
BLR,2014,105083000000.0,OWID,9448515.0,11.121641866473198
BLR,2015,100888000000.0,OWID,9461076.0,10.663480559716463
BLR,2016,100643000000.0,OWID,9469379.0,10.628257671384787
BLR,2017,101855000000.0,OWID,9458989.0,10.768064113405776
BLR,2018,103849000000.0,OWID,9438785.0,11.002369478698794
BLR,2019,102713000000.0,OWID,9419758.0,10.903995622817487
BLR,2020,99446000000.0,OWID,9379952.0,10.601973229713757
BLR,2021,100735000000.0,OWID,9302585.0,10.828710514335532
BLR,2022,96007000000.0,OWID,9228071.0,10.403799450611075
BLR,2023,94937000000.0,OWID,9178298.0,10.343638875094271
BLZ,2000,6232000000.0,OWID,240799.0,25.88050614828135
BLZ,2001,7110000000.0,OWID,248379.0,28.625608445158406
BLZ,2002,7283000000.0,OWID,256009.0,28.448218617314236
BLZ,2003,6071000000.0,OWID,263780.0,23.015391614223976
BLZ,2004,5030000000.0,OWID,271688.0,18.51388357233297
BLZ,2005,4703000000.0,OWID,279731.0,16.812580657846286
BLZ,2006,5397000000.0,OWID,287878.0,18.747524993226296
BLZ,2007,5407000000.0,OWID,296100.0,18.260722728807835
BLZ,2008,5477000000.0,OWID,304361.0,17.99507821304306
BLZ,2009,6829000000.0,OWID,312614.0,21.84483100564914
BLZ,2010,6903000000.0,OWID,320245.0,21.555371668566256
BLZ,2011,6880000000.0,OWID,327298.0,21.02059896485771
BLZ,2012,6192000000.0,OWID,334414.0,18.515971221300543
BLZ,2013,6302000000.0,OWID,341627.0,18.447019702775247
BLZ,2014,8599000000.0,OWID,348923.0,24.644405785803745
BLZ,2015,10475000000.0,OWID,356333.0,29.39665986591194
BLZ,2016,8294000000.000001,OWID,364705.0,22.741667923390143
BLZ,2017,7909000000.0,OWID,373202.0,21.192276568721496
BLZ,2018,7179000000.0,OWID,380226.0,18.880876110523744
BLZ,2019,9129000000.0,OWID,385829.0,23.660740898169916
BLZ,2020,8273999999.999999,OWID,390812.0,21.171304872931227
BLZ,2021,7547000000.0,OWID,395346.0,19.08960758424266
BLZ,2022,6780000000.0,OWID,402733.0,16.834975033086437
BLZ,2023,8471000000.0,OWID,411106.0,20.605391310270345
BMU,2000,116119000000.0,OWID,61550.0,1886.5800162469538
BMU,2001,116119000000.0,OWID,61867.0,1876.9133786994682
BMU,2002,116119000000.0,OWID,62142.0,1868.6073830903415
BMU,2003,116119000000.0,OWID,62386.0,1861.299009393133
BMU,2004,116119000000.0,OWID,62555.0,1856.2704819758612
BMU,2005,116119000000.0,OWID,62711.0,1851.6528200794119
BMU,2006,116119000000.0,OWID,62834.0,1848.028137632492
BMU,2007,116119000000.0,OWID,63010.0,1842.8662117124265
BMU,2008,116119000000.0,OWID,63300.0,1834.4233807266983
BMU,2009,116119000000.0,OWID,63565.0,1826.7757413671045
BMU,2010,116119000000.0,OWID,63725.0,1822.1890937622597
BMU,2011,116119000000.0,OWID,63733.0,1821.9603659014954
BMU,2012,116119000000.0,OWID,63646.0,1824.4508688684284
BMU,2013,116119000000.0,OWID,63574.0,1826.5171296441943
BMU,2014,116119000000.0,OWID,63529.0,1827.8109209967101
BMU,2015,116119000000.0,OWID,63464.0,1829.6829698726838
BMU,2016,116119000000.0,OWID,63449.0,1830.1155258554115
BMU,2017,116119000000.0,OWID,63578.0,1826.4022146025354
BMU,2018,116119000000.0,OWID,63831.0,1819.163102567718
BMU,2019,116119000000.0,OWID,64107.0,1811.3310558909325
BMU,2020,116119000000.0,OWID,64382.0,1803.594172284179
BMU,2021,116119000000.0,OWID,64648.0,1796.173122138349
BMU,2022,116119000000.0,OWID,64749.0,1793.371326198088
BMU,2023,116119000000.0,OWID,64698.0,1794.78500108195
BOL,2000,116119000000.0,OWID,8606326.0,13.492284628771905
BOL,2001,114616000000.0,OWID,8752736.0,13.094876847650838
BOL,2002,126874000000.0,OWID,8900355.0,14.254937022174957
BOL,2003,239582000000.0,OWID,9050700.0,26.47110168274277
BOL,2004,170640000000.0,OWID,9204287.0,18.53918722873374
BOL,2005,142932000000.0,OWID,9360754.0,15.26928279495434
BOL,2006,127692000000.0,OWID,9521689.0,13.410645947373412
BOL,2007,122738000000.0,OWID,9685960.0,12.671743430697628
BOL,2008,130622999999.99998,OWID,9850858.0,13.26006323510094
BOL,2009,128916000000.0,OWID,10016275.0,12.870653012222608
BOL,2010,131919000000.00002,OWID,10182345.0,12.955660017412495
BOL,2011,127570000000.0,OWID,10348929.0,12.32687942877954
BOL,2012,127762000000.0,OWID,10515807.0,12.149519290340722
BOL,2013,129910000000.0,OWID,10682608.0,12.160888052805083
BOL,2014,115929000000.0,OWID,10848888.0,10.685795631773505
BOL,2015,107861000000.0,OWID,11014705.0,9.79245472302708
BOL,2016,101131000000.0,OWID,11180020.0,9.045690437047519
BOL,2017,131515999999.99998,OWID,11344587.0,11.592841590443088
BOL,2018,145075000000.0,OWID,11508368.0,12.606044575564495
BOL,2019,127225000000.0,OWID,11671386.0,10.900590555397619
BOL,2020,124737000000.0,OWID,11816299.0,10.5563510198921
BOL,2021,136508000000.00002,OWID,11937360.0,11.435359241909435
BOL,2022,144386000000.0,OWID,12077154.0,11.955300064899397
BOL,2023,152311000000.0,OWID,12244159.0,12.439482368695147
BRA,2000,2823803000000.0,OWID,174018282.0,16.22704791442545
BRA,2001,2783375000000.0,OWID,176301203.0,15.787612067513798
BRA,2002,2981136000000.0,OWID,178503484.0,16.70071604876911
BRA,2003,3846776000000.0,OWID,180622688.0,21.297302363255717
BRA,2004,3313758000000.0,OWID,182675143.0,18.14016918547041
BRA,2005,3057048000000.0,OWID,184688101.0,16.552490298224463
BRA,2006,2819171000000.0,OWID,186653106.0,15.10379902277115
BRA,2007,2745828000000.0,OWID,188552320.0,14.562684776299756
BRA,2008,2616450000000.0,OWID,190367302.0,13.744219582415472
BRA,2009,2432428000000.0,OWID,192079951.0,12.66362255579709
BRA,2010,2422236000000.0,OWID,193701929.0,12.504965812704942
BRA,2011,2379088000000.0,OWID,195284734.0,12.182662470687545
BRA,2012,2503241000000.0,OWID,196876111.0,12.714803168780595
BRA,2013,2568796000000.0,OWID,198478299.0,12.942452716203498
BRA,2014,2628207000000.0,OWID,200085127.0,13.135444095252517
BRA,2015,2617904000000.0,OWID,201675532.0,12.980771509753598
BRA,2016,2512195000000.0,OWID,203218114.0,12.362062370089705
BRA,2017,2431265000000.0,OWID,204703445.0,11.877010667797995
BRA,2018,2423189000000.0,OWID,206107261.0,11.756931746329888
BRA,2019,2468734000000.0,OWID,207455459.0,11.90006766705522
BRA,2020,2571217000000.0,OWID,208660842.0,12.322470164286981
BRA,2021,2774466000000.0,OWID,209550294.0,13.24009595519823
BRA,2022,2875004000000.0,OWID,210306415.0,13.670548280707463
BRA,2023,2817818000000.0,OWID,211140729.0,13.345686610753342
BRB,2000,1588000000.0,OWID,262063.0,6.059611620106615
BRB,2001,1557000000.0,OWID,262425.0,5.933123749642755
BRB,2002,1553000000.0,OWID,264148.0,5.879279797689175
BRB,2003,1582000000.0,OWID,265776.0,5.9523809523809526
BRB,2004,1636000000.0,OWID,267298.0,6.12050969330111
BRB,2005,1665000000.0,OWID,268706.0,6.196363311574732
BRB,2006,1688000000.0,OWID,270002.0,6.2518055421811685
BRB,2007,1673000000.0,OWID,271288.0,6.166878004187431
BRB,2008,2007000000.0,OWID,272714.0,7.359358155430231
BRB,2009,1919000000.0,OWID,274123.0,7.000507071643022
BRB,2010,1771000000.0,OWID,275243.0,6.434314405815951
BRB,2011,1823000000.0,OWID,276139.0,6.601747670557219
BRB,2012,1738000000.0,OWID,276938.0,6.275772916681713
BRB,2013,1714000000.0,OWID,277665.0,6.172906199917167
BRB,2014,1530000000.0,OWID,278348.0,5.49671634069582
BRB,2015,1479000000.0,OWID,278990.0,5.3012652783253875
BRB,2016,1536000000.0,OWID,279598.0,5.493601527907924
BRB,2017,1573000000.0,OWID,280171.0,5.614428331269118
BRB,2018,1619000000.0,OWID,280711.0,5.767497533050006
BRB,2019,1551000000.0,OWID,281207.0,5.515509926851038
BRB,2020,1425000000.0,OWID,281698.0,5.058608864812672
BRB,2021,1359000000.0,OWID,282147.0,4.816638135440036
BRB,2022,1489000000.0,OWID,282318.0,5.274194348217258
BRB,2023,1494000000.0,OWID,282336.0,5.291567494049643
BRN,2000,9218000000.0,OWID,326424.0,28.239345146190228
BRN,2001,9554000000.0,OWID,333345.0,28.660996865109723
BRN,2002,8516999999.999999,OWID,340099.0,25.042708152626144
BRN,2003,9600000000.0,OWID,346637.0,27.69467771761237
BRN,2004,8826000000.0,OWID,352911.0,25.009138281323054
BRN,2005,8220000000.000001,OWID,358916.0,22.902294687336315
BRN,2006,10610000000.0,OWID,364663.0,29.095356534663512
BRN,2007,11752000000.0,OWID,370873.0,31.68739703348586
BRN,2008,14242000000.0,OWID,377793.0,37.69789276137991
BRN,2009,12395000000.0,OWID,384952.0,32.198819593092125
BRN,2010,12883000000.0,OWID,392332.0,32.83698500249789
BRN,2011,15156000000.0,OWID,399389.0,37.947965517327724
BRN,2012,15105000000.0,OWID,405557.0,37.24507282576802
BRN,2013,11878000000.0,OWID,411202.0,28.886046274094
BRN,2014,13895000000.0,OWID,416750.0,33.34133173365327
BRN,2015,11545000000.0,OWID,422212.0,27.34408306727426
BRN,2016,12281000000.0,OWID,427564.0,28.723185300914015
BRN,2017,13572000000.0,OWID,432772.0,31.360624069949072
BRN,2018,13698000000.0,OWID,437810.0,31.287544825380873
BRN,2019,13946000000.0,OWID,442680.0,31.503569169603324
BRN,2020,15713000000.0,OWID,447404.0,35.12038336715809
BRN,2021,15828000000.0,OWID,451721.0,35.03932737242678
BRN,2022,15124000000.0,OWID,455370.0,33.21255242989217
BRN,2023,15584000000.0,OWID,458949.0,33.955842588174285
BTN,2000,11172000000.0,OWID,596863.0,18.717863228245008
BTN,2001,8821000000.0,OWID,610794.0,14.441857647586584
BTN,2002,11460000000.0,OWID,624409.0,18.3533549324241
BTN,2003,11373000000.0,OWID,637663.0,17.83543972286302
BTN,2004,12075000000.0,OWID,650544.0,18.561388622445214
BTN,2005,9998000000.0,OWID,661865.0,15.105799521050365
BTN,2006,10664000000.0,OWID,670799.0,15.897459596689918
BTN,2007,12523000000.0,OWID,678641.0,18.453055444631257
BTN,2008,13934000000.0,OWID,686351.0,20.301565816907093
BTN,2009,13099000000.0,OWID,693988.0,18.874966137743016
BTN,2010,15591000000.0,OWID,701632.0,22.221050351181244
BTN,2011,13356000000.0,OWID,709377.0,18.8277883269404
BTN,2012,14345000000.0,OWID,717279.0,19.99919138856707
BTN,2013,10467000000.0,OWID,725273.0,14.431807057480425
BTN,2014,7364000000.0,OWID,733139.0,10.04447996900997
BTN,2015,6879000000.0,OWID,740618.0,9.28818905292607
BTN,2016,6036000000.0,OWID,747866.0,8.070964584564615
BTN,2017,5742000000.0,OWID,754335.0,7.6120026248284915
BTN,2018,6607000000.0,OWID,759759.0,8.696178656652965
BTN,2019,5913000000.0,OWID,764824.0,7.7311904438145245
BTN,2020,5231000000.0,OWID,770006.0,6.793453557504747
BTN,2021,10746000000.0,OWID,775442.0,13.857902976624944
BTN,2022,9444000000.0,OWID,780914.0,12.093521181589779
BTN,2023,7962000000.0,OWID,786385.0,10.124811638065324
BWA,2000,15518000000.0,OWID,1677382.0,9.25132140442666
BWA,2001,18930000000.0,OWID,1712254.0,11.055602731837684
BWA,2002,17603000000.0,OWID,1744763.0,10.08904934366444
BWA,2003,10328000000.0,OWID,1775736.0,5.816179882595161
BWA,2004,9934000000.0,OWID,1807146.0,5.497065538700249
BWA,2005,11237000000.0,OWID,1839877.0,6.107473488716908
BWA,2006,13949000000.0,OWID,1874516.0,7.441387536836175
BWA,2007,15813000000.0,OWID,1911201.0,8.273855026237428
BWA,2008,25351000000.0,OWID,1949970.0,13.00071283147946
BWA,2009,13294000000.0,OWID,1990673.0,6.678143522316322
BWA,2010,28061000000.0,OWID,2033111.0,13.802000972893266
BWA,2011,30760000000.0,OWID,2073535.0,14.834569949385951
BWA,2012,18382000000.0,OWID,2108617.0,8.717562269487537
BWA,2013,21050000000.0,OWID,2140682.0,9.833314803413117
BWA,2014,15645000000.0,OWID,2172044.0,7.202892759078545
BWA,2015,13025000000.0,OWID,2203273.0,5.911659608228304
BWA,2016,12540000000.0,OWID,2234776.0,5.611300640422127
BWA,2017,16953000000.0,OWID,2266747.0,7.478999641336241
BWA,2018,15224000000.0,OWID,2299141.0,6.6216034597269156
BWA,2019,12989000000.0,OWID,2332083.0,5.569698848625885
BWA,2020,14490000000.0,OWID,2365894.0,6.124534742469443
BWA,2021,23811000000.0,OWID,2401441.0,9.915296690612012
BWA,2022,21384000000.0,OWID,2439892.0,8.76432235525179
BWA,2023,21499000000.0,OWID,2480244.0,8.668098783829333
CAF,2000,34897000000.0,OWID,3833416.0,9.103368901261955
CAF,2001,31079000000.0,OWID,3919487.0,7.929354020054155
CAF,2002,26517000000.0,OWID,4006077.0,6.619193789834793
CAF,2003,32750000000.0,OWID,4103086.0,7.981797115634428
CAF,2004,28634000000.0,OWID,4192826.0,6.829284115295985
CAF,2005,30176000000.0,OWID,4288810.0,7.035984340644608
CAF,2006,30236000000.0,OWID,4377579.0,6.907014128128813
CAF,2007,31199000000.0,OWID,4462770.0,6.990949567197054
CAF,2008,38565000000.0,OWID,4558984.0,8.45912159375861
CAF,2009,29027000000.0,OWID,4529047.0,6.40907458014898
CAF,2010,29827000000.0,OWID,4492995.0,6.638556241438061
CAF,2011,31104000000.0,OWID,4565021.0,6.81355025530003
CAF,2012,27238000000.0,OWID,4610848.0,5.9073732207177505
CAF,2013,29617000000.0,OWID,4642419.0,6.379648196339021
CAF,2014,27428000000.0,OWID,4623182.0,5.932710414601891
CAF,2015,27810000000.0,OWID,4629320.0,6.007361772355336
CAF,2016,30418000000.0,OWID,4713663.0,6.453155433470743
CAF,2017,50713000000.0,OWID,4793511.0,10.579510509102827
CAF,2018,70617000000.0,OWID,4878657.0,14.47468022449621
CAF,2019,59278000000.0,OWID,4944703.0,11.988182101129228
CAF,2020,48789000000.0,OWID,5026628.0,9.706109145136661
CAF,2021,42749000000.0,OWID,5112100.0,8.36231685608654
CAF,2022,52552000000.0,OWID,5098039.0,10.308277359196351
CAF,2023,61917000000.0,OWID,5152421.0,12.017069257345236
CAN,2000,959412000000.0,OWID,30685730.0,31.2657381786257
CAN,2001,947803000000.0,OWID,31020855.0,30.553735543394918
CAN,2002,937466000000.0,OWID,31359199.0,29.894449791271775
CAN,2003,948600000000.0,OWID,31642461.0,29.978704880129264
CAN,2004,948803000000.0,OWID,31938807.0,29.70690170111864
CAN,2005,937127000000.0,OWID,32242732.0,29.064751709005304
CAN,2006,910424000000.0,OWID,32571193.0,27.951816195372395
CAN,2007,907137000000.0,OWID,32888886.0,27.581870665975124
CAN,2008,884187000000.0,OWID,33247298.0,26.59425135841114
CAN,2009,798718000000.0,OWID,33630069.0,23.750114815405226
CAN,2010,796322000000.0,OWID,34005902.0,23.41717034884121
CAN,2011,850878000000.0,OWID,34339221.0,24.778605198993887
CAN,2012,857800000000.0,OWID,34713395.0,24.710922109462356
CAN,2013,864227000000.0,OWID,35080992.0,24.635192756236766
CAN,2014,879992000000.0,OWID,35434066.0,24.83463229988904
CAN,2015,879932000000.0,OWID,35704498.0,24.644850069030518
CAN,2016,846420000000.0,OWID,36110803.0,23.43952307014607
CAN,2017,878589000000.0,OWID,36545075.0,24.041242219368822
CAN,2018,873207000000.0,OWID,37072620.0,23.55395976869183
CAN,2019,861407000000.0,OWID,37618495.0,22.898497135518046
CAN,2020,795989000000.0,OWID,38028638.0,20.931304455342314
CAN,2021,821735000000.0,OWID,38239864.0,21.48896240844371
CAN,2022,815455000000.0,OWID,38935934.0,20.943506838695587
CAN,2023,825051000000.0,OWID,40083484.0,20.58331556209036
CHE,2000,53043000000.0,OWID,7184250.0,7.383234158054077
CHE,2001,54617000000.0,OWID,7229854.0,7.554371084118711
CHE,2002,52404000000.0,OWID,7284753.0,7.193655021659622
CHE,2003,53437000000.0,OWID,7339001.0,7.2812362336508745
CHE,2004,53571000000.0,OWID,7389625.0,7.2494883028570465
CHE,2005,54125000000.0,OWID,7437115.0,7.2776876517305435
CHE,2006,53789000000.0,OWID,7483934.0,7.187262741761218
CHE,2007,51762000000.0,OWID,7551117.0,6.854879880685202
CHE,2008,53106000000.0,OWID,7647675.0,6.944071237336837
CHE,2009,51404000000.0,OWID,7743831.0,6.6380580877862645
CHE,2010,52932000000.0,OWID,7824909.0,6.764551511078277
CHE,2011,48563000000.0,OWID,7912398.0,6.137583069001332
CHE,2012,49857000000.0,OWID,7996861.0,6.234571289909878
CHE,2013,51056000000.0,OWID,8089346.0,6.311511462113254
CHE,2014,46902000000.0,OWID,8188649.0,5.727684749950816
CHE,2015,46464000000.0,OWID,8282396.0,5.609970834526627
CHE,2016,46936000000.0,OWID,8373338.0,5.605410888704123
CHE,2017,46192000000.0,OWID,8451840.0,5.465318794487354
CHE,2018,44811000000.0,OWID,8514329.0,5.263010156173199
CHE,2019,44477000000.0,OWID,8575280.0,5.1866527973430605
CHE,2020,41904000000.0,OWID,8638167.0,4.851029159311229
CHE,2021,43869000000.0,OWID,8704546.0,5.0397803630424844
CHE,2022,40751000000.0,OWID,8777088.0,4.642883835732307
CHE,2023,39939000000.0,OWID,8888822.0,4.493171311114116
CHL,2000,104248000000.0,OWID,15503635.0,6.724100509332167
CHL,2001,101149000000.0,OWID,15683849.0,6.44924597272009
CHL,2002,98891000000.0,OWID,15857925.0,6.236061779835635
CHL,2003,105303000000.0,OWID,16024752.0,6.571271742614176
CHL,2004,107340000000.0,OWID,16187322.0,6.631115387708974
CHL,2005,109995000000.0,OWID,16348778.0,6.7280257888387744
CHL,2006,109724000000.0,OWID,16509195.0,6.646235628084835
CHL,2007,119872000000.0,OWID,16671581.0,7.190199897658176
CHL,2008,125591000000.0,OWID,16838988.0,7.458346071628533
CHL,2009,117197000000.0,OWID,17009731.0,6.889997260979612
CHL,2010,122576000000.0,OWID,17181464.0,7.134199972714781
CHL,2011,127555000000.0,OWID,17351816.0,7.351103769196262
CHL,2012,131836000000.00002,OWID,17519119.0,7.525264255582716
CHL,2013,131036000000.0,OWID,17687006.0,7.40860267701611
CHL,2014,126244000000.0,OWID,17864195.0,7.0668731504554225
CHL,2015,127965000000.0,OWID,18047625.0,7.090406632451638
CHL,2016,129747999999.99998,OWID,18267221.0,7.102777154773569
CHL,2017,128722000000.00002,OWID,18558868.0,6.935875614827371
CHL,2018,127067000000.0,OWID,18893191.0,6.725544668446955
CHL,2019,132670999999.99998,OWID,19197744.0,6.910759930958554
CHL,2020,124513000000.0,OWID,19370624.0,6.4279292190070905
CHL,2021,119015000000.0,OWID,19456334.0,6.117031091263133
CHL,2022,117520000000.0,OWID,19553036.0,6.010319829616229
CHL,2023,106233000000.0,OWID,19658835.0,5.4038298810687415
CHN,2000,5282098000000.0,OWID,1240368000.0,4.25849264089367
CHN,2001,5282242000000.0,OWID,1249444000.0,4.22767406942608
CHN,2002,5600191000000.0,OWID,1257879000.0,4.4520903838922505
CHN,2003,6373199000000.0,OWID,1265795000.0,5.034937726883105
CHN,2004,6840591000000.0,OWID,1273386000.0,5.371969693400116
CHN,2005,7551543000000.0,OWID,1280950000.0,5.895267574846794
CHN,2006,8215579000000.0,OWID,1288143000.0,6.3778470247480294
CHN,2007,8701730000000.0,OWID,1294927000.0,6.719861428482068
CHN,2008,9244500000000.0,OWID,1301618000.0,7.102314196638338
CHN,2009,9644707000000.0,OWID,1308140000.0,7.3728400629902
CHN,2010,10308954000000.0,OWID,1314543000.0,7.842234145250479
CHN,2011,11352635000000.0,OWID,1321810000.0,8.588704125403803
CHN,2012,11526329000000.0,OWID,1330874000.0,8.660721450715846
CHN,2013,11692455000000.0,OWID,1339866000.0,8.726585345101673
CHN,2014,11689330000000.0,OWID,1348426000.0,8.668870223505035
CHN,2015,11642968000000.0,OWID,1356368000.0,8.58393002489
CHN,2016,11382781000000.0,OWID,1364250000.0,8.343618105186
CHN,2017,11622925000000.0,OWID,1372644000.0,8.467545117306454
CHN,2018,11989896000000.0,OWID,1379171000.0,8.693552866178306
CHN,2019,12322384000000.0,OWID,1384142000.0,8.902543236170855
CHN,2020,12524051000000.0,OWID,1387539000.0,9.02608935676763
CHN,2021,12958471000000.0,OWID,1388985000.0,9.32945352181629
CHN,2022,13446920000000.0,OWID,1388910000.0,9.681635239144365
CHN,2023,13934404000000.0,OWID,1387290000.0,10.044333917205488
CIV,2000,53988000000.0,OWID,17699004.0,3.0503411378402987
CIV,2001,57358000000.0,OWID,18178913.0,3.155194152697689
CIV,2002,60241000000.0,OWID,18654771.0,3.2292543285575577
CIV,2003,96814000000.0,OWID,19125542.0,5.062026477471854
CIV,2004,87770000000.0,OWID,19595000.0,4.479203878540444
CIV,2005,98221000000.0,OWID,20068458.0,4.894297309738497
CIV,2006,93575000000.0,OWID,20546802.0,4.554236712847089
CIV,2007,70649000000.0,OWID,21030558.0,3.3593497614281085
CIV,2008,57368000000.0,OWID,21514439.0,2.6664883058303306
CIV,2009,52497000000.0,OWID,21997940.0,2.3864507312957484
CIV,2010,58626000000.0,OWID,22488065.0,2.606982859574623
CIV,2011,109854000000.0,OWID,22982000.0,4.780001740492559
CIV,2012,135066000000.0,OWID,23467078.0,5.755552523411735
CIV,2013,146133000000.0,OWID,23939775.0,6.104192708578088
CIV,2014,245759000000.0,OWID,24527395.0,10.019775846558511
CIV,2015,113738000000.0,OWID,25246342.0,4.505127911203928
CIV,2016,169565000000.0,OWID,25989405.0,6.524389457934878
CIV,2017,240167000000.0,OWID,26733372.0,8.98378999850823
CIV,2018,146479000000.0,OWID,27464173.0,5.33345751936532
CIV,2019,147615000000.0,OWID,28193009.0,5.235872481720556
CIV,2020,169686000000.0,OWID,28915449.0,5.868350859777415
CIV,2021,106605000000.0,OWID,29639736.0,3.596691954341294
CIV,2022,131443000000.00002,OWID,30395002.0,4.324493875670744
CIV,2023,136675999999.99998,OWID,31165654.0,4.3854686957636115
CMR,2000,66961000000.0,OWID,14912631.0,4.490220404434336
CMR,2001,62200000000.0,OWID,15309490.0,4.0628394544821544
CMR,2002,65554000000.0,OWID,15725528.0,4.168635863927749
CMR,2003,69016000000.0,OWID,16160340.0,4.270702225324467
CMR,2004,64708000000.0,OWID,16610487.0,3.8956112484841654
CMR,2005,63555000000.0,OWID,17074594.0,3.722196849892888
CMR,2006,63154000000.0,OWID,17550407.0,3.598435067631195
CMR,2007,69602000000.0,OWID,18049896.0,3.85608869990165
CMR,2008,89964000000.0,OWID,18574056.0,4.843530136874789
CMR,2009,111362000000.0,OWID,19113974.0,5.826208615748875
CMR,2010,83895000000.0,OWID,19668066.0,4.265543953330236
CMR,2011,73578000000.0,OWID,20232304.0,3.6366594728904826
CMR,2012,63150000000.0,OWID,20809529.0,3.0346674352889003
CMR,2013,69190000000.0,OWID,21402376.0,3.232818636585022
CMR,2014,63479000000.0,OWID,22059893.0,2.87757515414966
CMR,2015,72208000000.0,OWID,22763414.0,3.172107663639558
CMR,2016,71561000000.0,OWID,23454161.0,3.051100399626318
CMR,2017,76429000000.0,OWID,24128601.0,3.167568646023033
CMR,2018,67730999999.99999,OWID,24806383.0,2.7303859655799068
CMR,2019,65778000000.00001,OWID,25506095.0,2.578913000990548
CMR,2020,68029000000.0,OWID,26210558.0,2.5954807982340555
CMR,2021,65718000000.0,OWID,26915758.0,2.4416180291114222
CMR,2022,67212000000.0,OWID,27632771.0,2.432329352709506
CMR,2023,64696000000.0,OWID,28372687.0,2.280221115469254
COD,2000,254825000000.0,OWID,50507442.0,5.045296097157325
COD,2001,224640000000.0,OWID,52132646.0,4.309008217231099
COD,2002,220432000000.0,OWID,53750524.0,4.101020484935179
COD,2003,241723000000.0,OWID,55343867.0,4.367656492091526
COD,2004,226027000000.0,OWID,56997741.0,3.9655431256477343
COD,2005,223733000000.0,OWID,58775724.0,3.8065545564355787
COD,2006,233263000000.0,OWID,60615908.0,3.8482142344547574
COD,2007,234391000000.0,OWID,62477752.0,3.751591446504029
COD,2008,470831000000.0,OWID,64390664.0,7.312100400144965
COD,2009,692648000000.0,OWID,66412044.0,10.429554012823337
COD,2010,808961000000.0,OWID,68563038.0,11.798791646309487
COD,2011,917240000000.0,OWID,70849311.0,12.946350318071547
COD,2012,876404000000.0,OWID,73254618.0,11.963805476400138
COD,2013,900805000000.0,OWID,75789395.0,11.885633867376828
COD,2014,782941000000.0,OWID,78403242.0,9.986079402175742
COD,2015,661011000000.0,OWID,81035531.0,8.157051503740995
COD,2016,703107000000.0,OWID,83956415.0,8.374666783949744
COD,2017,730257000000.0,OWID,87083398.0,8.385720088690153
COD,2018,630117000000.0,OWID,90047644.0,6.997595628376462
COD,2019,571666000000.0,OWID,92947442.0,6.1504220847734565
COD,2020,603282000000.0,OWID,95989998.0,6.28484230200734
COD,2021,748098000000.0,OWID,99148932.0,7.5451947379523965
COD,2022,771658000000.0,OWID,102396968.0,7.535945790894902
COD,2023,698747000000.0,OWID,105789731.0,6.60505507855011
COG,2000,47712000000.0,OWID,3151345.0,15.140202040715948
COG,2001,38920000000.0,OWID,3272537.0,11.89291366300824
COG,2002,28993000000.0,OWID,3350771.0,8.652635468075854
COG,2003,33183000000.0,OWID,3445753.0,9.630115681536083
COG,2004,31612000000.0,OWID,3565554.0,8.865943413001178
COG,2005,35362000000.0,OWID,3696393.0,9.566623462386168
COG,2006,37070000000.0,OWID,3837409.0,9.660163928317257
COG,2007,38645000000.0,OWID,3980430.0,9.70875005966692
COG,2008,39188000000.0,OWID,4113517.0,9.526641071375176
COG,2009,41197000000.0,OWID,4281219.0,9.622726611275901
COG,2010,47140000000.0,OWID,4462290.0,10.564082567470964
COG,2011,49581000000.0,OWID,4609724.0,10.755741558496778
COG,2012,47604000000.0,OWID,4740450.0,10.042084612220359
COG,2013,45101000000.0,OWID,4857099.0,9.285583843359996
COG,2014,36009000000.0,OWID,4975880.0,7.236709888502134
COG,2015,42994000000.0,OWID,5097581.0,8.434196533610747
COG,2016,39061000000.0,OWID,5222536.0,7.479316561915514
COG,2017,43831000000.0,OWID,5351011.0,8.191162380342705
COG,2018,41646000000.0,OWID,5483118.0,7.5953134694529645
COG,2019,40207000000.0,OWID,5616661.0,7.158523542724049
COG,2020,44926000000.0,OWID,5752791.0,7.809426763461422
COG,2021,41404000000.0,OWID,5892183.0,7.026937214950723
COG,2022,43319000000.0,OWID,6035104.0,7.177838194669056
COG,2023,42723000000.0,OWID,6182885.0,6.909881066848243
COL,2000,187115000000.0,OWID,39089934.0,4.786782193083263
COL,2001,165278000000.0,OWID,39709262.0,4.162202762670331
COL,2002,211330000000.0,OWID,40324680.0,5.24071114761481
COL,2003,328652000000.0,OWID,40937429.0,8.028154381654012
COL,2004,211028000000.0,OWID,41543171.0,5.079727784862643
COL,2005,175419000000.0,OWID,42128977.0,4.163856150601521
COL,2006,200174000000.0,OWID,42691084.0,4.6888947584465175
COL,2007,206941000000.0,OWID,43235374.0,4.786381632780603
COL,2008,185889000000.0,OWID,43758808.0,4.248036189651236
COL,2009,186836000000.0,OWID,44271541.0,4.2202280693143255
COL,2010,183138000000.0,OWID,44777319.0,4.089972425548747
COL,2011,289713000000.0,OWID,45259614.0,6.401137225783676
COL,2012,477150000000.0,OWID,45715810.0,10.437308231003671
COL,2013,330769000000.0,OWID,46151584.0,7.167012945861186
COL,2014,281307000000.0,OWID,46565429.0,6.041112603085864
COL,2015,253915000000.0,OWID,46969940.0,5.405904286869432
COL,2016,231966000000.0,OWID,47437512.0,4.889927616777204
COL,2017,309855000000.0,OWID,48131078.0,6.437732394026163
COL,2018,306718000000.0,OWID,49024465.0,6.256427275646965
COL,2019,275532000000.0,OWID,49907985.0,5.520799928107697
COL,2020,244111000000.0,OWID,50629997.0,4.821469770183869
COL,2021,250341000000.0,OWID,51188173.0,4.890602366292698
COL,2022,237231000000.0,OWID,51737944.0,4.585242119400802
COL,2023,239276000000.0,OWID,52321152.0,4.573217348119552
COM,2000,554000000.0,OWID,536080.0,1.033427846590061
COM,2001,540000000.0,OWID,547220.0,0.9868060377910164
COM,2002,544000000.0,OWID,558923.0,0.9733004367327879
COM,2003,565000000.0,OWID,569798.0,0.9915794720234188
COM,2004,565000000.0,OWID,580704.0,0.9729569625833472
COM,2005,549000000.0,OWID,592677.0,0.9263055593518897
COM,2006,567000000.0,OWID,604753.0,0.9375728603247937
COM,2007,501000000.0,OWID,616927.0,0.8120895989314781
COM,2008,510000000.0,OWID,629307.0,0.810415266316758
COM,2009,537000000.0,OWID,641947.0,0.8365176564420427
COM,2010,568000000.0,OWID,654836.0,0.867392751772963
COM,2011,558000000.0,OWID,668056.0,0.8352593195779995
COM,2012,587000000.0,OWID,681630.0,0.8611710165338967
COM,2013,611000000.0,OWID,696192.0,0.8776314579886008
COM,2014,595000000.0,OWID,711503.0,0.8362578935015031
COM,2015,608000000.0,OWID,726682.0,0.8366795929994137
COM,2016,639000000.0,OWID,741741.0,0.8614866914462057
COM,2017,714000000.0,OWID,756669.0,0.9436094249929625
COM,2018,742000000.0,OWID,771590.0,0.9616506175559559
COM,2019,778000000.0,OWID,786578.0,0.9890945335364071
COM,2020,839000000.0,OWID,802163.0,1.0459220881541533
COM,2021,962000000.0,OWID,818174.0,1.1757890130950142
COM,2022,1004999999.9999999,OWID,834188.0,1.204764393637885
COM,2023,1020999999.9999999,OWID,850387.0,1.20062983088876
CPV,2000,621000000.0,OWID,453317.0,1.369902297950441
CPV,2001,658000000.0,OWID,460293.0,1.4295242378224304
CPV,2002,674000000.0,OWID,467046.0,1.443112669844084
CPV,2003,653000000.0,OWID,473383.0,1.3794327214961246
CPV,2004,660000000.0,OWID,479370.0,1.3768070592652857
CPV,2005,670000000.0,OWID,485115.0,1.3811158178988487
CPV,2006,717000000.0,OWID,490728.0,1.4610945370959063
CPV,2007,773000000.0,OWID,496190.0,1.557870976843548
CPV,2008,709000000.0,OWID,501355.0,1.4141676057883137
CPV,2009,756000000.0,OWID,506141.0,1.4936549301479232
CPV,2010,829000000.0,OWID,509784.0,1.6261789306843681
CPV,2011,863000000.0,OWID,511447.0,1.6873693657407316
CPV,2012,757000000.0,OWID,511955.0,1.4786455840845387
CPV,2013,733000000.0,OWID,512225.0,1.4310117624090977
CPV,2014,726000000.0,OWID,512326.0,1.4170664772039676
CPV,2015,727000000.0,OWID,512394.0,1.418830040945054
CPV,2016,779000000.0,OWID,512554.0,1.5198398607756451
CPV,2017,798000000.0,OWID,512893.0,1.5558800763512077
CPV,2018,789000000.0,OWID,513415.0,1.5367685011150822
CPV,2019,850000000.0,OWID,514104.0,1.6533619656723153
CPV,2020,749000000.0,OWID,514679.0,1.455276006986879
CPV,2021,825000000.0,OWID,516649.0,1.5968287947910476
CPV,2022,837000000.0,OWID,519741.0,1.610417496406864
CPV,2023,813000000.0,OWID,522331.0,1.5564842982706368
CRI,2000,15357000000.0,OWID,3937739.0,3.899953755187939
CRI,2001,15529000000.0,OWID,4008947.0,3.8735857570579006
CRI,2002,17834000000.0,OWID,4075705.0,4.375684697494053
CRI,2003,17087000000.0,OWID,4138784.0,4.128507310359758
CRI,2004,12808000000.0,OWID,4200078.0,3.049467176561959
CRI,2005,13056000000.0,OWID,4261240.0,3.0638968938618807
CRI,2006,13982000000.0,OWID,4321340.0,3.235570448055464
CRI,2007,16290000000.0,OWID,4380248.0,3.7189675105153865
CRI,2008,19490000000.0,OWID,4440056.0,4.389584275513642
CRI,2009,19719000000.0,OWID,4499791.0,4.382203529008348
CRI,2010,18184000000.0,OWID,4555962.0,3.9912536583931124
CRI,2011,16353000000.000002,OWID,4609833.0,3.5474170105511416
CRI,2012,16726000000.0,OWID,4663934.0,3.586242858496711
CRI,2013,17646000000.0,OWID,4716147.0,3.7416136519917638
CRI,2014,16578000000.0,OWID,4767119.0,3.4775720933335204
CRI,2015,18322000000.0,OWID,4818038.0,3.802792755059217
CRI,2016,17691000000.0,OWID,4866998.0,3.6348895150563036
CRI,2017,18001000000.0,OWID,4913177.0,3.663820782357322
CRI,2018,16277999999.999998,OWID,4957818.0,3.28329922558674
CRI,2019,16020000000.0,OWID,4999553.0,3.2042864632098107
CRI,2020,14319000000.0,OWID,5034320.0,2.844276883471849
CRI,2021,14042000000.0,OWID,5059988.0,2.7751053955068667
CRI,2022,13886000000.0,OWID,5081765.0,2.732515179273343
CRI,2023,14826000000.0,OWID,5105525.0,2.9039129178683876
CUB,2000,65532000000.0,OWID,11109109.0,5.898942930526651
CUB,2001,52818000000.0,OWID,11144132.0,4.739534671699868
CUB,2002,47509000000.0,OWID,11177418.0,4.2504449596498945
CUB,2003,45405000000.0,OWID,11209383.0,4.050624374240758
CUB,2004,47851000000.0,OWID,11238756.0,4.25767762908991
CUB,2005,45483000000.0,OWID,11262554.0,4.038426807986892
CUB,2006,43190000000.0,OWID,11278550.0,3.829392962747871
CUB,2007,41771000000.0,OWID,11287272.0,3.7007170554585733
CUB,2008,42348000000.0,OWID,11291762.0,3.750344720336826
CUB,2009,41802000000.0,OWID,11294719.0,3.7010216898711694
CUB,2010,45839000000.0,OWID,11297409.0,4.057479020189497
CUB,2011,35656000000.0,OWID,11301571.0,3.154959606943141
CUB,2012,41973000000.0,OWID,11303175.0,3.7133814171681854
CUB,2013,39601000000.0,OWID,11298167.0,3.505081842036854
CUB,2014,40126000000.0,OWID,11285775.0,3.555449227013652
CUB,2015,39459000000.0,OWID,11275065.0,3.4996694032362563
CUB,2016,48563000000.0,OWID,11265612.0,4.3107289688301
CUB,2017,41107000000.0,OWID,11247829.0,3.6546608238798792
CUB,2018,42990000000.0,OWID,11227118.0,3.8291215964773864
CUB,2019,38938000000.0,OWID,11202846.0,3.475723936578259
CUB,2020,35842000000.0,OWID,11176354.0,3.2069492430178927
CUB,2021,35894000000.0,OWID,11122168.0,3.2272485004722102
CUB,2022,37367000000.0,OWID,11059820.0,3.3786264152581142
CUB,2023,38551000000.0,OWID,11019931.0,3.4982977661112393
CUW,2000,7177000000.0,OWID,133860.0,53.61571791423875
CUW,2001,7177000000.0,OWID,129047.0,55.61539594101374
CUW,2002,7177000000.0,OWID,129205.0,55.54738593707674
CUW,2003,7177000000.0,OWID,131897.0,54.41367127379698
CUW,2004,7177000000.0,OWID,134192.0,53.48306903541195
CUW,2005,7177000000.0,OWID,137658.0,52.13645411091255
CUW,2006,7177000000.0,OWID,141239.0,50.81457671039869
CUW,2007,7177000000.0,OWID,144056.0,49.8209029821736
CUW,2008,7177000000.0,OWID,145880.0,49.19797093501508
CUW,2009,7177000000.0,OWID,146833.0,48.87865806732819
CUW,2010,7177000000.0,OWID,148703.0,48.26398929409629
CUW,2011,7177000000.0,OWID,150831.0,47.583056533471236
CUW,2012,7177000000.0,OWID,152088.0,47.18978486139603
CUW,2013,7177000000.0,OWID,153822.0,46.65782527856874
CUW,2014,7177000000.0,OWID,155909.0,46.033262993156264
CUW,2015,7177000000.0,OWID,157980.0,45.42980124066337
CUW,2016,7177000000.0,OWID,159664.0,44.950646357350436
CUW,2017,7177000000.0,OWID,160175.0,44.80724207897612
CUW,2018,7177000000.0,OWID,159336.0,45.043179193653664
CUW,2019,7177000000.0,OWID,157441.0,45.5853303777288
CUW,2020,7177000000.0,OWID,155482.0,46.159684079186015
CUW,2021,7177000000.0,OWID,153948.0,46.61963779977655
CUW,2022,7177000000.0,OWID,153321.0,46.810286914382246
CUW,2023,7177000000.0,OWID,154654.0,46.4068177997336
CYP,2000,7177000000.0,OWID,947667.0,7.573335359361463
CYP,2001,6976000000.0,OWID,964127.0,7.23556129016198
CYP,2002,8095000000.000001,OWID,981440.0,8.24808444734268
CYP,2003,8332000000.000001,OWID,999590.0,8.335417521183686
CYP,2004,8887000000.0,OWID,1017875.0,8.730934545007981
CYP,2005,8432000000.0,OWID,1036151.0,8.137810029619235
CYP,2006,8665000000.0,OWID,1054418.0,8.217803565568873
CYP,2007,8710000000.0,OWID,1072714.0,8.119591988172058
CYP,2008,9184000000.0,OWID,1091026.0,8.417764562897677
CYP,2009,8487000000.0,OWID,1109371.0,7.650281105238914
CYP,2010,8494999999.999999,OWID,1127816.0,7.532257034835468
CYP,2011,8166000000.0,OWID,1146493.0,7.122590369064618
CYP,2012,7460000000.0,OWID,1165397.0,6.4012521055056775
CYP,2013,6732000000.0,OWID,1183895.0,5.686315087064308
CYP,2014,8148999999.999999,OWID,1201801.0,6.780656697739475
CYP,2015,7483000000.0,OWID,1219502.0,6.136111297890451
CYP,2016,8468999999.999999,OWID,1237112.0,6.845782758553793
CYP,2017,8889000000.0,OWID,1254275.0,7.086962587949214
CYP,2018,8528000000.0,OWID,1270737.0,6.7110660978628935
CYP,2019,8968000000.0,OWID,1286671.0,6.969924712688791
CYP,2020,8569000000.000001,OWID,1302247.0,6.5801648995927815
CYP,2021,8718000000.0,OWID,1317309.0,6.6180372258900535
CYP,2022,8979000000.0,OWID,1331370.0,6.744180806237185
CYP,2023,9322000000.0,OWID,1344976.0,6.9309786940436116
CZE,2000,149077000000.0,OWID,10255063.0,14.536917033079174
CZE,2001,142290000000.0,OWID,10216605.0,13.92732713068578
CZE,2002,137871000000.0,OWID,10196916.0,13.520852775486235
CZE,2003,141623000000.0,OWID,10193998.0,13.892782792384303
CZE,2004,142915000000.0,OWID,10197101.0,14.015257865936602
CZE,2005,139747000000.0,OWID,10211216.0,13.68563744024218
CZE,2006,142158000000.0,OWID,10238905.0,13.884101864408352
CZE,2007,144650000000.0,OWID,10298828.0,14.045287483197116
CZE,2008,139543000000.0,OWID,10384603.0,13.43749009952523
CZE,2009,131543000000.0,OWID,10443936.0,12.595155696090057
CZE,2010,135663999999.99998,OWID,10474410.0,12.951946696759052
CZE,2011,134901000000.00002,OWID,10496088.0,12.852502761028681
CZE,2012,132114000000.0,OWID,10510785.0,12.569375170360729
CZE,2013,128309000000.0,OWID,10514272.0,12.203317547805497
CZE,2014,127731000000.0,OWID,10525347.0,12.135561896439139
CZE,2015,131744000000.0,OWID,10546059.0,12.492249474424522
CZE,2016,130008999999.99998,OWID,10566332.0,12.304080545642517
CZE,2017,127198000000.0,OWID,10594438.0,12.006111131142587
CZE,2018,123044000000.0,OWID,10629928.0,11.575243030808863
CZE,2019,116227000000.0,OWID,10671870.0,10.890968499428872
CZE,2020,104534000000.0,OWID,10697858.0,9.771488834493784
CZE,2021,109205000000.0,OWID,10505772.0,10.394762041285496
CZE,2022,106471000000.0,OWID,10672118.0,9.976557605528724
CZE,2023,93041000000.0,OWID,10864042.0,8.564123739580534
DEU,2000,1042310999999.9999,OWID,82211508.0,12.678407504701164
DEU,2001,1053208000000.0001,OWID,82349925.0,12.789422698320614
DEU,2002,1034082000000.0001,OWID,82488495.0,12.53607548543588
DEU,2003,1027411000000.0,OWID,82534176.0,12.448309897708313
DEU,2004,1007236000000.0,OWID,82516260.0,12.206515418900468
DEU,2005,994287000000.0,OWID,82469422.0,12.056432261644806
DEU,2006,1010108000000.0,OWID,82376451.0,12.262096603312031
DEU,2007,972651000000.0,OWID,82266372.0,11.823190647084813
DEU,2008,978997000000.0,OWID,82110097.0,11.922979460126566
DEU,2009,905805000000.0,OWID,81902307.0,11.059578578171186
DEU,2010,944315000000.0,OWID,81776930.0,11.5474498736991
DEU,2011,917062000000.0,OWID,80274983.0,11.42400740215666
DEU,2012,928365000000.0,OWID,80425823.0,11.54312092025468
DEU,2013,946155000000.0,OWID,80645605.0,11.732257449119516
DEU,2014,905698000000.0,OWID,80982500.0,11.183873058994228
DEU,2015,911142000000.0,OWID,81686611.0,11.154116798896212
DEU,2016,907177000000.0,OWID,82348669.0,11.016292200181159
DEU,2017,891569000000.0,OWID,82657002.0,10.786369919392914
DEU,2018,859214000000.0,OWID,82905782.0,10.36374037217332
DEU,2019,808001000000.0,OWID,83092962.0,9.724060625014186
DEU,2020,743816000000.0,OWID,83160871.0,8.944302663689031
DEU,2021,774763000000.0,OWID,83196078.0,9.312494274069026
DEU,2022,759795000000.0,OWID,83177813.0,9.134587368869628
DEU,2023,683559000000.0,OWID,83287273.0,8.207244340921092
DJI,2000,1557000000.0,OWID,747318.0,2.0834504186972613
DJI,2001,1515000000.0,OWID,771313.0,1.9641831526241618
DJI,2002,1530000000.0,OWID,795574.0,1.9231397707818505
DJI,2003,1573000000.0,OWID,813519.0,1.9335749994775784
DJI,2004,1583000000.0,OWID,826124.0,1.9161772324735755
DJI,2005,1618000000.0,OWID,839167.0,1.9281025111807306
DJI,2006,1645000000.0,OWID,855764.0,1.9222589405490298
DJI,2007,1705000000.0,OWID,874528.0,1.9496231109810092
DJI,2008,1792000000.0,OWID,892734.0,2.0073168491398334
DJI,2009,1722000000.0,OWID,911527.0,1.8891376777648934
DJI,2010,1803000000.0,OWID,930251.0,1.9381865754511416
DJI,2011,1617000000.0,OWID,948558.0,1.7046928073981769
DJI,2012,1624000000.0,OWID,966747.0,1.6798603978083202
DJI,2013,1732000000.0,OWID,984824.0,1.7586898775821873
DJI,2014,1789000000.0,OWID,1002717.0,1.7841524577722327
DJI,2015,1879000000.0,OWID,1020313.0,1.8415917468463108
DJI,2016,1856000000.0,OWID,1037653.0,1.7886518903718296
DJI,2017,1855000000.0,OWID,1054841.0,1.7585588728538235
DJI,2018,1924000000.0,OWID,1071882.0,1.7949737004632973
DJI,2019,2016000000.0,OWID,1088709.0,1.85173448552368
DJI,2020,1958000000.0,OWID,1105188.0,1.7716442813349405
DJI,2021,2056000000.0,OWID,1121248.0,1.8336710522560575
DJI,2022,2069999999.9999998,OWID,1137096.0,1.8204267713543973
DJI,2023,2091000000.0000002,OWID,1152944.0,1.8136180074661046
DMA,2000,185000000.0,OWID,68511.0,2.7002963027834945
DMA,2001,176000000.0,OWID,68288.0,2.577319587628866
DMA,2002,151000000.0,OWID,68367.0,2.208667924583498
DMA,2003,162000000.0,OWID,68531.0,2.3638937123345642
DMA,2004,193000000.0,OWID,68649.0,2.8114029337645126
DMA,2005,197000000.0,OWID,68734.0,2.866121570110862
DMA,2006,241000000.0,OWID,68806.0,3.502601517309537
DMA,2007,213000000.0,OWID,68847.0,3.093816724040263
DMA,2008,217000000.0,OWID,68854.0,3.1515961309437364
DMA,2009,186000000.0,OWID,68864.0,2.700975836431227
DMA,2010,192000000.0,OWID,68859.0,2.788306539450181
DMA,2011,183000000.0,OWID,69053.0,2.6501382995669993
DMA,2012,203000000.0,OWID,69118.0,2.9370062791168725
DMA,2013,177000000.0,OWID,69715.0,2.538908412823639
DMA,2014,184000000.0,OWID,70373.0,2.614639137169085
DMA,2015,184000000.0,OWID,70410.0,2.6132651611986937
DMA,2016,198000000.0,OWID,69606.0,2.8445823635893457
DMA,2017,184000000.0,OWID,68496.0,2.686288250408783
DMA,2018,188000000.0,OWID,68174.0,2.7576495438143573
DMA,2019,192000000.0,OWID,67880.0,2.8285209192692986
DMA,2020,185000000.0,OWID,67573.0,2.737779882497447
DMA,2021,187000000.0,OWID,67202.0,2.782655278116723
DMA,2022,194000000.0,OWID,66826.0,2.903061682578637
DMA,2023,197000000.0,OWID,66510.0,2.9619606074274545
DNK,2000,70202000000.0,OWID,5385370.0,13.035687427233412
DNK,2001,71209000000.0,OWID,5405418.0,13.173634305432067
DNK,2002,70151000000.0,OWID,5423266.0,12.935194401307257
DNK,2003,75571000000.0,OWID,5438606.0,13.895288608882495
DNK,2004,72286000000.0,OWID,5452907.0,13.25641533956108
DNK,2005,68154000000.0,OWID,5467791.0,12.46463151206767
DNK,2006,74533000000.0,OWID,5485607.0,13.587010516794223
DNK,2007,71746000000.0,OWID,5509816.0,13.021487468910033
DNK,2008,67891999999.99999,OWID,5542168.0,12.250079752183622
DNK,2009,64793000000.00001,OWID,5571886.0,11.628558086077138
DNK,2010,68920000000.0,OWID,5596340.0,12.31519171458489
DNK,2011,60459000000.0,OWID,5619115.0,10.759523519273053
DNK,2012,56423000000.0,OWID,5639863.0,10.004321026946931
DNK,2013,60037000000.0,OWID,5663178.0,10.6012913597277
DNK,2014,54201000000.0,OWID,5691903.0,9.522474293746749
DNK,2015,52983000000.0,OWID,5732382.0,9.242754582649935
DNK,2016,55011000000.0,OWID,5777474.0,9.521635233667864
DNK,2017,53512000000.0,OWID,5815160.0,9.202154368925362
DNK,2018,52826000000.0,OWID,5844632.0,9.038379148593101
DNK,2019,49099000000.0,OWID,5866214.0,8.369793532932825
DNK,2020,46462000000.0,OWID,5883969.0,7.8963706300967935
DNK,2021,48119000000.0,OWID,5910029.0,8.141922823052138
DNK,2022,46789000000.0,OWID,5956949.0,7.85452418679428
DNK,2023,46642000000.0,OWID,6001366.0,7.771897264722731
DOM,2000,32277000000.0,OWID,8584190.0,3.760051909382248
DOM,2001,32329000000.0,OWID,8720283.0,3.707333810152721
DOM,2002,29322000000.0,OWID,8852235.0,3.312383821712822
DOM,2003,30794000000.0,OWID,8980620.0,3.4289392046428864
DOM,2004,27582000000.0,OWID,9104892.0,3.0293604800584126
DOM,2005,28129000000.0,OWID,9225034.0,3.049202853886501
DOM,2006,30032000000.0,OWID,9341183.0,3.2150103471905003
DOM,2007,31029000000.0,OWID,9455658.0,3.2815273141224015
DOM,2008,33088000000.0,OWID,9573130.0,3.4563408206093515
DOM,2009,32219000000.0,OWID,9695265.0,3.3231685776510496
DOM,2010,33503999999.999996,OWID,9820175.0,3.411751827233221
DOM,2011,31723000000.0,OWID,9945621.0,3.1896449703844536
DOM,2012,32661000000.0,OWID,10070411.0,3.2432638548714645
DOM,2013,33252000000.000004,OWID,10193833.0,3.2619722139846714
DOM,2014,46700000000.0,OWID,10315528.0,4.527155565861486
DOM,2015,40526000000.0,OWID,10434829.0,3.8837244002752707
DOM,2016,40120000000.0,OWID,10551430.0,3.802328215227699
DOM,2017,38426000000.0,OWID,10666843.0,3.602377948189544
DOM,2018,40023000000.0,OWID,10782053.0,3.7120017866727233
DOM,2019,43189000000.0,OWID,10894043.0,3.964460210043232
DOM,2020,41114000000.0,OWID,11008300.0,3.7348182734845525
DOM,2021,44412000000.0,OWID,11123476.0,3.9926368340256233
DOM,2022,46466000000.0,OWID,11230734.0,4.137396540600107
DOM,2023,47255000000.0,OWID,11331265.0,4.170319906912423
DZA,2000,156960000000.0,OWID,30903893.0,5.078971765790155
DZA,2001,150513000000.0,OWID,31331221.0,4.803930239424758
DZA,2002,150197000000.0,OWID,31750835.0,4.7304897650723206
DZA,2003,162177000000.0,OWID,32175818.0,5.0403380576058705
DZA,2004,155878000000.0,OWID,32628286.0,4.777388551761499
DZA,2005,173606000000.0,OWID,33109249.0,5.24342910949143
DZA,2006,171777000000.0,OWID,33623506.0,5.108836657307539
DZA,2007,171844000000.0,OWID,34189416.0,5.026233849680264
DZA,2008,176144000000.0,OWID,34816961.0,5.059143444483853
DZA,2009,177874000000.0,OWID,35490445.0,5.011884184602362
DZA,2010,184522000000.0,OWID,36188236.0,5.098949835521134
DZA,2011,191634000000.0,OWID,36903376.0,5.192858236059487
DZA,2012,203436000000.0,OWID,37646166.0,5.40389690679258
DZA,2013,209305000000.0,OWID,38414171.0,5.44864029474956
DZA,2014,223066000000.0,OWID,39205031.0,5.689728953409066
DZA,2015,231053000000.0,OWID,40019529.0,5.773506229920897
DZA,2016,230961000000.0,OWID,40850721.0,5.653780260084027
DZA,2017,237597000000.0,OWID,41689299.0,5.699232313788725
DZA,2018,248318000000.0,OWID,42505035.0,5.8420843554181285
DZA,2019,254628000000.0,OWID,43294546.0,5.881295071208276
DZA,2020,239320000000.0,OWID,44042091.0,5.433892773165561
DZA,2021,256166000000.0,OWID,44761099.0,5.7229604661851585
DZA,2022,269216000000.0,OWID,45477389.0,5.919776968726151
DZA,2023,278953000000.0,OWID,46164219.0,6.042623617221814
ECU,2000,70151000000.0,OWID,12689206.0,5.528399491662442
ECU,2001,66875000000.0,OWID,12910740.0,5.179796045772744
ECU,2002,62310000000.0,OWID,13138472.0,4.742560626532522
ECU,2003,127521000000.0,OWID,13372306.0,9.53620116081699
ECU,2004,81361000000.0,OWID,13608701.0,5.97860148444734
ECU,2005,72371000000.0,OWID,13846163.0,5.226790988954846
ECU,2006,70386000000.0,OWID,14086131.0,4.9968298605202515
ECU,2007,92255000000.0,OWID,14328773.0,6.438443822091396
ECU,2008,82088000000.0,OWID,14575202.0,5.6320317207267525
ECU,2009,77756000000.0,OWID,14825954.0,5.2445866215421955
ECU,2010,81584000000.0,OWID,15076695.0,5.411265532664818
ECU,2011,107057000000.0,OWID,15326227.0,6.985215604597269
ECU,2012,80430000000.0,OWID,15572194.0,5.164975468453578
ECU,2013,90648000000.0,OWID,15807128.0,5.734628074119473
ECU,2014,145965000000.0,OWID,16035124.0,9.102829513510466
ECU,2015,95883000000.0,OWID,16266225.0,5.894606769548558
ECU,2016,88937000000.0,OWID,16505139.0,5.38844295706931
ECU,2017,84039000000.0,OWID,16759519.0,5.014404053004147
ECU,2018,100005000000.0,OWID,17049547.0,5.865551735773391
ECU,2019,97606000000.0,OWID,17340021.0,5.628943586631181
ECU,2020,76739000000.0,OWID,17546065.0,4.3735732199783826
ECU,2021,79062000000.0,OWID,17682454.0,4.4712119709176115
ECU,2022,80527000000.0,OWID,17823897.0,4.517923325073075
ECU,2023,62182000000.0,OWID,17980083.0,3.45838225552129
EGY,2000,210582000000.0,OWID,73083284.0,2.881397612072276
EGY,2001,194289000000.0,OWID,74652029.0,2.602595034623908
EGY,2002,197826000000.0,OWID,76239137.0,2.5948090152174728
EGY,2003,221160000000.0,OWID,77853548.0,2.8407183189647314
EGY,2004,225003000000.0,OWID,79477443.0,2.831029679704215
EGY,2005,240169000000.0,OWID,81101004.0,2.961356680615199
EGY,2006,252567000000.0,OWID,82700403.0,3.0539996280308332
EGY,2007,262790000000.00003,OWID,84276225.0,3.1181985192146424
EGY,2008,272889000000.0,OWID,85864789.0,3.1781246210248066
EGY,2009,281384000000.0,OWID,87501636.0,3.215757017388795
EGY,2010,276046000000.0,OWID,89196072.0,3.0948223818645286
EGY,2011,297452000000.0,OWID,91093059.0,3.2653640493069838
EGY,2012,289324000000.0,OWID,93161001.0,3.1056342986267396
EGY,2013,293691000000.0,OWID,95333553.0,3.080667726713175
EGY,2014,302445000000.0,OWID,97528654.0,3.1010886298092455
EGY,2015,300730000000.0,OWID,99597342.0,3.019458089554237
EGY,2016,320884000000.0,OWID,101644589.0,3.1569216143911016
EGY,2017,329105000000.0,OWID,103696057.0,3.173746519600065
EGY,2018,316985000000.0,OWID,105682094.0,2.9994201288252293
EGY,2019,303625000000.0,OWID,107553158.0,2.823022639651362
EGY,2020,316237000000.0,OWID,109315124.0,2.8928933932325775
EGY,2021,337687000000.0,OWID,110957008.0,3.0434039821982224
EGY,2022,323034000000.0,OWID,112618250.0,2.868398327979701
EGY,2023,322882000000.0,OWID,114535772.0,2.819049405804852
ERI,2000,5998000000.0,OWID,2247031.0,2.669300067511307
ERI,2001,5652000000.0,OWID,2312079.0,2.4445531489192196
ERI,2002,7895000000.0,OWID,2392978.0,3.2992363490178347
ERI,2003,10707000000.0,OWID,2493903.0,4.2932704279196106
ERI,2004,9880000000.0,OWID,2598284.0,3.802509656373206
ERI,2005,9532000000.0,OWID,2661215.0,3.581822588554476
ERI,2006,9682000000.0,OWID,2703502.0,3.5812808719949163
ERI,2007,8284000000.000001,OWID,2743222.0,3.0198066361380893
ERI,2008,8516999999.999999,OWID,2816327.0,3.024151669887765
ERI,2009,9213000000.0,OWID,2887885.0,3.1902239874510236
ERI,2010,9544000000.0,OWID,2945186.0,3.240542363029024
ERI,2011,9025000000.0,OWID,2998485.0,3.0098533092545066
ERI,2012,8877000000.0,OWID,3036988.0,2.9229618292861215
ERI,2013,8577000000.0,OWID,3074360.0,2.7898489441704943
ERI,2014,9122000000.0,OWID,3095173.0,2.9471696735529807
ERI,2015,9549000000.0,OWID,3105546.0,3.0748216255692236
ERI,2016,9951000000.0,OWID,3124698.0,3.184627762426961
ERI,2017,10458000000.0,OWID,3150347.0,3.319634313299456
ERI,2018,10606000000.0,OWID,3192760.0,3.3218907778849647
ERI,2019,10858000000.0,OWID,3240194.0,3.351033919573952
ERI,2020,10989000000.0,OWID,3291271.0,3.3388317157718097
ERI,2021,9707000000.0,OWID,3350183.0,2.8974536614865514
ERI,2022,10133000000.0,OWID,3409447.0,2.972036227575909
ERI,2023,10295000000.0,OWID,3470390.0,2.9665253761104657
ESP,2000,361474000000.0,OWID,40567864.0,8.910353278644397
ESP,2001,367158000000.0,OWID,40850412.0,8.987865287625496
ESP,2002,392943000000.0,OWID,41431558.0,9.484147325572454
ESP,2003,400935000000.0,OWID,42187645.0,9.503611780178769
ESP,2004,412024000000.0,OWID,42921895.0,9.599389775311645
ESP,2005,422042000000.0,OWID,43653155.0,9.668075537724594
ESP,2006,410581000000.0,OWID,44397319.0,9.247878233368102
ESP,2007,420984000000.0,OWID,45226803.0,9.308285619923211
ESP,2008,386060000000.0,OWID,45954106.0,8.400990327175553
ESP,2009,348993000000.0,OWID,46362946.0,7.527412084641903
ESP,2010,330881000000.0,OWID,46576897.0,7.103972598260464
ESP,2011,354000000000.0,OWID,46742697.0,7.573375579932839
ESP,2012,326700000000.0,OWID,46773055.0,6.9847907090952255
ESP,2013,302976000000.0,OWID,46604197.0,6.501045388680337
ESP,2014,304311000000.0,OWID,46460733.0,6.549853615094708
ESP,2015,319558000000.0,OWID,46422303.0,6.883717078836007
ESP,2016,310051000000.0,OWID,46458139.0,6.673771413874327
ESP,2017,320494000000.0,OWID,46571232.0,6.881802053250384
ESP,2018,320733000000.0,OWID,46782011.0,6.855904505687025
ESP,2019,299701000000.0,OWID,47118501.0,6.360580104193042
ESP,2020,263355000000.00003,OWID,47359424.0,5.560772867507849
ESP,2021,293887000000.0,OWID,47443821.0,6.194420976337467
ESP,2022,291098000000.0,OWID,47786102.0,6.091687495247049
ESP,2023,270414000000.0,OWID,48352528.0,5.592551438055111
EST,2000,15419000000.0,OWID,1396985.0,11.037341131078716
EST,2001,15038000000.0,OWID,1388115.0,10.833396368456505
EST,2002,16928000000.0,OWID,1379350.0,12.272447167143945
EST,2003,17359000000.0,OWID,1370720.0,12.664147309443212
EST,2004,22176000000.0,OWID,1362550.0,16.27536604161315
EST,2005,19492000000.0,OWID,1354775.0,14.387628942075253
EST,2006,18990000000.0,OWID,1346810.0,14.09998440760018
EST,2007,21959000000.0,OWID,1340680.0,16.37900170062953
EST,2008,20694000000.0,OWID,1337090.0,15.476893851573193
EST,2009,18411000000.0,OWID,1334515.0,13.796023274373086
EST,2010,22514000000.0,OWID,1331475.0,16.90906701214818
EST,2011,22391000000.0,OWID,1327439.0,16.867818408228175
EST,2012,21872000000.0,OWID,1322696.0,16.535923598468585
EST,2013,23820000000.0,OWID,1317997.0,18.07287876983028
EST,2014,23816000000.0,OWID,1314545.0,18.117295337930617
EST,2015,21132000000.0,OWID,1315407.0,16.0649897712267
EST,2016,21906000000.0,OWID,1315790.0,16.648553340578662
EST,2017,23461000000.0,OWID,1317384.0,17.808778609729586
EST,2018,23010000000.0,OWID,1321977.0,17.405749116663905
EST,2019,17148000000.0,OWID,1326898.0,12.9233746678343
EST,2020,13143000000.0,OWID,1329522.0,9.885507723828566
EST,2021,14398000000.0,OWID,1330932.0,10.817983187721085
EST,2022,16096000000.0,OWID,1348840.0,11.933216689896504
EST,2023,12976000000.0,OWID,1370286.0,9.469555990501252
ETH,2000,131960000000.00002,OWID,67411494.0,1.957529675873969
ETH,2001,128049000000.0,OWID,69487762.0,1.8427561388435563
ETH,2002,210645000000.0,OWID,71635517.0,2.940510640831977
ETH,2003,256697999999.99997,OWID,73832663.0,3.476753913102118
ETH,2004,250465000000.0,OWID,76077206.0,3.292247614876919
ETH,2005,253664000000.0,OWID,78367470.0,3.2368532504622136
ETH,2006,263997000000.0,OWID,80703490.0,3.2711968218474814
ETH,2007,244401000000.0,OWID,83103217.0,2.940933080845715
ETH,2008,255004000000.0,OWID,85543668.0,2.9809804274467164
ETH,2009,273254000000.00003,OWID,88007636.0,3.1048896711644436
ETH,2010,290404000000.0,OWID,90538514.0,3.2075189570705787
ETH,2011,276229000000.0,OWID,93149970.0,2.965422318439823
ETH,2012,289163000000.0,OWID,95798767.0,3.0184417718027627
ETH,2013,286604000000.0,OWID,98438751.0,2.9114956974616635
ETH,2014,250171000000.0,OWID,101115610.0,2.4741085970801144
ETH,2015,224231000000.0,OWID,103867135.0,2.158825310816554
ETH,2016,216784000000.0,OWID,106718162.0,2.0313693183733808
ETH,2017,214109000000.0,OWID,109666481.0,1.95236500749942
ETH,2018,208567000000.0,OWID,112664152.0,1.8512277090586897
ETH,2019,230209000000.0,OWID,115737383.0,1.9890634644814804
ETH,2020,243900000000.0,OWID,118917671.0,2.0509987956289524
ETH,2021,231147000000.0,OWID,122138588.0,1.892497725616412
ETH,2022,233825000000.0,OWID,125384287.0,1.86486684731078
ETH,2023,241434000000.0,OWID,128691692.0,1.876065161999735
FIN,2000,89720000000.0,OWID,5176209.0,17.333148642181953
FIN,2001,96797000000.0,OWID,5188008.0,18.65783553147952
FIN,2002,100850000000.0,OWID,5200598.0,19.39200068915152
FIN,2003,109597000000.0,OWID,5213014.0,21.023730225930716
FIN,2004,106692000000.0,OWID,5228172.0,20.407132741616
FIN,2005,94982000000.0,OWID,5246096.0,18.105272949637214
FIN,2006,105598000000.0,OWID,5266268.0,20.051771007476262
FIN,2007,105707000000.0,OWID,5288720.0,19.987255895566413
FIN,2008,96960000000.0,OWID,5313399.0,18.248206091806768
FIN,2009,90827000000.0,OWID,5338871.0,17.012398314175414
FIN,2010,101270000000.0,OWID,5363352.0,18.88184851562978
FIN,2011,92710000000.0,OWID,5388272.0,17.205887156401904
FIN,2012,87746000000.0,OWID,5413971.0,16.207327301900953
FIN,2013,88982000000.0,OWID,5438972.0,16.360076867466866
FIN,2014,86089000000.0,OWID,5461512.0,15.762851020010576
FIN,2015,83830000000.0,OWID,5479531.0,15.298754583193341
FIN,2016,88621000000.0,OWID,5495303.0,16.12668127671941
FIN,2017,88916000000.0,OWID,5508214.0,16.142437457949164
FIN,2018,92312000000.0,OWID,5515525.0,16.73675670040477
FIN,2019,90783000000.0,OWID,5521606.0,16.441412154362336
FIN,2020,85664000000.0,OWID,5529543.0,15.492057842754818
FIN,2021,89874000000.0,OWID,5541017.0,16.21976615484125
FIN,2022,90037000000.0,OWID,5556106.0,16.20505440320973
FIN,2023,87827000000.0,OWID,5583911.0,15.728581633912144
FRA,2000,483111000000.0,OWID,60948657.0,7.926524123410955
FRA,2001,478636000000.0,OWID,61395180.0,7.795986590478275
FRA,2002,471031000000.0,OWID,61843746.0,7.61646941632546
FRA,2003,476792000000.0,OWID,62282250.0,7.655343215763721
FRA,2004,477930000000.0,OWID,62740759.0,7.617536153810316
FRA,2005,477956000000.0,OWID,63214782.0,7.560826516810577
FRA,2006,466453000000.0,OWID,63657000.0,7.327599478454844
FRA,2007,457941000000.0,OWID,64052227.0,7.149493802924292
FRA,2008,452329000000.0,OWID,64411074.0,7.022534665389991
FRA,2009,433117000000.0,OWID,64742938.0,6.689795263847928
FRA,2010,442929000000.0,OWID,65063067.0,6.8076870707616655
FRA,2011,417796000000.0,OWID,65377899.0,6.390477613849292
FRA,2012,425889000000.0,OWID,65694935.0,6.482828546827849
FRA,2013,432705000000.0,OWID,66035351.0,6.55262663781404
FRA,2014,401917000000.0,OWID,66349517.0,6.057572355801776
FRA,2015,407676000000.0,OWID,66585641.0,6.122581293465359
FRA,2016,412226000000.0,OWID,66761279.0,6.174627061893168
FRA,2017,427920000000.0,OWID,66954857.0,6.391171890636701
FRA,2018,399243000000.0,OWID,67194360.0,5.9416147426659025
FRA,2019,413097000000.0,OWID,67416328.0,6.127551177216297
FRA,2020,363796000000.0,OWID,67632896.0,5.378980075021481
FRA,2021,387602000000.0,OWID,67872772.0,5.710714157954238
FRA,2022,369803000000.0,OWID,68213327.0,5.421272004516068
FRA,2023,345135000000.0,OWID,68399801.0,5.045848013505186
GAB,2000,39007000000.0,OWID,1275572.0,30.580006459847034
GAB,2001,37518000000.0,OWID,1309589.0,28.648682907385446
GAB,2002,37932000000.0,OWID,1345135.0,28.199400060217005
GAB,2003,40607000000.0,OWID,1382350.0,29.375339096466163
GAB,2004,38071000000.0,OWID,1421609.0,26.780218752132267
GAB,2005,35670000000.0,OWID,1463495.0,24.373161507213897
GAB,2006,32033000000.0,OWID,1508337.0,21.237296439721362
GAB,2007,30650000000.0,OWID,1556237.0,19.694943636476964
GAB,2008,31606000000.0,OWID,1607175.0,19.66556224431067
GAB,2009,31176000000.0,OWID,1661556.0,18.76313527801651
GAB,2010,28806000000.0,OWID,1719879.0,16.748852680915345
GAB,2011,29263000000.0,OWID,1781985.0,16.421574816847503
GAB,2012,28088000000.0,OWID,1846889.0,15.208277270588543
GAB,2013,28791000000.0,OWID,1913059.0,15.049718801145183
GAB,2014,25527000000.0,OWID,1978399.0,12.902857310380767
GAB,2015,30412000000.0,OWID,2040989.0,14.900619258604529
GAB,2016,27723000000.0,OWID,2100306.0,13.199505214954392
GAB,2017,31199000000.0,OWID,2156900.0,14.464741063563448
GAB,2018,24592000000.0,OWID,2212318.0,11.115942644773492
GAB,2019,25507000000.0,OWID,2267706.0,11.24793072823373
GAB,2020,26249000000.0,OWID,2322539.0,11.30185542632438
GAB,2021,24728000000.0,OWID,2376722.0,10.404245847852632
GAB,2022,26967000000.0,OWID,2430747.0,11.094120449392719
GAB,2023,27798000000.0,OWID,2484789.0,11.187267812277017
GBR,2000,710466000000.0,OWID,59143992.0,12.012479644593487
GBR,2001,715181000000.0,OWID,59372656.0,12.045629220292923
GBR,2002,693542000000.0,OWID,59625466.0,11.631640748937711
GBR,2003,701843000000.0,OWID,59904860.0,11.715960942067138
GBR,2004,701971000000.0,OWID,60247451.0,11.65146389346829
GBR,2005,714900000000.0,OWID,60663011.0,11.784776063951062
GBR,2006,695775000000.0,OWID,61110922.0,11.385444323684071
GBR,2007,677496000000.0,OWID,61588925.0,11.000289418917443
GBR,2008,652777000000.0,OWID,62075845.0,10.51579724770561
GBR,2009,595137000000.0,OWID,62547543.0,9.514954088604249
GBR,2010,608752000000.0,OWID,63040107.0,9.65658259431571
GBR,2011,565547000000.0,OWID,63534558.0,8.90140764023258
GBR,2012,584893000000.0,OWID,63988131.0,9.14064828678931
GBR,2013,571726000000.0,OWID,64417325.0,8.87534525843785
GBR,2014,530833999999.99994,OWID,64899431.0,8.1793321115558
GBR,2015,518770999999.99994,OWID,65368240.0,7.936132286872033
GBR,2016,494140000000.0,OWID,65888007.0,7.499695657815238
GBR,2017,477853000000.0,OWID,66248173.0,7.213074389236365
GBR,2018,475272000000.0,OWID,66572608.0,7.1391524874615095
GBR,2019,453993000000.0,OWID,66916090.0,6.784511766900905
GBR,2020,411774000000.0,OWID,67030472.0,6.143086684515663
GBR,2021,425768000000.0,OWID,67271705.0,6.329079960140745
GBR,2022,392132000000.0,OWID,67892956.0,5.77573909140147
GBR,2023,386611000000.0,OWID,68782327.0,5.620789770604882
GEO,2000,5798000000.0,OWID,4077131.0,1.4220784173969392
GEO,2001,4635000000.0,OWID,4014373.0,1.1546012291334165
GEO,2002,11656000000.0,OWID,3978515.0,2.9297363463503343
GEO,2003,2220000000.0,OWID,3951736.0,0.5617784183963707
GEO,2004,3418000000.0,OWID,3927340.0,0.8703091660003972
GEO,2005,3963000000.0,OWID,3902469.0,1.0155109496065184
GEO,2006,4710000000.0,OWID,3880347.0,1.2138089712079874
GEO,2007,5043000000.0,OWID,3860158.0,1.30642320858369
GEO,2008,3972000000.0,OWID,3848449.0,1.0321041021980544
GEO,2009,4232000000.0,OWID,3814419.0,1.1094743393423743
GEO,2010,4569000000.0,OWID,3786695.0,1.2065930844707589
GEO,2011,7075000000.0,OWID,3756441.0,1.8834316844055317
GEO,2012,9650000000.0,OWID,3728874.0,2.587912597743984
GEO,2013,7652000000.0,OWID,3717668.0,2.0582795451342077
GEO,2014,8964000000.0,OWID,3719414.0,2.4100570681295492
GEO,2015,8723000000.0,OWID,3725276.0,2.341571470140736
GEO,2016,9079000000.0,OWID,3727505.0,2.435677484000692
GEO,2017,8626000000.0,OWID,3728004.0,2.3138387190571685
GEO,2018,8141000000.0,OWID,3726549.0,2.184594916100661
GEO,2019,9264000000.0,OWID,3720161.0,2.4902148052194515
GEO,2020,10002000000.0,OWID,3722716.0,2.686748062436135
GEO,2021,10759000000.0,OWID,3708610.0,2.901086930143639
GEO,2022,12346000000.0,OWID,3712502.0,3.325520093995909
GEO,2023,12623000000.0,OWID,3715483.0,3.3974048596104462
GHA,2000,40454000000.0,OWID,19637087.0,2.060081518200739
GHA,2001,39435000000.0,OWID,20167069.0,1.955415534106617
GHA,2002,39578000000.0,OWID,20729388.0,1.9092700662460462
GHA,2003,41594000000.0,OWID,21296705.0,1.953072083216629
GHA,2004,38213000000.0,OWID,21868298.0,1.7474153681278717
GHA,2005,40476000000.0,OWID,22449438.0,1.802985001228093
GHA,2006,41841000000.0,OWID,23040702.0,1.8159602949597629
GHA,2007,43886000000.0,OWID,23642279.0,1.8562508292876503
GHA,2008,43624000000.0,OWID,24249946.0,1.798931840920388
GHA,2009,42343000000.0,OWID,24862664.0,1.7030757444174123
GHA,2010,45466000000.0,OWID,25474995.0,1.7847304778666295
GHA,2011,49330000000.0,OWID,26095088.0,1.8903940848944445
GHA,2012,50489000000.0,OWID,26734268.0,1.8885499314961607
GHA,2013,52616000000.0,OWID,27386193.0,1.921260103585774
GHA,2014,53069000000.0,OWID,28041592.0,1.8925102397895242
GHA,2015,53769000000.0,OWID,28696068.0,1.8737410296072619
GHA,2016,53214000000.0,OWID,29356742.0,1.8126670868313657
GHA,2017,53032000000.0,OWID,30008354.0,1.7672412155628396
GHA,2018,54136000000.0,OWID,30637585.0,1.766980001850668
GHA,2019,55423000000.0,OWID,31258945.0,1.7730284883255016
GHA,2020,54212000000.0,OWID,31887809.0,1.700085446447575
GHA,2021,49068000000.0,OWID,32518665.0,1.508918032151689
GHA,2022,51166000000.0,OWID,33149152.0,1.5435085639596453
GHA,2023,51094000000.0,OWID,33787914.0,1.512197527198631
GIN,2000,36315000000.0,OWID,8428832.0,4.308426125944852
GIN,2001,36399000000.0,OWID,8539960.0,4.262197949404915
GIN,2002,37043000000.0,OWID,8674066.0,4.270546246708291
GIN,2003,39516000000.0,OWID,8870781.0,4.454624682990144
GIN,2004,34874000000.0,OWID,9062726.0,3.848069554348217
GIN,2005,40295000000.0,OWID,9245844.0,4.3581743321648085
GIN,2006,46865000000.0,OWID,9441171.0,4.963896957273626
GIN,2007,52166000000.0,OWID,9662281.0,5.398932198308039
GIN,2008,41767000000.0,OWID,9898870.0,4.219370493803838
GIN,2009,91169000000.0,OWID,10143534.0,8.987893174114662
GIN,2010,73723000000.0,OWID,10396086.0,7.091418828201306
GIN,2011,99977000000.0,OWID,10656810.0,9.381512854221853
GIN,2012,80676000000.0,OWID,10921581.0,7.386842619214196
GIN,2013,96626000000.0,OWID,11191873.0,8.633586174539328
GIN,2014,94992000000.0,OWID,11472924.0,8.279667851020367
GIN,2015,79645000000.0,OWID,11767070.0,6.76846487698297
GIN,2016,86854000000.0,OWID,12073030.0,7.194051534701728
GIN,2017,87752000000.0,OWID,12385659.0,7.084968187804944
GIN,2018,69389000000.0,OWID,12704774.0,5.461647723918583
GIN,2019,86687000000.0,OWID,13034346.0,6.65065972623406
GIN,2020,82603000000.0,OWID,13371183.0,6.177688241945384
GIN,2021,74309000000.0,OWID,13710513.0,5.419855551721515
GIN,2022,76836000000.0,OWID,14055137.0,5.466755678012957
GIN,2023,78455000000.0,OWID,14405468.0,5.446195847299095
GMB,2000,2331000000.0,OWID,1455084.0,1.6019693708404463
GMB,2001,2103000000.0000002,OWID,1495011.0,1.4066786130670612
GMB,2002,2140000000.0000002,OWID,1535691.0,1.3935095015859313
GMB,2003,2425000000.0,OWID,1577611.0,1.5371343125776886
GMB,2004,2560000000.0,OWID,1621312.0,1.5789681443176884
GMB,2005,2440000000.0,OWID,1667037.0,1.4636747714657803
GMB,2006,2893000000.0,OWID,1715275.0,1.68661001880165
GMB,2007,5141000000.0,OWID,1765774.0,2.9114711169153016
GMB,2008,5201000000.0,OWID,1817852.0,2.861068997916222
GMB,2009,4602000000.0,OWID,1871422.0,2.4590926044473136
GMB,2010,3739000000.0,OWID,1926630.0,1.9406943730763042
GMB,2011,2952000000.0,OWID,1983784.0,1.4880652329084214
GMB,2012,2996000000.0,OWID,2043094.0,1.4664034058149062
GMB,2013,2913000000.0,OWID,2103820.0,1.3846241598615852
GMB,2014,3356000000.0,OWID,2164528.0,1.550453493787098
GMB,2015,3352000000.0,OWID,2224529.0,1.5068358290676362
GMB,2016,3031000000.0,OWID,2283769.0,1.327192023361382
GMB,2017,2953000000.0,OWID,2342189.0,1.2607863840193938
GMB,2018,2819000000.0,OWID,2399632.0,1.1747634637311055
GMB,2019,3003000000.0,OWID,2456844.0,1.2222998285605435
GMB,2020,3054000000.0,OWID,2515733.0,1.2139603050085204
GMB,2021,2821000000.0,OWID,2576010.0,1.0951044444703244
GMB,2022,3024000000.0,OWID,2636470.0,1.146988207717137
GMB,2023,2960000000.0,OWID,2697845.0,1.0971720020979707
GNB,2000,6729000000.0,OWID,1234741.0,5.449725893932412
GNB,2001,5215000000.0,OWID,1261273.0,4.134711517649232
GNB,2002,4786000000.0,OWID,1289307.0,3.7120716788166046
GNB,2003,5384000000.0,OWID,1318806.0,4.082480668119496
GNB,2004,5117000000.0,OWID,1349563.0,3.791597724596777
GNB,2005,5209000000.0,OWID,1381585.0,3.770307291987102
GNB,2006,5415000000.0,OWID,1415303.0,3.8260358382621953
GNB,2007,5468000000.0,OWID,1450986.0,3.7684719218517615
GNB,2008,5033000000.0,OWID,1488054.0,3.3822697294587427
GNB,2009,6206000000.0,OWID,1526377.0,4.065836945918341
GNB,2010,5482000000.0,OWID,1566347.0,3.499863057164217
GNB,2011,5298000000.0,OWID,1608076.0,3.294620403513267
GNB,2012,5272000000.0,OWID,1651417.0,3.192409912214783
GNB,2013,5292000000.0,OWID,1695973.0,3.1203326939756706
GNB,2014,5370000000.0,OWID,1741122.0,3.084218107634043
GNB,2015,6296000000.0,OWID,1786457.0,3.5242941755664985
GNB,2016,5488000000.0,OWID,1831893.0,2.995808161284529
GNB,2017,6392000000.0,OWID,1877072.0,3.405303579191422
GNB,2018,7542000000.0,OWID,1922168.0,3.923694494966101
GNB,2019,7096000000.0,OWID,1967696.0,3.606248119628235
GNB,2020,7686000000.0,OWID,2013255.0,3.817698205145399
GNB,2021,6744000000.0,OWID,2058841.0,3.2756293468024
GNB,2022,7572000000.0,OWID,2105529.0,3.5962458840509917
GNB,2023,7909000000.0,OWID,2153339.0,3.6729005511904997
GNQ,2000,13830000000.0,OWID,703279.0,19.665026255582777
GNQ,2001,14278000000.0,OWID,749836.0,19.041497074026854
GNQ,2002,12564000000.0,OWID,797957.0,15.745209328322202
GNQ,2003,12858000000.0,OWID,847862.0,15.165203771368454
GNQ,2004,17579000000.0,OWID,899917.0,19.53402369329616
GNQ,2005,16748000000.000002,OWID,947367.0,17.67847096215089
GNQ,2006,17883000000.0,OWID,990343.0,18.057380119817072
GNQ,2007,18614000000.0,OWID,1036044.0,17.966418414661927
GNQ,2008,18163000000.0,OWID,1084530.0,16.747346776944852
GNQ,2009,16980000000.0,OWID,1135673.0,14.951486915687878
GNQ,2010,16117000000.0,OWID,1189085.0,13.55411934386524
GNQ,2011,16081000000.0,OWID,1241835.0,12.949385385337022
GNQ,2012,16251000000.000002,OWID,1293483.0,12.563752287428596
GNQ,2013,18158000000.0,OWID,1346218.0,13.488157192965774
GNQ,2014,16614000000.0,OWID,1399828.0,11.868600999551374
GNQ,2015,17559000000.0,OWID,1453923.0,12.076980692925279
GNQ,2016,16571000000.000002,OWID,1508186.0,10.98737158414148
GNQ,2017,16143000000.0,OWID,1562396.0,10.332207711745294
GNQ,2018,13977000000.0,OWID,1616422.0,8.64687563025002
GNQ,2019,12295000000.0,OWID,1670177.0,7.3614952187702265
GNQ,2020,13889000000.0,OWID,1716468.0,8.091616039448448
GNQ,2021,13557000000.0,OWID,1758786.0,7.708157786109282
GNQ,2022,14087000000.0,OWID,1803545.0,7.8107283156228435
GNQ,2023,11810000000.0,OWID,1847549.0,6.39225265473338
GRC,2000,121225000000.0,OWID,10805808.0,11.218503974899424
GRC,2001,122429000000.0,OWID,10862132.0,11.271175861239765
GRC,2002,122190000000.0,OWID,10902022.0,11.208012605368069
GRC,2003,125275000000.0,OWID,10928070.0,11.463597872268389
GRC,2004,126361000000.0,OWID,10955141.0,11.534401976204597
GRC,2005,129979000000.00002,OWID,10987314.0,11.829915846584527
GRC,2006,128169999999.99998,OWID,11020362.0,11.630289458731028
GRC,2007,130835000000.00002,OWID,11048473.0,11.841907927004938
GRC,2008,127178000000.0,OWID,11077841.0,11.480395864139954
GRC,2009,120697000000.0,OWID,11107017.0,10.866734065501117
GRC,2010,112698000000.0,OWID,11121341.0,10.133490196910607
GRC,2011,109427000000.0,OWID,11104899.0,9.85393923888907
GRC,2012,105525000000.0,OWID,11045011.0,9.554087361252966
GRC,2013,91018000000.0,OWID,10965211.0,8.300615464672774
GRC,2014,88545000000.0,OWID,10892413.0,8.12905276360711
GRC,2015,82709000000.0,OWID,10820883.0,7.643461259122753
GRC,2016,77253000000.0,OWID,10775971.0,7.1690059299528555
GRC,2017,80304000000.0,OWID,10754679.0,7.466889527804596
GRC,2018,87951000000.0,OWID,10732882.0,8.194537124325041
GRC,2019,70149000000.0,OWID,10721582.0,6.542784451025978
GRC,2020,61884000000.0,OWID,10698599.0,5.784308767905031
GRC,2021,63444000000.0,OWID,10569207.0,6.002720923149674
GRC,2022,62344000000.0,OWID,10436882.0,5.973431528688358
GRC,2023,55973000000.0,OWID,10407351.0,5.378217761657121
GRD,2000,290000000.0,OWID,107451.0,2.6989046169882087
GRD,2001,247000000.0,OWID,107987.0,2.2873123616731648
GRD,2002,227000000.0,OWID,108404.0,2.094018670897753
GRD,2003,234000000.0,OWID,108884.0,2.1490760809669003
GRD,2004,192000000.0,OWID,109323.0,1.7562635492988665
GRD,2005,205000000.0,OWID,109734.0,1.8681538994295297
GRD,2006,218000000.0,OWID,110135.0,1.9793889317655606
GRD,2007,231000000.0,OWID,110522.0,2.0900816127105912
GRD,2008,330000000.0,OWID,110896.0,2.9757610734381763
GRD,2009,280000000.0,OWID,111254.0,2.5167634422133136
GRD,2010,276000000.0,OWID,111586.0,2.473428566307601
GRD,2011,243000000.0,OWID,112079.0,2.1681135627548422
GRD,2012,262000000.0,OWID,112775.0,2.3232099312790955
GRD,2013,298000000.0,OWID,113487.0,2.6258514191052718
GRD,2014,241000000.0,OWID,114132.0,2.1115900886692605
GRD,2015,260000000.0,OWID,114676.0,2.267257316264955
GRD,2016,280000000.0,OWID,115130.0,2.432033353600278
GRD,2017,301000000.0,OWID,115438.0,2.6074602817096624
GRD,2018,317000000.0,OWID,115691.0,2.740057567140054
GRD,2019,350000000.0,OWID,115981.0,3.0177356636000723
GRD,2020,307000000.0,OWID,116341.0,2.638794578007753
GRD,2021,331000000.0,OWID,116688.0,2.836624160153572
GRD,2022,365000000.0,OWID,116913.0,3.121979591662176
GRD,2023,388000000.0,OWID,117081.0,3.3139450465916758
GRL,2000,85992000000.0,OWID,56185.0,1530.5152620806266
GRL,2001,85992000000.0,OWID,56379.0,1525.2487628372266
GRL,2002,85992000000.0,OWID,56595.0,1519.427511264246
GRL,2003,85992000000.0,OWID,56751.0,1515.2508325844478
GRL,2004,85992000000.0,OWID,56898.0,1511.336075081725
GRL,2005,85992000000.0,OWID,56935.0,1510.3539123561957
GRL,2006,85992000000.0,OWID,56775.0,1514.6103038309113
GRL,2007,85992000000.0,OWID,56555.0,1520.5021660330651
GRL,2008,85992000000.0,OWID,56328.0,1526.6297400937367
GRL,2009,85992000000.0,OWID,56323.0,1526.7652646343413
GRL,2010,85992000000.0,OWID,56534.0,1521.0669685498992
GRL,2011,85992000000.0,OWID,56890.0,1511.548602566356
GRL,2012,85992000000.0,OWID,56810.0,1513.6771695124098
GRL,2013,85992000000.0,OWID,56483.0,1522.440380291415
GRL,2014,85992000000.0,OWID,56295.0,1527.5246469491074
GRL,2015,85992000000.0,OWID,56114.0,1532.4517945610721
GRL,2016,85992000000.0,OWID,56186.0,1530.4880219271704
GRL,2017,85992000000.0,OWID,56172.0,1530.869472334971
GRL,2018,85992000000.0,OWID,56023.0,1534.9410063723828
GRL,2019,85992000000.0,OWID,56225.0,1529.4264117385505
GRL,2020,85992000000.0,OWID,56367.0,1525.5734738410772
GRL,2021,85992000000.0,OWID,56653.0,1517.8719573544208
GRL,2022,85992000000.0,OWID,56661.0,1517.657648117753
GRL,2023,85992000000.0,OWID,56865.0,1512.2131363756266
GTM,2000,85992000000.0,OWID,11697592.0,7.35125656630869
GTM,2001,88044000000.0,OWID,11969422.0,7.355743660805008
GTM,2002,93426000000.0,OWID,12246915.0,7.628533389837359
GTM,2003,73609000000.0,OWID,12525842.0,5.876571012152317
GTM,2004,58486000000.0,OWID,12807402.0,4.566577983575436
GTM,2005,59222000000.0,OWID,13087629.0,4.525036582256419
GTM,2006,74880000000.0,OWID,13367459.0,5.6016629637689554
GTM,2007,70012000000.0,OWID,13652040.0,5.128317819168418
GTM,2008,60970000000.0,OWID,13935174.0,4.375259325789545
GTM,2009,59224000000.0,OWID,14215611.0,4.166124129311079
GTM,2010,54302000000.0,OWID,14500112.0,3.7449365908346084
GTM,2011,52338000000.0,OWID,14792126.0,3.538233787354164
GTM,2012,50506000000.0,OWID,15089647.0,3.3470630558819567
GTM,2013,58936000000.0,OWID,15387337.0,3.8301624251161845
GTM,2014,80899000000.0,OWID,15681725.0,5.158807465377693
GTM,2015,76085000000.0,OWID,15971743.0,4.7637255370312435
GTM,2016,69759000000.0,OWID,16268760.0,4.28791130977407
GTM,2017,67783000000.0,OWID,16567357.0,4.091358688051449
GTM,2018,68998000000.0,OWID,16845685.0,4.095885682297871
GTM,2019,69737000000.0,OWID,17103803.0,4.07728035688905
GTM,2020,61879000000.0,OWID,17357325.0,3.565007856913436
GTM,2021,62869000000.0,OWID,17598650.0,3.5723762902268072
GTM,2022,63090000000.0,OWID,17847877.0,3.5348742038058645
GTM,2023,66215999999.99999,OWID,18124838.0,3.6533292049286175
GUY,2000,12615000000.0,OWID,764832.0,16.493818250282416
GUY,2001,9910000000.0,OWID,764477.0,12.963110727987893
GUY,2002,9683000000.0,OWID,763652.0,12.679859412402507
GUY,2003,20318000000.0,OWID,763101.0,26.62557118913486
GUY,2004,15246000000.0,OWID,762418.0,19.99690458514883
GUY,2005,10569000000.0,OWID,760914.0,13.889874545612251
GUY,2006,10752000000.0,OWID,758966.0,14.166642510995223
GUY,2007,9871000000.0,OWID,756861.0,13.04202488964288
GUY,2008,8895000000.0,OWID,754606.0,11.787608367810487
GUY,2009,9018000000.0,OWID,752094.0,11.990522461288084
GUY,2010,7523000000.0,OWID,749256.0,10.040626968619538
GUY,2011,7656000000.0,OWID,746153.0,10.260630192467229
GUY,2012,9136000000.0,OWID,746288.0,12.241922689363891
GUY,2013,8058999999.999999,OWID,750021.0,10.745032472424104
GUY,2014,10395000000.0,OWID,754229.0,13.782286281752624
GUY,2015,11558000000.0,OWID,758781.0,15.23232658698623
GUY,2016,6248000000.0,OWID,763548.0,8.182851634736782
GUY,2017,7708000000.0,OWID,768479.0,10.030202516919786
GUY,2018,6648000000.0,OWID,791556.0,8.39864772675591
GUY,2019,9475000000.0,OWID,807665.0,11.731349012276128
GUY,2020,11624000000.0,OWID,807481.0,14.395385154573296
GUY,2021,10165000000.0,OWID,815482.0,12.465020687151894
GUY,2022,12799000000.0,OWID,821637.0,15.577438698598042
GUY,2023,12786000000.0,OWID,826353.0,15.472806415660136
HKG,2000,44650000000.0,OWID,6665000.0,6.6991747936984245
HKG,2001,42083000000.0,OWID,6714300.0,6.267667515601031
HKG,2002,43723000000.0,OWID,6744100.0,6.483148233270563
HKG,2003,47501000000.0,OWID,6730800.0,7.057259166815237
HKG,2004,45868000000.0,OWID,6783500.0,6.761701186703029
HKG,2005,48133000000.0,OWID,6813200.0,7.064668584512417
HKG,2006,46763000000.0,OWID,6857100.0,6.8196467894591
HKG,2007,48496000000.0,OWID,6916300.0,7.011841591602446
HKG,2008,47747000000.0,OWID,6957800.0,6.862370289459312
HKG,2009,46615000000.0,OWID,6972800.0,6.6852627351996325
HKG,2010,45111000000.0,OWID,7024200.0,6.422226018621338
HKG,2011,48272000000.0,OWID,7071600.0,6.826177951241586
HKG,2012,47891000000.0,OWID,7150100.0,6.69794828044363
HKG,2013,49481000000.0,OWID,7178900.0,6.892560141525861
HKG,2014,50718000000.0,OWID,7229500.0,7.015422919980635
HKG,2015,47652000000.0,OWID,7291300.0,6.535460068849177
HKG,2016,48685000000.0,OWID,7336600.0,6.6359076411416735
HKG,2017,47833000000.0,OWID,7393200.0,6.469864199534708
HKG,2018,48051000000.0,OWID,7452600.0,6.447548506561469
HKG,2019,47405000000.0,OWID,7507900.0,6.314015903248578
HKG,2020,38999000000.0,OWID,7481000.0,5.213073118567037
HKG,2021,39151000000.0,OWID,7413100.0,5.281326300737883
HKG,2022,36275000000.0,OWID,7346100.0,4.937994309905936
HKG,2023,38562000000.0,OWID,7536100.0,5.116970316211303
HND,2000,19476000000.0,OWID,6577773.0,2.9608805290179516
HND,2001,25884000000.0,OWID,6757993.0,3.8301312238707554
HND,2002,33820000000.0,OWID,6938859.0,4.874000177839037
HND,2003,27670000000.0,OWID,7119213.0,3.8866655626120474
HND,2004,21161000000.0,OWID,7298994.0,2.8991666522811226
HND,2005,19443000000.0,OWID,7478355.0,2.599903320984361
HND,2006,21683000000.0,OWID,7656832.0,2.831850039285177
HND,2007,23576000000.0,OWID,7834798.0,3.0091394826005726
HND,2008,24852000000.0,OWID,8012587.0,3.1016199886503575
HND,2009,32705000000.0,OWID,8189899.0,3.993333739524749
HND,2010,32036000000.0,OWID,8365878.0,3.829364951293815
HND,2011,34567000000.0,OWID,8540583.0,4.047381777098823
HND,2012,30006000000.0,OWID,8715076.0,3.442999234889059
HND,2013,29677000000.0,OWID,8889278.0,3.3385163564464966
HND,2014,27682000000.0,OWID,9063122.0,3.0543558831051816
HND,2015,34561000000.0,OWID,9237305.0,3.7414592243083886
HND,2016,38707000000.0,OWID,9412380.0,4.112349905124953
HND,2017,35991000000.0,OWID,9588137.0,3.75370105788017
HND,2018,30096000000.0,OWID,9765210.0,3.0819613710304234
HND,2019,32555000000.0,OWID,9943633.0,3.2739542981926224
HND,2020,33494999999.999996,OWID,10119640.0,3.309900352186441
HND,2021,29988000000.0,OWID,10289877.0,2.9143205501873344
HND,2022,32391000000.0,OWID,10463872.0,3.0955080490281226
HND,2023,33598000000.0,OWID,10644851.0,3.1562677579986795
HRV,2000,17347000000.0,OWID,4468302.0,3.88223535472759
HRV,2001,17604000000.0,OWID,4299642.0,4.094294362181782
HRV,2002,18982000000.0,OWID,4302174.0,4.412187884543954
HRV,2003,20012000000.0,OWID,4303399.0,4.6502776061434234
HRV,2004,21462000000.0,OWID,4304600.0,4.985829113041862
HRV,2005,21681000000.0,OWID,4310145.0,5.03022520124033
HRV,2006,22214000000.0,OWID,4311159.0,5.152674721577191
HRV,2007,28085000000.0,OWID,4310217.0,6.515913235922924
HRV,2008,24272000000.0,OWID,4309705.0,5.631940005174368
HRV,2009,22716000000.0,OWID,4305181.0,5.276433209196083
HRV,2010,21442000000.0,OWID,4295427.0,4.991820370826928
HRV,2011,22657000000.0,OWID,4280622.0,5.292922383709657
HRV,2012,29969000000.0,OWID,4260368.0,7.034368862032576
HRV,2013,23056000000.0,OWID,4233922.0,5.4455419821149285
HRV,2014,22864000000.0,OWID,4201598.0,5.441739071657974
HRV,2015,23475000000.0,OWID,4151725.0,5.6542762345771935
HRV,2016,22128000000.0,OWID,4106867.0,5.388048845993795
HRV,2017,22600000000.0,OWID,4041407.0,5.592111856093682
HRV,2018,21914000000.0,OWID,3988775.0,5.493917305438386
HRV,2019,23555000000.0,OWID,3949390.0,5.964212194794639
HRV,2020,21732000000.0,OWID,3914206.0,5.552083870905109
HRV,2021,21445000000.0,OWID,3878981.0,5.528513802980731
HRV,2022,21561000000.0,OWID,3855641.0,5.592066273805056
HRV,2023,22536000000.0,OWID,3859686.0,5.838816940030873
HTI,2000,12093000000.0,OWID,8303151.0,1.4564350329170215
HTI,2001,11667000000.0,OWID,8455918.0,1.3797437486976576
HTI,2002,11641000000.0,OWID,8607641.0,1.3524030567724654
HTI,2003,11764000000.0,OWID,8759912.0,1.3429358651091472
HTI,2004,21108000000.0,OWID,8910263.0,2.3689536436803267
HTI,2005,21694000000.0,OWID,9061273.0,2.394144840355213
HTI,2006,17129999999.999998,OWID,9216562.0,1.8586106185798996
HTI,2007,16625000000.0,OWID,9373296.0,1.7736557129957276
HTI,2008,20062000000.0,OWID,9530774.0,2.104970698077617
HTI,2009,30309000000.0,OWID,9689581.0,3.1279990331883285
HTI,2010,24496000000.0,OWID,9803294.0,2.4987519501098303
HTI,2011,22502000000.0,OWID,9914904.0,2.2695126448022087
HTI,2012,22169000000.0,OWID,10069771.0,2.2015396377931533
HTI,2013,18315000000.0,OWID,10222362.0,1.791660283601774
HTI,2014,17282000000.0,OWID,10373235.0,1.6660183636059533
HTI,2015,16203000000.0,OWID,10523242.0,1.5397346179057747
HTI,2016,16135000000.000002,OWID,10671457.0,1.5119772304756514
HTI,2017,15312000000.0,OWID,10817754.0,1.4154509337150762
HTI,2018,12573000000.0,OWID,10962362.0,1.146924358089981
HTI,2019,12405000000.0,OWID,11105163.0,1.117047989300112
HTI,2020,12960000000.0,OWID,11243848.0,1.152630309481238
HTI,2021,13305000000.0,OWID,11374586.0,1.1697129020783703
HTI,2022,12236000000.0,OWID,11503606.0,1.063666471191729
HTI,2023,12250000000.0,OWID,11637398.0,1.0526408051009342
HUN,2000,72870000000.0,OWID,10210971.0,7.1364417742445845
HUN,2001,74138000000.0,OWID,10187576.0,7.277295403734902
HUN,2002,73088000000.0,OWID,10158608.0,7.194686516105357
HUN,2003,76238000000.0,OWID,10129552.0,7.5262953386289935
HUN,2004,74896000000.0,OWID,10107146.0,7.410202642763843
HUN,2005,75022000000.0,OWID,10087065.0,7.437445877467826
HUN,2006,74487000000.0,OWID,10071370.0,7.395915352131835
HUN,2007,72995000000.0,OWID,10055780.0,7.25900924642345
HUN,2008,70916000000.0,OWID,10038188.0,7.064621622946293
HUN,2009,61951000000.0,OWID,10022650.0,6.181099808932768
HUN,2010,61944000000.0,OWID,10000023.0,6.194385752912768
HUN,2011,60823000000.0,OWID,9971727.0,6.099545244269122
HUN,2012,56597000000.0,OWID,9920362.0,5.70513455053354
HUN,2013,54439000000.0,OWID,9872734.0,5.514075432397956
HUN,2014,54802000000.0,OWID,9833038.0,5.573252132250481
HUN,2015,58457000000.0,OWID,9797755.0,5.9663667850441255
HUN,2016,59182000000.0,OWID,9759755.0,6.0638817265392415
HUN,2017,61189000000.0,OWID,9726756.0,6.290792120209451
HUN,2018,60998000000.0,OWID,9706964.0,6.283942126498048
HUN,2019,56555000000.0,OWID,9694824.0,5.833525188286038
HUN,2020,59828000000.0,OWID,9670419.0,6.1867019412499085
HUN,2021,60163000000.0,OWID,9630932.0,6.246851291235365
HUN,2022,54129000000.0,OWID,9605074.0,5.635458925147271
HUN,2023,48654000000.0,OWID,9592186.0,5.072253603089014
IDN,2000,1250713000000.0,OWID,216077790.0,5.788253387819267
IDN,2001,1168101000000.0,OWID,219097902.0,5.331411160660042
IDN,2002,1482271000000.0,OWID,222088495.0,6.674235871606046
IDN,2003,1161728000000.0,OWID,225048008.0,5.162134116734773
IDN,2004,1288085000000.0,OWID,227926649.0,5.651313725934697
IDN,2005,1217586000000.0,OWID,230871650.0,5.273865370650749
IDN,2006,1858979000000.0,OWID,233951652.0,7.94599646597067
IDN,2007,1356118000000.0,OWID,237062337.0,5.720512238095417
IDN,2008,1483168000000.0,OWID,240157903.0,6.175803425465453
IDN,2009,1855115000000.0,OWID,243220028.0,7.6273118429210935
IDN,2010,1649020000000.0,OWID,246305322.0,6.695023829001957
IDN,2011,1831722000000.0,OWID,249470032.0,7.342453060654596
IDN,2012,1924482000000.0,OWID,252698525.0,7.615723123037619
IDN,2013,1978383000000.0,OWID,255852467.0,7.732514848097986
IDN,2014,2144121999999.9998,OWID,258877399.0,8.282383894006907
IDN,2015,2620779000000.0,OWID,261799249.0,10.010643689814405
IDN,2016,1750911000000.0,OWID,264627418.0,6.616513939609991
IDN,2017,1725163000000.0,OWID,267346658.0,6.452906548022007
IDN,2018,1813221000000.0,OWID,269951846.0,6.716831267751361
IDN,2019,2113899000000.0,OWID,272489381.0,7.757729832415011
IDN,2020,1725431000000.0,OWID,274814866.0,6.2785213373427915
IDN,2021,1763947000000.0,OWID,276758053.0,6.373606769086498
IDN,2022,1812192000000.0,OWID,278830529.0,6.499259627341596
IDN,2023,1940847000000.0,OWID,281190067.0,6.90226017123144
IND,2000,2005885000000.0,OWID,1057922733.0,1.8960600216159642
IND,2001,2000273000000.0,OWID,1077898575.0,1.8557154136696024
IND,2002,1994045000000.0,OWID,1097600380.0,1.816731331671004
IND,2003,2059556000000.0,OWID,1116803006.0,1.844153345697567
IND,2004,2129202000000.0002,OWID,1135991513.0,1.8743115381003734
IND,2005,2205413000000.0,OWID,1154676322.0,1.9099837400147188
IND,2006,2324594000000.0,OWID,1172878890.0,1.9819556987678413
IND,2007,2485674000000.0,OWID,1190676021.0,2.0876157377490343
IND,2008,2641331000000.0,OWID,1207930964.0,2.186657250057877
IND,2009,2738050000000.0,OWID,1225524753.0,2.2341857994279124
IND,2010,2848131000000.0,OWID,1243481564.0,2.2904489157347894
IND,2011,2950343000000.0,OWID,1261224954.0,2.3392678606960073
IND,2012,3164010000000.0,OWID,1278674502.0,2.474445212640988
IND,2013,3124772000000.0,OWID,1295829511.0,2.41140672709992
IND,2014,3216867000000.0,OWID,1312277191.0,2.451362427132211
IND,2015,3290423000000.0,OWID,1328024498.0,2.477682456125896
IND,2016,3365011000000.0,OWID,1343944296.0,2.503832197521377
IND,2017,3415989000000.0,OWID,1359657400.0,2.5123895181241984
IND,2018,3616201000000.0,OWID,1374659064.0,2.630616634118378
IND,2019,3613001000000.0,OWID,1389030312.0,2.601095864350007
IND,2020,3436429000000.0,OWID,1402617695.0,2.450011155748324
IND,2021,3697615000000.0,OWID,1414203896.0,2.6146265121023258
IND,2022,3869995000000.0,OWID,1425423212.0,2.71497964072722
IND,2023,4121424000000.0,OWID,1438069596.0,2.8659419623805187
IRL,2000,81603000000.0,OWID,3805174.0,21.445274250270817
IRL,2001,85589000000.0,OWID,3866243.0,22.137511791162638
IRL,2002,83091000000.0,OWID,3931947.0,21.132278741295345
IRL,2003,81770000000.0,OWID,3996521.0,20.460295341873596
IRL,2004,80752000000.0,OWID,4070262.0,19.83950910285382
IRL,2005,81828000000.0,OWID,4159914.0,19.67059895949772
IRL,2006,80521000000.0,OWID,4273591.0,18.841531629957103
IRL,2007,92831000000.0,OWID,4398942.0,21.103028864667916
IRL,2008,83810000000.0,OWID,4489544.0,18.667820161691257
IRL,2009,76519000000.0,OWID,4535375.0,16.871592756938508
IRL,2010,73671000000.0,OWID,4560155.0,16.15537191170037
IRL,2011,69548000000.0,OWID,4580084.0,15.18487433854925
IRL,2012,69010000000.0,OWID,4599533.0,15.003697114467924
IRL,2013,67193000000.0,OWID,4623816.0,14.531936391932552
IRL,2014,66163000000.0,OWID,4657740.0,14.204957769218549
IRL,2015,69975000000.0,OWID,4701957.0,14.88210121870532
IRL,2016,73184000000.0,OWID,4762722.0,15.366002886584605
IRL,2017,71981000000.0,OWID,4827445.0,14.91078614049461
IRL,2018,69350000000.0,OWID,4898022.0,14.158776747021554
IRL,2019,66762000000.0,OWID,4976456.0,13.415571241863688
IRL,2020,62909000000.0,OWID,5039747.0,12.482571049697535
IRL,2021,66257000000.00001,OWID,5110585.0,12.964660601477132
IRL,2022,64069999999.99999,OWID,5212836.0,12.290814443423885
IRL,2023,60524000000.0,OWID,5311538.0,11.394816341330893
IRN,2000,525648000000.0,OWID,66418659.0,7.914161591248026
IRN,2001,539501999999.99994,OWID,67452005.0,7.998309316379846
IRN,2002,547390000000.0,OWID,68011317.0,8.048513455488592
IRN,2003,588296000000.0,OWID,68769340.0,8.554626233144013
IRN,2004,619578000000.0,OWID,70256316.0,8.81882278028925
IRN,2005,655284000000.0,OWID,71828455.0,9.122902615683437
IRN,2006,667689000000.0,OWID,73392747.0,9.097479346290173
IRN,2007,673859000000.0,OWID,74602648.0,9.03264184402677
IRN,2008,689711000000.0,OWID,75514204.0,9.133526720350519
IRN,2009,705623000000.0,OWID,76457825.0,9.228918034223444
IRN,2010,728128000000.0,OWID,77420842.0,9.404806008180588
IRN,2011,738667000000.0,OWID,78383598.0,9.423744493076217
IRN,2012,745122000000.0,OWID,79370580.0,9.387886544359384
IRN,2013,759054000000.0,OWID,80414686.0,9.439245960619681
IRN,2014,788149000000.0,OWID,81502045.0,9.670297229965213
IRN,2015,789154000000.0,OWID,82619362.0,9.55168353878114
IRN,2016,820474000000.0,OWID,83812228.0,9.789430726027232
IRN,2017,875417000000.0,OWID,85026754.0,10.295782901461815
IRN,2018,876975000000.0,OWID,86117998.0,10.18341137005995
IRN,2019,904402000000.0,OWID,87051648.0,10.389257650814375
IRN,2020,913564000000.0,OWID,87723443.0,10.414137529918884
IRN,2021,958626000000.0,OWID,88455488.0,10.837382978430915
IRN,2022,957931000000.0,OWID,89524246.0,10.700240915740302
IRN,2023,1001214000000.0,OWID,90608707.0,11.049865218802868
IRQ,2000,158757000000.0,OWID,24424056.0,6.500026039900989
IRQ,2001,179613000000.0,OWID,25197840.0,7.128110980941224
IRQ,2002,170983000000.0,OWID,26006559.0,6.574610658795729
IRQ,2003,168651000000.0,OWID,26802659.0,6.2923234594000546
IRQ,2004,195077000000.0,OWID,27577878.0,7.07367695222961
IRQ,2005,194744000000.0,OWID,28407448.0,6.8553852496711425
IRQ,2006,182061000000.0,OWID,28616515.0,6.362095454320696
IRQ,2007,130726000000.0,OWID,28391607.0,4.604388895633839
IRQ,2008,165949000000.0,OWID,28971036.0,5.728100299899527
IRQ,2009,195631000000.0,OWID,30058206.0,6.508405724546568
IRQ,2010,217205000000.0,OWID,31045366.0,6.9963742736999786
IRQ,2011,232510000000.0,OWID,32161424.0,7.2294684464220245
IRQ,2012,259719000000.0,OWID,33654842.0,7.717136214753289
IRQ,2013,272841999999.99997,OWID,35281989.0,7.733180802250121
IRQ,2014,269918000000.0,OWID,36550059.0,7.384885479938624
IRQ,2015,282667000000.0,OWID,37560535.0,7.525638279646443
IRQ,2016,324409000000.0,OWID,38469627.0,8.432860552560076
IRQ,2017,340570000000.0,OWID,39337353.0,8.657674551716788
IRQ,2018,361895000000.0,OWID,40265624.0,8.987691336908128
IRQ,2019,374476000000.0,OWID,41192171.0,9.090950802277451
IRQ,2020,332800000000.0,OWID,42116605.0,7.90187148275603
IRQ,2021,352961000000.0,OWID,43071211.0,8.194824148315682
IRQ,2022,391084000000.0,OWID,44070551.0,8.874043803082925
IRQ,2023,396213000000.0,OWID,45074049.0,8.790268653255447
ISL,2000,4189000000.0,OWID,281205.0,14.896605679130884
ISL,2001,4091000000.0,OWID,284968.0,14.355997866427108
ISL,2002,4210000000.0,OWID,287523.0,14.64230687631946
ISL,2003,4183000000.0,OWID,289521.0,14.448002044756684
ISL,2004,4307000000.0,OWID,292074.0,14.746262933366202
ISL,2005,4271000000.0,OWID,296734.0,14.393362405386643
ISL,2006,4394000000.0,OWID,303782.0,14.464319808283571
ISL,2007,4721000000.0,OWID,311566.0,15.15248775540335
ISL,2008,5058000000.0,OWID,317414.0,15.935024920135847
ISL,2009,4893000000.0,OWID,318499.0,15.362685597129033
ISL,2010,5623000000.0,OWID,318041.0,17.680110426014256
ISL,2011,4700000000.0,OWID,319014.0,14.732895734983417
ISL,2012,4730000000.0,OWID,320716.0,14.748250788859927
ISL,2013,4676000000.0,OWID,323764.0,14.442618697569834
ISL,2014,4672000000.0,OWID,327386.0,14.270616336679028
ISL,2015,4805000000.0,OWID,330815.0,14.524734368151384
ISL,2016,4776000000.0,OWID,335439.0,14.23805818643628
ISL,2017,4969000000.0,OWID,343400.0,14.470005824111823
ISL,2018,5018000000.0,OWID,352721.0,14.226541657570715
ISL,2019,4880000000.0,OWID,360563.0,13.534389274551188
ISL,2020,4615000000.0,OWID,366463.0,12.593358674682028
ISL,2021,4769000000.0,OWID,372520.0,12.801997208203586
ISL,2022,4882000000.0,OWID,382003.0,12.780004345515612
ISL,2023,4776000000.0,OWID,385663.0,12.383868818113223
ISR,2000,67736000000.00001,OWID,6289000.0,10.770551757036095
ISR,2001,71595000000.0,OWID,6439000.0,11.118962571827923
ISR,2002,67921000000.00001,OWID,6570000.0,10.338051750380519
ISR,2003,70746000000.0,OWID,6689700.0,10.575362123862057
ISR,2004,67093999999.99999,OWID,6809000.0,9.853723013658392
ISR,2005,64675000000.0,OWID,6930100.0,9.332477164831676
ISR,2006,70818000000.0,OWID,7053700.0,10.039837248536228
ISR,2007,71646000000.0,OWID,7180100.0,9.978412556928177
ISR,2008,76662000000.0,OWID,7308800.0,10.488999562171628
ISR,2009,72303000000.0,OWID,7485600.0,9.658945174735493
ISR,2010,77147000000.0,OWID,7623600.0,10.119497350333177
ISR,2011,77985000000.0,OWID,7765800.0,10.042107703005486
ISR,2012,84185000000.0,OWID,7910500.0,10.642184438404653
ISR,2013,73060000000.0,OWID,8059500.0,9.065078478813822
ISR,2014,70029000000.0,OWID,8215700.0,8.52380198887496
ISR,2015,72742000000.0,OWID,8380100.0,8.68032601042947
ISR,2016,73545000000.0,OWID,8546000.0,8.605780482096886
ISR,2017,70338000000.0,OWID,8713300.0,8.072486887861086
ISR,2018,71058000000.0,OWID,8882800.0,7.999504660692574
ISR,2019,69835000000.0,OWID,9054000.0,7.7131654517340404
ISR,2020,70125000000.0,OWID,9215100.0,7.609792622977504
ISR,2021,69967000000.0,OWID,9371400.0,7.46601361589517
ISR,2022,73431000000.0,OWID,9557500.0,7.683076118231756
ISR,2023,66694000000.0,OWID,9849000.0,6.771651944359833
ITA,2000,538479000000.00006,OWID,56942108.0,9.45660459215876
ITA,2001,530130000000.0,OWID,56976981.0,9.30428377733808
ITA,2002,534504000000.0,OWID,57089824.0,9.362509157498891
ITA,2003,555486000000.0,OWID,57399184.0,9.67759402293942
ITA,2004,556622000000.0,OWID,57828179.0,9.625445753704263
ITA,2005,554302000000.0,OWID,58166682.0,9.529544765850664
ITA,2006,540840000000.00006,OWID,58399861.0,9.260980946512872
ITA,2007,550905000000.0,OWID,58756247.0,9.376109403311617
ITA,2008,528453000000.0,OWID,59211181.0,8.924885318534686
ITA,2009,479793000000.0,OWID,59555454.0,8.056239483960612
ITA,2010,484362000000.0,OWID,59819407.0,8.097071239773406
ITA,2011,476084000000.0,OWID,60026841.0,7.931185317581513
ITA,2012,444475000000.0,OWID,60191247.0,7.384379326781517
ITA,2013,412456000000.0,OWID,60311613.0,6.838749280341748
ITA,2014,389072000000.0,OWID,60320707.0,6.45005702602259
ITA,2015,403895000000.0,OWID,60229605.0,6.705921448430552
ITA,2016,402127000000.0,OWID,60115223.0,6.689270702697052
ITA,2017,394953000000.0,OWID,60002252.0,6.582302944229493
ITA,2018,408848000000.0,OWID,60148658.0,6.797292135761367
ITA,2019,394137000000.0,OWID,59729081.0,6.598745425197485
ITA,2020,351307000000.0,OWID,59438851.0,5.9103935235894784
ITA,2021,398232000000.0,OWID,59133173.0,6.734494020809606
ITA,2022,398012000000.0,OWID,59013667.0,6.744403800563689
ITA,2023,367675000000.0,OWID,58984216.0,6.233447266638248
JAM,2000,17195000000.0,OWID,2607826.0,6.5936147580398385
JAM,2001,15409000000.0,OWID,2624403.0,5.8714305691618245
JAM,2002,15768000000.0,OWID,2640572.0,5.971433462143809
JAM,2003,14972000000.0,OWID,2656623.0,5.635726258486809
JAM,2004,15194000000.0,OWID,2672225.0,5.6858984554070116
JAM,2005,13726000000.0,OWID,2687066.0,5.108173747872215
JAM,2006,20323000000.0,OWID,2700968.0,7.524339422014625
JAM,2007,20900000000.0,OWID,2713800.0,7.70137814135161
JAM,2008,19767000000.0,OWID,2725635.0,7.252254979114959
JAM,2009,11236000000.0,OWID,2736995.0,4.105232198085857
JAM,2010,10430000000.0,OWID,2748568.0,3.794703278216147
JAM,2011,11593000000.0,OWID,2760494.0,4.1996106493982595
JAM,2012,10392000000.0,OWID,2772430.0,3.7483362970390592
JAM,2013,10607000000.0,OWID,2783687.0,3.8104140300256457
JAM,2014,9109000000.0,OWID,2793749.0,3.2604933370893376
JAM,2015,9109000000.0,OWID,2802534.0,3.2502727888403853
JAM,2016,9236000000.0,OWID,2809915.0,3.2869321669872575
JAM,2017,9327000000.0,OWID,2815764.0,3.312422489952993
JAM,2018,8741000000.0,OWID,2820097.0,3.0995387747300893
JAM,2019,9979000000.0,OWID,2823271.0,3.534552651870827
JAM,2020,7466000000.0,OWID,2830739.0,2.637473818674205
JAM,2021,7793000000.0,OWID,2837682.0,2.7462555705678087
JAM,2022,8407000000.0,OWID,2839144.0,2.9611037693051143
JAM,2023,8685000000.0,OWID,2839786.0,3.058329043103952
JOR,2000,18502000000.0,OWID,5386945.0,3.4345997592327375
JOR,2001,19178000000.0,OWID,5498894.0,3.4876104176585327
JOR,2002,20157000000.0,OWID,5616066.0,3.5891672213253907
JOR,2003,21466000000.0,OWID,5741828.0,3.7385306560907083
JOR,2004,22880000000.0,OWID,5882061.0,3.889793050429093
JOR,2005,24978000000.0,OWID,6029587.0,4.14257228563084
JOR,2006,24524000000.0,OWID,6427371.0,3.815556936109647
JOR,2007,26099000000.0,OWID,6827227.0,3.822781928885622
JOR,2008,26637000000.0,OWID,6989866.0,3.810802667747851
JOR,2009,26535000000.0,OWID,7141753.0,3.7154743380231716
JOR,2010,26155000000.0,OWID,7297043.0,3.5843286109181487
JOR,2011,27689000000.0,OWID,7480424.0,3.701528148671786
JOR,2012,30475000000.0,OWID,7587127.0,4.016671923377585
JOR,2013,30515000000.0,OWID,7991809.0,3.818284445987135
JOR,2014,32652000000.0,OWID,8791710.0,3.7139532582398647
JOR,2015,32616999999.999996,OWID,9544729.0,3.417278793352854
JOR,2016,31480000000.0,OWID,10006367.0,3.145996943745917
JOR,2017,32970000000.0,OWID,10234226.0,3.2215430849387143
JOR,2018,32572000000.000004,OWID,10462306.0,3.1132715865890375
JOR,2019,31511000000.0,OWID,10671891.0,2.952710067972021
JOR,2020,27494000000.0,OWID,10865228.0,2.5304577133586155
JOR,2021,28781000000.0,OWID,11066356.0,2.600765780533357
JOR,2022,30021000000.0,OWID,11256263.0,2.6670485577673513
JOR,2023,30832000000.0,OWID,11439213.0,2.6952903141151405
JPN,2000,1320890000000.0,OWID,126843000.0,10.41358214485624
JPN,2001,1296370000000.0,OWID,127149000.0,10.195675939252373
JPN,2002,1320563000000.0,OWID,127445000.0,10.361826670328377
JPN,2003,1327355000000.0,OWID,127718000.0,10.392857702124996
JPN,2004,1320234000000.0,OWID,127761000.0,10.33362293657689
JPN,2005,1329970000000.0,OWID,127773000.0,10.408850070046098
JPN,2006,1303416000000.0,OWID,127854000.0,10.19456567647473
JPN,2007,1341750000000.0,OWID,128001000.0,10.482339981718892
JPN,2008,1269168000000.0,OWID,128063000.0,9.910497177170612
JPN,2009,1193447000000.0,OWID,128047000.0,9.320382359602334
JPN,2010,1245828000000.0,OWID,128070000.0,9.727711407823847
JPN,2011,1303186000000.0,OWID,127833000.0,10.194441184983532
JPN,2012,1344788000000.0,OWID,127629000.0,10.53669620540786
JPN,2013,1351010000000.0,OWID,127445000.0,10.600729726548707
JPN,2014,1300116000000.0,OWID,127276000.0,10.214934473113548
JPN,2015,1259684000000.0,OWID,127141000.0,9.907771686552726
JPN,2016,1239427000000.0,OWID,127076000.0,9.753431017658723
JPN,2017,1228575000000.0,OWID,126972000.0,9.675952178433041
JPN,2018,1183457000000.0,OWID,126811000.0,9.332447500611146
JPN,2019,1142432000000.0,OWID,126633000.0,9.02159784574321
JPN,2020,1080603000000.0001,OWID,126261000.0,8.558485993299595
JPN,2021,1105302000000.0,OWID,125681593.0,8.794462049824592
JPN,2022,1077863000000.0,OWID,125124989.0,8.614290467589973
JPN,2023,1031840999999.9999,OWID,124516650.0,8.286771287213396
KAZ,2000,141256000000.0,OWID,15501103.0,9.112641855227979
KAZ,2001,124536000000.0,OWID,15575550.0,7.995608501786453
KAZ,2002,169281000000.0,OWID,15656677.0,10.81206439910589
KAZ,2003,194207000000.0,OWID,15747380.0,12.33265470192502
KAZ,2004,215078000000.0,OWID,15850159.0,13.56945378276647
KAZ,2005,233922000000.0,OWID,15968117.0,14.649316509892808
KAZ,2006,262161999999.99997,OWID,16103716.0,16.279596585036646
KAZ,2007,267572000000.0,OWID,16257214.0,16.458662597416755
KAZ,2008,283805000000.0,OWID,16426525.0,17.277239099566096
KAZ,2009,294949000000.0,OWID,16619846.0,17.74679500640379
KAZ,2010,352540000000.0,OWID,16836810.0,20.938645741087534
KAZ,2011,330523000000.0,OWID,17066002.0,19.36733629821443
KAZ,2012,335196000000.0,OWID,17306106.0,19.368655201811432
KAZ,2013,338583000000.0,OWID,17556502.0,19.285333718527756
KAZ,2014,395169000000.0,OWID,17816285.0,22.18021321504455
KAZ,2015,389158000000.0,OWID,18084169.0,21.519263616702542
KAZ,2016,387385000000.0,OWID,18363600.0,21.095264545078305
KAZ,2017,414069000000.0,OWID,18651931.0,22.199792611285126
KAZ,2018,415539000000.0,OWID,18932727.0,21.948185277271467
KAZ,2019,386202000000.0,OWID,19209555.0,20.104682279209488
KAZ,2020,370840000000.0,OWID,19482117.0,19.034892357950625
KAZ,2021,333080000000.0,OWID,19743603.0,16.87027438710148
KAZ,2022,361984000000.0,OWID,20034609.0,18.067934343016127
KAZ,2023,372307000000.0,OWID,20330104.0,18.313088806628826
KEN,2000,56725000000.0,OWID,30642890.0,1.8511635162349245
KEN,2001,54613000000.0,OWID,31619170.0,1.727211688352351
KEN,2002,56283000000.0,OWID,32629808.0,1.7248952246363203
KEN,2003,58263000000.0,OWID,33652223.0,1.7313269319533513
KEN,2004,59785000000.0,OWID,34713455.0,1.7222428594330355
KEN,2005,62066000000.0,OWID,35796484.0,1.7338574369482769
KEN,2006,66959999999.99999,OWID,36904008.0,1.8144370660227473
KEN,2007,84085000000.0,OWID,38036349.0,2.210648556200807
KEN,2008,88077000000.0,OWID,39206351.0,2.2464982777917792
KEN,2009,88693000000.0,OWID,40408891.0,2.1948882487272416
KEN,2010,100902000000.0,OWID,41598567.0,2.425612401504119
KEN,2011,102165000000.0,OWID,42758461.0,2.3893516653931957
KEN,2012,94579000000.0,OWID,43888303.0,2.154993324758991
KEN,2013,87363000000.0,OWID,44986791.0,1.9419700329370013
KEN,2014,85754000000.0,OWID,46051440.0,1.8621350385568833
KEN,2015,91189000000.0,OWID,47088526.0,1.9365439470328718
KEN,2016,87852000000.0,OWID,48139687.0,1.8249391609048062
KEN,2017,97212000000.0,OWID,49197766.0,1.975943379217666
KEN,2018,95102000000.0,OWID,50207107.0,1.8941939833338735
KEN,2019,97515000000.0,OWID,51202827.0,1.904484687925532
KEN,2020,104682000000.0,OWID,52217334.0,2.0047365880456476
KEN,2021,95747000000.0,OWID,53219166.0,1.7991074869531025
KEN,2022,96825000000.0,OWID,54252461.0,1.7847116649694472
KEN,2023,100522000000.0,OWID,55339003.0,1.8164765274141277
KGZ,2000,14449000000.0,OWID,4898362.0,2.9497615733586042
KGZ,2001,13532000000.0,OWID,4945073.0,2.736461119987511
KGZ,2002,14678000000.0,OWID,4990704.0,2.941068033688233
KGZ,2003,14910000000.0,OWID,5043308.0,2.956392907195039
KGZ,2004,14449000000.0,OWID,5104713.0,2.830521520014935
KGZ,2005,14150000000.0,OWID,5162640.0,2.7408457688314507
KGZ,2006,13732000000.0,OWID,5218373.0,2.631471533368734
KGZ,2007,14863000000.0,OWID,5268385.0,2.8211681568450295
KGZ,2008,15754000000.0,OWID,5318729.0,2.961985842858322
KGZ,2009,15200000000.0,OWID,5389643.0,2.820223899801898
KGZ,2010,15009000000.0,OWID,5467059.0,2.745351751279802
KGZ,2011,16985000000.0,OWID,5546587.0,3.062243502175302
KGZ,2012,18946000000.0,OWID,5652076.0,3.3520426830778636
KGZ,2013,19355000000.0,OWID,5777150.0,3.3502678656430938
KGZ,2014,20402000000.0,OWID,5905848.0,3.4545420064993206
KGZ,2015,20599000000.0,OWID,6040036.0,3.410410136628325
KGZ,2016,20145000000.0,OWID,6175338.0,3.2621696172743904
KGZ,2017,19728000000.0,OWID,6306696.0,3.128103843914468
KGZ,2018,21696000000.0,OWID,6444079.0,3.3668116110929116
KGZ,2019,19680000000.0,OWID,6590211.0,2.9862473295619822
KGZ,2020,19007000000.0,OWID,6726596.0,2.8256491098915406
KGZ,2021,21005000000.0,OWID,6851224.0,3.065875528226781
KGZ,2022,22283000000.0,OWID,6975220.0,3.194594579095713
KGZ,2023,21924000000.0,OWID,7099750.0,3.087996056199162
KHM,2000,64275000000.00001,OWID,12462336.0,5.157540287791952
KHM,2001,64071000000.0,OWID,12658484.0,5.061506575352942
KHM,2002,63016000000.0,OWID,12855241.0,4.9019695546742375
KHM,2003,68149000000.0,OWID,13050968.0,5.2217582634483515
KHM,2004,69559000000.0,OWID,13244731.0,5.251824291486177
KHM,2005,56498000000.0,OWID,13439202.0,4.203969848805011
KHM,2006,50543000000.0,OWID,13639028.0,3.7057626100628287
KHM,2007,49509000000.0,OWID,13841770.0,3.576782449065401
KHM,2008,48684000000.0,OWID,14053479.0,3.4641955917107783
KHM,2009,57443000000.0,OWID,14276810.0,4.023517858681316
KHM,2010,62385000000.0,OWID,14500726.0,4.302198386480788
KHM,2011,72050000000.0,OWID,14722584.0,4.893842004908921
KHM,2012,76857000000.0,OWID,14945085.0,5.142627158025531
KHM,2013,79991000000.0,OWID,15170208.0,5.2729006747962845
KHM,2014,90261000000.0,OWID,15396772.0,5.862332701945577
KHM,2015,89092000000.0,OWID,15623251.0,5.702526317985931
KHM,2016,93025000000.0,OWID,15852803.0,5.86804743615372
KHM,2017,92826000000.0,OWID,16073372.0,5.775141644205087
KHM,2018,96588000000.0,OWID,16274522.0,5.934920853589432
KHM,2019,101531000000.0,OWID,16481304.0,6.160374203400411
KHM,2020,99048000000.0,OWID,16725474.0,5.921984632543149
KHM,2021,86611000000.0,OWID,16974305.0,5.1024769497190015
KHM,2022,89891000000.0,OWID,17201724.0,5.225697145239629
KHM,2023,91411000000.0,OWID,17423880.0,5.246305644896545
KNA,2000,191000000.0,OWID,45248.0,4.221181046676096
KNA,2001,188000000.0,OWID,45761.0,4.10830182906842
KNA,2002,204000000.0,OWID,46020.0,4.432855280312908
KNA,2003,206000000.0,OWID,46176.0,4.461191961191961
KNA,2004,192000000.0,OWID,46315.0,4.145525207816042
KNA,2005,183000000.0,OWID,46437.0,3.940823050584663
KNA,2006,195000000.0,OWID,46569.0,4.187334922373253
KNA,2007,210000000.0,OWID,46706.0,4.496210337001671
KNA,2008,229000000.0,OWID,46835.0,4.889505711540514
KNA,2009,242000000.0,OWID,46916.0,5.1581550004262935
KNA,2010,258000000.0,OWID,46846.0,5.507407249284891
KNA,2011,251000000.0,OWID,46886.0,5.353410399692873
KNA,2012,239000000.0,OWID,47033.0,5.081538494248719
KNA,2013,234000000.0,OWID,47069.0,4.971424929359026
KNA,2014,237000000.0,OWID,47089.0,5.033022574274247
KNA,2015,238000000.0,OWID,47087.0,5.054473633911695
KNA,2016,251000000.0,OWID,47075.0,5.331917153478492
KNA,2017,253000000.0,OWID,47050.0,5.377258235919235
KNA,2018,261000000.0,OWID,47008.0,5.552246426140231
KNA,2019,273000000.0,OWID,46952.0,5.814448798773215
KNA,2020,256000000.0,OWID,46870.0,5.461915937700021
KNA,2021,255000000.0,OWID,46763.0,5.453029104206317
KNA,2022,279000000.0,OWID,46709.0,5.973152925560385
KNA,2023,282000000.0,OWID,46758.0,6.031053509559862
KOR,2000,480153000000.0,OWID,47008111.0,10.214258556358498
KOR,2001,494650000000.0,OWID,47370164.0,10.442226883571694
KOR,2002,509638000000.0,OWID,47644736.0,10.696627640039814
KOR,2003,518889000000.0,OWID,47892330.0,10.834490616764729
KOR,2004,526323999999.99994,OWID,48082519.0,10.946265107283583
KOR,2005,533827000000.0,OWID,48184561.0,11.078797625654408
KOR,2006,537844000000.00006,OWID,48438292.0,11.103694572880482
KOR,2007,556349000000.0,OWID,48683638.0,11.427843580629697
KOR,2008,564242000000.0,OWID,49054708.0,11.502300655831037
KOR,2009,570552000000.0,OWID,49307835.0,11.571223924149173
KOR,2010,627616000000.0,OWID,49554112.0,12.665265800747273
KOR,2011,661459000000.0,OWID,49936638.0,13.24596581772285
KOR,2012,661986000000.0,OWID,50199853.0,13.187010726903921
KOR,2013,667713000000.0,OWID,50428893.0,13.240683272583437
KOR,2014,665246000000.0,OWID,50746659.0,13.109158575345816
KOR,2015,671253000000.0,OWID,51014947.0,13.157967213020921
KOR,2016,674034000000.0,OWID,51217803.0,13.160150582796376
KOR,2017,691612000000.0,OWID,51361911.0,13.465464709831377
KOR,2018,709059000000.0,OWID,51585058.0,13.7454338037189
KOR,2019,683064000000.0,OWID,51764822.0,13.195524945492908
KOR,2020,636649000000.0,OWID,51836239.0,12.281928864476454
KOR,2021,657427000000.0,OWID,51769539.0,12.699108639928202
KOR,2022,651583000000.0,OWID,51672569.0,12.609843338735491
KOR,2023,632924000000.0,OWID,51712619.0,12.23925634089428
KWT,2000,86724000000.0,OWID,1954709.0,44.3667062463006
KWT,2001,89088000000.0,OWID,2008121.0,44.36386054426003
KWT,2002,90161000000.0,OWID,2059974.0,43.76802814016099
KWT,2003,99078000000.0,OWID,2109881.0,46.959046505466425
KWT,2004,102573000000.0,OWID,2157320.0,47.54649287078412
KWT,2005,114034000000.0,OWID,2236788.0,50.98113902613927
KWT,2006,116193000000.0,OWID,2364733.0,49.135779811082266
KWT,2007,115039000000.0,OWID,2507887.0,45.87088652718404
KWT,2008,121310000000.0,OWID,2651421.0,45.752824617440986
KWT,2009,122273000000.0,OWID,2795484.0,43.73947409464694
KWT,2010,123428000000.0,OWID,2943372.0,41.93421694573435
KWT,2011,124559000000.0,OWID,3132814.0,39.75946225980859
KWT,2012,141687000000.0,OWID,3337109.0,42.45800781454846
KWT,2013,123458000000.0,OWID,3507844.0,35.194837626758776
KWT,2014,115147000000.0,OWID,3665876.0,31.410500518839154
KWT,2015,133949000000.00002,OWID,3834574.0,34.931911602175376
KWT,2016,146024000000.0,OWID,4004096.0,36.46865609615754
KWT,2017,139818000000.0,OWID,4154812.0,33.65206416078514
KWT,2018,142784000000.0,OWID,4323515.0,33.024980831568755
KWT,2019,144573000000.0,OWID,4442316.0,32.54451056611011
KWT,2020,127957000000.0,OWID,4400267.0,29.0793717744855
KWT,2021,125848000000.0,OWID,4360865.0,28.85849481696865
KWT,2022,157041000000.0,OWID,4589643.0,34.21638676472222
KWT,2023,163567000000.0,OWID,4853420.0,33.70138994770698
LAO,2000,51024000000.0,OWID,5431212.0,9.394588169270506
LAO,2001,51069000000.0,OWID,5521482.0,9.249147239817136
LAO,2002,53915000000.0,OWID,5610889.0,9.60899422533577
LAO,2003,56091000000.0,OWID,5697945.0,9.844075364012815
LAO,2004,62294000000.0,OWID,5781626.0,10.774477629649514
LAO,2005,65641000000.00001,OWID,5869523.0,11.18336191884758
LAO,2006,60881000000.0,OWID,5963200.0,10.20945130131473
LAO,2007,69445000000.0,OWID,6056236.0,11.466693173779886
LAO,2008,73837000000.0,OWID,6148969.0,12.008029313532074
LAO,2009,79615000000.0,OWID,6241642.0,12.755457618363886
LAO,2010,69682000000.0,OWID,6334194.0,11.000926084676284
LAO,2011,71050000000.0,OWID,6426590.0,11.055629813011256
LAO,2012,77706000000.0,OWID,6518978.0,11.919966595990967
LAO,2013,84166000000.0,OWID,6611385.0,12.73046419169357
LAO,2014,85808000000.0,OWID,6703172.0,12.801103716270447
LAO,2015,76586000000.0,OWID,6801645.0,11.259923150943631
LAO,2016,73154000000.0,OWID,6908802.0,10.588521714763283
LAO,2017,70550000000.0,OWID,7018147.0,10.052511011809813
LAO,2018,68363000000.0,OWID,7128045.0,9.590708251701553
LAO,2019,58629000000.0,OWID,7237636.0,8.100573170576691
LAO,2020,57424000000.0,OWID,7346533.0,7.8164761527648485
LAO,2021,67783000000.0,OWID,7453194.0,9.09449022794791
LAO,2022,64980999999.99999,OWID,7559007.0,8.596499513758882
LAO,2023,63080000000.0,OWID,7664993.0,8.229622649361845
LBN,2000,17676000000.0,OWID,4329340.0,4.082839416631634
LBN,2001,19018000000.0,OWID,4401918.0,4.320389430243816
LBN,2002,19091000000.0,OWID,4463504.0,4.277132943086866
LBN,2003,21406000000.0,OWID,4525508.0,4.730076711829921
LBN,2004,20319000000.0,OWID,4599279.0,4.417866365575995
LBN,2005,19586000000.0,OWID,4671102.0,4.193014838896689
LBN,2006,17841000000.0,OWID,4751136.0,3.7551019377260513
LBN,2007,16724000000.0,OWID,4844118.0,3.4524344782682834
LBN,2008,20532000000.0,OWID,4925354.0,4.168634376331123
LBN,2009,23862000000.0,OWID,4992287.0,4.779773278259042
LBN,2010,23485000000.0,OWID,5041288.0,4.658531708563367
LBN,2011,24012000000.0,OWID,5096020.0,4.711912433624671
LBN,2012,26282000000.0,OWID,5235742.0,5.019727862832049
LBN,2013,26390000000.0,OWID,5743436.0,4.594810493230882
LBN,2014,28511000000.0,OWID,6346990.0,4.492050562550122
LBN,2015,30431000000.0,OWID,6472469.0,4.7016061413349375
LBN,2016,31289000000.0,OWID,6323060.0,4.9483952390140225
LBN,2017,32862000000.0,OWID,6160128.0,5.3346294102979686
LBN,2018,30510000000.0,OWID,5984119.0,5.098494866161586
LBN,2019,30013000000.0,OWID,5794594.0,5.179482807596183
LBN,2020,28543000000.0,OWID,5702398.0,5.005438063074517
LBN,2021,24362000000.0,OWID,5718122.0,4.260489720226326
LBN,2022,20299000000.0,OWID,5744489.0,3.533647640373234
LBN,2023,20480000000.0,OWID,5773493.0,3.547246008612117
LBR,2000,20213000000.0,OWID,2928117.0,6.903071154602087
LBR,2001,20297000000.0,OWID,3015338.0,6.731252018844986
LBR,2002,20923000000.0,OWID,3094782.0,6.76073468179665
LBR,2003,23884000000.0,OWID,3119532.0,7.656276646625199
LBR,2004,24028000000.0,OWID,3156892.0,7.611283502888283
LBR,2005,23519000000.0,OWID,3301015.0,7.12477828789024
LBR,2006,23405000000.0,OWID,3490787.0,6.704791784775181
LBR,2007,23481000000.0,OWID,3669050.0,6.3997492538940595
LBR,2008,23056000000.0,OWID,3821003.0,6.034017769679846
LBR,2009,27418000000.0,OWID,3943028.0,6.953539259675559
LBR,2010,27680000000.0,OWID,4058890.0,6.819598461648382
LBR,2011,30010000000.0,OWID,4221178.0,7.109389843309143
LBR,2012,30123000000.0,OWID,4373043.0,6.888338395026072
LBR,2013,30545000000.0,OWID,4470239.0,6.832967991196892
LBR,2014,31428000000.0,OWID,4564293.0,6.8856228116818965
LBR,2015,28222000000.0,OWID,4659431.0,6.05696274931424
LBR,2016,28545000000.0,OWID,4755608.0,6.0023870764789695
LBR,2017,29224000000.0,OWID,4848925.0,6.026902870223813
LBR,2018,26613000000.0,OWID,4944726.0,5.382098017160101
LBR,2019,24691000000.0,OWID,5043721.0,4.895393698422256
LBR,2020,23961000000.0,OWID,5149463.0,4.653106547226381
LBR,2021,22810000000.0,OWID,5259323.0,4.337060112109486
LBR,2022,24004000000.0,OWID,5373294.0,4.467278358489225
LBR,2023,24534000000.0,OWID,5493031.0,4.4663865905726725
LBY,2000,94437000000.0,OWID,5305021.0,17.80143754379106
LBY,2001,90874000000.0,OWID,5403639.0,16.8171856039976
LBY,2002,89684000000.0,OWID,5508410.0,16.281286251386515
LBY,2003,97790000000.0,OWID,5619398.0,17.40221995309818
LBY,2004,98371000000.0,OWID,5736693.0,17.147684214581467
LBY,2005,100316000000.0,OWID,5858798.0,17.1222834444881
LBY,2006,94343000000.0,OWID,5980211.0,15.775864764637904
LBY,2007,84490000000.0,OWID,6104380.0,13.84088146543957
LBY,2008,90879000000.0,OWID,6235430.0,14.574616345624921
LBY,2009,89033000000.0,OWID,6366686.0,13.98419837259133
LBY,2010,99018000000.0,OWID,6497839.0,15.238604711504856
LBY,2011,69612000000.0,OWID,6343203.0,10.974266470740412
LBY,2012,96012000000.0,OWID,6179328.0,15.537611856823267
LBY,2013,77037000000.0,OWID,6304628.0,12.219119034461668
LBY,2014,84516000000.0,OWID,6427252.0,13.149632222293446
LBY,2015,75440000000.0,OWID,6531819.0,11.54961581146079
LBY,2016,71604000000.0,OWID,6632126.0,10.796537942735105
LBY,2017,90525000000.0,OWID,6738770.0,13.433460408947035
LBY,2018,90352000000.0,OWID,6849055.0,13.191892896173266
LBY,2019,104015000000.0,OWID,6951033.0,14.963962910260964
LBY,2020,50663000000.0,OWID,7045399.0,7.190934111751513
LBY,2021,85970000000.0,OWID,7135175.0,12.0487584397019
LBY,2022,86226000000.0,OWID,7223805.0,11.936368714271772
LBY,2023,93872000000.0,OWID,7305659.0,12.849217298535287
LCA,2000,362000000.0,OWID,158616.0,2.282241388006254
LCA,2001,363000000.0,OWID,160237.0,2.2653943845678586
LCA,2002,349000000.0,OWID,161641.0,2.159105672446966
LCA,2003,373000000.0,OWID,162976.0,2.2886805419202827
LCA,2004,417000000.0,OWID,164239.0,2.53898282381164
LCA,2005,401000000.0,OWID,165450.0,2.423692958597764
LCA,2006,450000000.0,OWID,166639.0,2.7004482744135525
LCA,2007,413000000.0,OWID,167758.0,2.4618796122986684
LCA,2008,426000000.0,OWID,168808.0,2.523577081654898
LCA,2009,410000000.0,OWID,169869.0,2.4136246166163335
LCA,2010,503000000.0,OWID,170906.0,2.9431383333528376
LCA,2011,515000000.0,OWID,171801.0,2.997654262780775
LCA,2012,513000000.0,OWID,172587.0,2.972413912983017
LCA,2013,505000000.0,OWID,173369.0,2.9128621610553216
LCA,2014,501000000.0,OWID,174138.0,2.877028563553044
LCA,2015,498000000.0,OWID,174905.0,2.8472599411108885
LCA,2016,502000000.0,OWID,175646.0,2.8580212472814637
LCA,2017,523000000.0,OWID,176342.0,2.9658277664991894
LCA,2018,528000000.0,OWID,177017.0,2.9827643672641613
LCA,2019,515000000.0,OWID,177661.0,2.8987791355446606
LCA,2020,512000000.0,OWID,178250.0,2.8723702664796633
LCA,2021,528000000.0,OWID,178522.0,2.957618668847537
LCA,2022,546000000.0,OWID,178781.0,3.0540158070488475
LCA,2023,549000000.0,OWID,179285.0,3.0621635942772683
LIE,2000,237000000.0,OWID,32645.0,7.259917292081482
LIE,2001,232000000.0,OWID,33194.0,6.98921491835874
LIE,2002,237000000.0,OWID,33694.0,7.033893274767021
LIE,2003,246000000.0,OWID,34079.0,7.218521670236803
LIE,2004,246000000.0,OWID,34447.0,7.14140563764624
LIE,2005,246000000.0,OWID,34753.0,7.078525594912669
LIE,2006,248000000.0,OWID,35037.0,7.078231583754317
LIE,2007,217000000.0,OWID,35262.0,6.153933412738926
LIE,2008,237000000.0,OWID,35473.0,6.681137766752178
LIE,2009,220000000.0,OWID,35742.0,6.155223546527894
LIE,2010,204000000.0,OWID,36022.0,5.663205818666371
LIE,2011,188000000.0,OWID,36312.0,5.177351839612249
LIE,2012,197000000.0,OWID,36657.0,5.374144092533486
LIE,2013,204000000.0,OWID,36984.0,5.515898767034393
LIE,2014,173000000.0,OWID,37248.0,4.644544673539519
LIE,2015,170000000.0,OWID,37494.0,4.534058782738572
LIE,2016,161000000.0,OWID,37716.0,4.268745360059391
LIE,2017,167000000.0,OWID,37962.0,4.399135978083346
LIE,2018,154000000.0,OWID,38246.0,4.02656486952884
LIE,2019,161000000.0,OWID,38563.0,4.174986385913959
LIE,2020,155000000.0,OWID,38901.0,3.9844734068532945
LIE,2021,160000000.0,OWID,39182.0,4.08350773314277
LIE,2022,142000000.0,OWID,39493.0,3.595573899172005
LIE,2023,146000000.0,OWID,39846.0,3.6641068112232094
LKA,2000,32476999999.999996,OWID,19293054.0,1.6833519462496709
LKA,2001,31491000000.0,OWID,19600362.0,1.6066539995536817
LKA,2002,33508000000.000004,OWID,19805752.0,1.691831746656224
LKA,2003,34684000000.0,OWID,19951521.0,1.7384138281988626
LKA,2004,59038000000.0,OWID,20087605.0,2.939026329918375
LKA,2005,41655000000.0,OWID,20216524.0,2.060443229508693
LKA,2006,40072000000.0,OWID,20352411.0,1.968906779643945
LKA,2007,60721000000.0,OWID,20492545.0,2.963077548445056
LKA,2008,50360000000.0,OWID,20629378.0,2.441178788812731
LKA,2009,45550000000.0,OWID,20756435.0,2.194500163443289
LKA,2010,53197000000.0,OWID,20879089.0,2.5478602059697146
LKA,2011,48122000000.0,OWID,21009048.0,2.29053691533286
LKA,2012,43423000000.0,OWID,21169458.0,2.0512098136853574
LKA,2013,39502000000.0,OWID,20585000.0,1.9189701238766093
LKA,2014,40211000000.0,OWID,20778000.0,1.93526807199923
LKA,2015,45277000000.0,OWID,20970000.0,2.1591320934668574
LKA,2016,46701000000.0,OWID,21209000.0,2.2019425715498135
LKA,2017,49408000000.0,OWID,21453000.0,2.303081154150935
LKA,2018,43627000000.0,OWID,21670000.0,2.0132441162898016
LKA,2019,42616000000.0,OWID,21803000.0,1.9545934045773516
LKA,2020,41682000000.0,OWID,21919000.0,1.901637848441991
LKA,2021,41390000000.0,OWID,22156000.0,1.8681169886261058
LKA,2022,39831000000.0,OWID,22181000.0,1.7957260718633066
LKA,2023,41019000000.0,OWID,22037000.0,1.8613695149067477
LSO,2000,4730000000.0,OWID,2003913.0,2.360381912787631
LSO,2001,4089000000.0000005,OWID,2000853.0,2.0436283924906027
LSO,2002,4981000000.0,OWID,1994679.0,2.4971436506826414
LSO,2003,5972000000.0,OWID,1985059.0,3.008474811076144
LSO,2004,5782000000.0,OWID,1971129.0,2.9333442915202403
LSO,2005,4961000000.0,OWID,1953076.0,2.540095725921572
LSO,2006,6743000000.0,OWID,1945063.0,3.4667257564407943
LSO,2007,6787000000.0,OWID,1953268.0,3.474689597126457
LSO,2008,5727000000.0,OWID,1966541.0,2.9122199842261107
LSO,2009,5165000000.0,OWID,1980883.0,2.6074230532545335
LSO,2010,4738000000.0,OWID,1996251.0,2.373449030207123
LSO,2011,4697000000.0,OWID,2014009.0,2.332164354776965
LSO,2012,4141000000.0,OWID,2034354.0,2.0355356049143856
LSO,2013,4974000000.0,OWID,2056504.0,2.418667797388189
LSO,2014,3826000000.0,OWID,2080089.0,1.8393443742070652
LSO,2015,8195000000.0,OWID,2104611.0,3.8938312115635623
LSO,2016,9042000000.0,OWID,2130422.0,4.244229547009935
LSO,2017,8799000000.0,OWID,2157110.0,4.07906875402738
LSO,2018,6701000000.0,OWID,2183603.0,3.0687812757172432
LSO,2019,6530000000.0,OWID,2209405.0,2.95554685537509
LSO,2020,6054000000.0,OWID,2235727.0,2.707844025679343
LSO,2021,7228000000.0,OWID,2261542.0,3.196049421147164
LSO,2022,6560000000.0,OWID,2286110.0,2.8695032172555126
LSO,2023,6257000000.0,OWID,2311472.0,2.7069330712204174
LTU,2000,3408000000.0,OWID,3499536.0,0.9738433895236398
LTU,2001,10847000000.0,OWID,3470818.0,3.125199880835008
LTU,2002,9924000000.0,OWID,3443067.0,2.8823139369637594
LTU,2003,13870000000.0,OWID,3415213.0,4.061240104204336
LTU,2004,23819000000.0,OWID,3377075.0,7.053145103380884
LTU,2005,20080000000.0,OWID,3322528.0,6.043590904275299
LTU,2006,18771000000.0,OWID,3269909.0,5.740526724138195
LTU,2007,21522000000.0,OWID,3231294.0,6.660489574764784
LTU,2008,24650000000.0,OWID,3198231.0,7.70738573917894
LTU,2009,23066000000.0,OWID,3162916.0,7.2926375534475145
LTU,2010,24418000000.0,OWID,3097282.0,7.8836864063394945
LTU,2011,25977000000.0,OWID,3028115.0,8.578604181149
LTU,2012,26795000000.0,OWID,2989139.0,8.96411976826772
LTU,2013,26563000000.0,OWID,2961250.0,8.970198395947657
LTU,2014,23130000000.0,OWID,2937253.0,7.874704698573804
LTU,2015,24252000000.0,OWID,2911109.0,8.330845736109502
LTU,2016,22933000000.0,OWID,2877325.0,7.9702501455344805
LTU,2017,23874000000.0,OWID,2842639.0,8.398533897550832
LTU,2018,25638000000.0,OWID,2819200.0,9.094069239500568
LTU,2019,24655000000.0,OWID,2811089.0,8.770622346001852
LTU,2020,24057000000.0,OWID,2810369.0,8.560085881960697
LTU,2021,23869000000.0,OWID,2808380.0,8.499205947913032
LTU,2022,22646000000.0,OWID,2831639.0,7.997488380404423
LTU,2023,22153000000.0,OWID,2871585.0,7.714554853852489
LUX,2000,9881000000.0,OWID,436300.0,22.647261058904423
LUX,2001,10333000000.0,OWID,441525.0,23.402978313798766
LUX,2002,11064000000.0,OWID,446175.0,24.797444948730877
LUX,2003,11515000000.0,OWID,451630.0,25.496534774040697
LUX,2004,12870000000.0,OWID,458095.0,28.094609196782326
LUX,2005,13112000000.0,OWID,465158.0,28.188271512045368
LUX,2006,13024000000.0,OWID,472637.0,27.5560313729141
LUX,2007,12416000000.0,OWID,479993.0,25.86704389439013
LUX,2008,12211000000.0,OWID,488650.0,24.989256113782872
LUX,2009,11660000000.0,OWID,497783.0,23.423861401454047
LUX,2010,12284000000.0,OWID,506953.0,24.23104311445045
LUX,2011,12154000000.0,OWID,518347.0,23.447613278363722
LUX,2012,11894000000.0,OWID,530946.0,22.401524825500147
LUX,2013,11393000000.0,OWID,543360.0,20.967682567726737
LUX,2014,10861000000.0,OWID,556319.0,19.522971532520014
LUX,2015,10334000000.0,OWID,569604.0,18.142428775078827
LUX,2016,10128000000.0,OWID,582014.0,17.401643259440494
LUX,2017,10303000000.0,OWID,596336.0,17.277172600681492
LUX,2018,10574000000.0,OWID,607950.0,17.392877703758533
LUX,2019,10801000000.0,OWID,620001.0,17.420939643645735
LUX,2020,9082000000.0,OWID,630419.0,14.406291688543652
LUX,2021,9397000000.0,OWID,640064.0,14.681344365563444
LUX,2022,8205000000.0,OWID,653103.0,12.563102604030298
LUX,2023,7770000000.0,OWID,666430.0,11.65913899434299
LVA,2000,5407000000.0,OWID,2367550.0,2.283795484783848
LVA,2001,6975000000.0,OWID,2337170.0,2.984378543280976
LVA,2002,6814000000.0,OWID,2310173.0,2.949562651801402
LVA,2003,10307000000.0,OWID,2287955.0,4.5048962938519335
LVA,2004,14957000000.0,OWID,2263122.0,6.609011798745273
LVA,2005,17525000000.0,OWID,2238799.0,7.827857704063652
LVA,2006,13967000000.0,OWID,2218357.0,6.296101123489141
LVA,2007,13428000000.0,OWID,2200325.0,6.102734823264744
LVA,2008,12679000000.0,OWID,2177322.0,5.823208510270875
LVA,2009,11850000000.0,OWID,2141669.0,5.533067901715905
LVA,2010,13132000000.0,OWID,2097555.0,6.260622486657084
LVA,2011,13313000000.0,OWID,2059709.0,6.463534411899934
LVA,2012,14265000000.0,OWID,2034319.0,7.0121745901208214
LVA,2013,13132000000.0,OWID,2012647.0,6.524740801541453
LVA,2014,13434000000.0,OWID,1993782.0,6.737948281206271
LVA,2015,15628000000.0,OWID,1977527.0,7.902799810065805
LVA,2016,14030000000.0,OWID,1959537.0,7.15985459830562
LVA,2017,13920000000.0,OWID,1942248.0,7.166952932890135
LVA,2018,15188000000.0,OWID,1927174.0,7.880969751563689
LVA,2019,14628000000.0,OWID,1913822.0,7.643344051850172
LVA,2020,14023000000.0,OWID,1900449.0,7.378782592955665
LVA,2021,13724000000.0,OWID,1884490.0,7.28260696527973
LVA,2022,13660000000.0,OWID,1879383.0,7.26834285507531
LVA,2023,13898000000.0,OWID,1883710.0,7.3779934278631
MAC,2000,1592000000.0,OWID,430600.0,3.6971667440780305
MAC,2001,1633000000.0,OWID,433900.0,3.7635399861719288
MAC,2002,1465000000.0,OWID,438400.0,3.3416970802919708
MAC,2003,1500000000.0,OWID,443600.0,3.381424706943192
MAC,2004,1668000000.0,OWID,454700.0,3.668352760061579
MAC,2005,1767000000.0,OWID,473500.0,3.731784582893347
MAC,2006,1542000000.0,OWID,498900.0,3.090799759470836
MAC,2007,1453000000.0,OWID,520900.0,2.789402956421578
MAC,2008,1213000000.0,OWID,540700.0,2.2433882004808585
MAC,2009,1982000000.0,OWID,535000.0,3.7046728971962617
MAC,2010,1318000000.0,OWID,537000.0,2.4543761638733703
MAC,2011,1379000000.0,OWID,549600.0,2.5090975254730714
MAC,2012,1220000000.0,OWID,567900.0,2.1482655397076953
MAC,2013,1075000000.0,OWID,591900.0,1.8161851664132456
MAC,2014,1382000000.0,OWID,621700.0,2.22293710792987
MAC,2015,1876000000.0,OWID,642900.0,2.9180276870430863
MAC,2016,1885000000.0,OWID,652500.0,2.888888888888889
MAC,2017,2033000000.0,OWID,648400.0,3.1354102405922273
MAC,2018,1342000000.0,OWID,658900.0,2.0367278797996664
MAC,2019,1316000000.0,OWID,672000.0,1.9583333333333333
MAC,2020,1136000000.0,OWID,685400.0,1.6574263203968485
MAC,2021,1136000000.0,OWID,682500.0,1.6644688644688646
MAC,2022,1158000000.0,OWID,677300.0,1.709729809537871
MAC,2023,1154000000.0,OWID,678800.0,1.7000589275191513
MAR,2000,55467000000.0,OWID,28423435.0,1.9514530879184728
MAR,2001,61019000000.0,OWID,28814643.0,2.1176385909067137
MAR,2002,78840000000.0,OWID,29198142.0,2.7001718123023033
MAR,2003,63601000000.0,OWID,29571415.0,2.150759441169792
MAR,2004,67345000000.0,OWID,29953018.0,2.2483544062237732
MAR,2005,68406000000.00001,OWID,30358144.0,2.2532998064703826
MAR,2006,71848000000.0,OWID,30771178.0,2.3349122350792033
MAR,2007,75141000000.0,OWID,31186468.0,2.4094103891469856
MAR,2008,78575000000.0,OWID,31606767.0,2.4860182631143517
MAR,2009,78410000000.0,OWID,32030778.0,2.4479580233736438
MAR,2010,85549000000.0,OWID,32467016.0,2.634951114694372
MAR,2011,93908000000.0,OWID,32912588.0,2.853254809375671
MAR,2012,95939000000.0,OWID,33355241.0,2.876279622743544
MAR,2013,88730000000.0,OWID,33787571.0,2.6261136084627097
MAR,2014,88313000000.0,OWID,34204780.0,2.581890601255146
MAR,2015,110011000000.0,OWID,34607588.0,3.1788115369380843
MAR,2016,105941000000.0,OWID,35023457.0,3.024858454149743
MAR,2017,99028000000.0,OWID,35446392.0,2.7937399101155345
MAR,2018,89469000000.0,OWID,35839760.0,2.496361582778456
MAR,2019,113186000000.0,OWID,36210898.0,3.1257440784815667
MAR,2020,103542000000.0,OWID,36584208.0,2.8302375713586585
MAR,2021,107683000000.0,OWID,36954442.0,2.913939276907496
MAR,2022,103258000000.0,OWID,37329064.0,2.766155615367157
MAR,2023,101961000000.0,OWID,37712505.0,2.7036390184104717
MCO,2000,5534000000.0,OWID,32455.0,170.51301802495763
MCO,2001,5534000000.0,OWID,32447.0,170.5550590193238
MCO,2002,5534000000.0,OWID,32422.0,170.68657084695576
MCO,2003,5534000000.0,OWID,32374.0,170.93964292333354
MCO,2004,5534000000.0,OWID,32307.0,171.29414677933573
MCO,2005,5534000000.0,OWID,32210.0,171.80999689537413
MCO,2006,5534000000.0,OWID,32057.0,172.63000280749915
MCO,2007,5534000000.0,OWID,31837.0,173.82291045010524
MCO,2008,5534000000.0,OWID,31836.0,173.82837039829124
MCO,2009,5534000000.0,OWID,32364.0,170.99246075886788
MCO,2010,5534000000.0,OWID,33163.0,166.8727195971414
MCO,2011,5534000000.0,OWID,33946.0,163.0236257585577
MCO,2012,5534000000.0,OWID,34711.0,159.43072801129324
MCO,2013,5534000000.0,OWID,35447.0,156.12040511185714
MCO,2014,5534000000.0,OWID,36128.0,153.17759078830824
MCO,2015,5534000000.0,OWID,36757.0,150.55635661234595
MCO,2016,5534000000.0,OWID,37276.0,148.4601352076403
MCO,2017,5534000000.0,OWID,37678.0,146.87616115505068
MCO,2018,5534000000.0,OWID,38154.0,145.04376998479844
MCO,2019,5534000000.0,OWID,38109.0,145.21504106641476
MCO,2020,5534000000.0,OWID,38050.0,145.44021024967148
MCO,2021,5534000000.0,OWID,38527.0,143.6395255275521
MCO,2022,5534000000.0,OWID,38931.0,142.1489301584855
MCO,2023,5534000000.0,OWID,38956.0,142.05770612999282
MDA,2000,5534000000.0,OWID,2924668.0,1.8921805825481728
MDA,2001,5948000000.0,OWID,2918135.0,2.0382881532211496
MDA,2002,6185000000.0,OWID,2911385.0,2.124418446890398
MDA,2003,6527000000.0,OWID,2903198.0,2.2482104217487064
MDA,2004,6573000000.0,OWID,2896023.0,2.269664294793239
MDA,2005,6861000000.0,OWID,2888985.0,2.3748825279466663
MDA,2006,6872000000.0,OWID,2880967.0,2.3853102100787686
MDA,2007,6797000000.0,OWID,2874299.0,2.364750500904742
MDA,2008,6733000000.0,OWID,2868833.0,2.3469473475800093
MDA,2009,6210000000.0,OWID,2865213.0,2.1673781320969856
MDA,2010,6725000000.0,OWID,2862354.0,2.3494648111309786
MDA,2011,6990000000.0,OWID,2860699.0,2.4434587490679722
MDA,2012,5084000000.0,OWID,2860324.0,1.7774210194369588
MDA,2013,5694000000.0,OWID,2859558.0,1.9912168244183193
MDA,2014,5782000000.0,OWID,2857815.0,2.0232240365454026
MDA,2015,5768000000.0,OWID,2835978.0,2.033866271176998
MDA,2016,6137000000.0,OWID,2803186.0,2.189294609776162
MDA,2017,5830000000.0,OWID,2755189.0,2.1160072866144573
MDA,2018,6605000000.0,OWID,2707203.0,2.4397874854600854
MDA,2019,6498000000.0,OWID,2664224.0,2.438984109444251
MDA,2020,6549000000.0,OWID,2635130.0,2.4852663815447436
MDA,2021,7490000000.0,OWID,2595809.0,2.8854203063476547
MDA,2022,6558000000.0,OWID,2528654.0,2.5934746311674117
MDA,2023,6757000000.0,OWID,2457783.0,2.749225623254779
MDG,2000,152455000000.0,OWID,16516338.0,9.230557039944326
MDG,2001,115858000000.0,OWID,17032939.0,6.801997001222161
MDG,2002,98708000000.0,OWID,17549913.0,5.6244153461045645
MDG,2003,92432000000.0,OWID,18071854.0,5.114693821674301
MDG,2004,85387000000.0,OWID,18606608.0,4.589068571767622
MDG,2005,79753000000.0,OWID,19159707.0,4.162537558638031
MDG,2006,77494000000.0,OWID,19730909.0,3.9275433280848846
MDG,2007,80303000000.0,OWID,20318583.0,3.952194894693198
MDG,2008,75375000000.0,OWID,20923840.0,3.602350237814856
MDG,2009,71653000000.0,OWID,21547280.0,3.325384920973784
MDG,2010,70353000000.0,OWID,22183340.0,3.1714340581715827
MDG,2011,67486999999.99999,OWID,22822300.0,2.9570639243196344
MDG,2012,65608000000.00001,OWID,23462438.0,2.796299344509723
MDG,2013,66822999999.99999,OWID,24109290.0,2.7716701736135736
MDG,2014,62363000000.0,OWID,24764348.0,2.51825729472062
MDG,2015,65551000000.0,OWID,25426702.0,2.5780378438383393
MDG,2016,65545000000.0,OWID,26099952.0,2.511307300488522
MDG,2017,64870000000.00001,OWID,26788375.0,2.42157279043615
MDG,2018,60214000000.0,OWID,27494926.0,2.1900040756610872
MDG,2019,60553000000.0,OWID,28219554.0,2.1457816094471234
MDG,2020,59234000000.0,OWID,28953556.0,2.045828153198177
MDG,2021,59019000000.0,OWID,29691083.0,1.9877685162242147
MDG,2022,60497000000.0,OWID,30437261.0,1.9875967157491603
MDG,2023,60640000000.0,OWID,31195932.0,1.9438431908365488
MDV,2000,522000000.0,OWID,282019.0,1.850939121123045
MDV,2001,533000000.0,OWID,286767.0,1.8586517974522871
MDV,2002,668000000.0,OWID,291616.0,2.2906836387578187
MDV,2003,589000000.0,OWID,296491.0,1.9865695754677208
MDV,2004,752000000.0,OWID,301413.0,2.494915614124142
MDV,2005,690000000.0,OWID,306429.0,2.251745102454402
MDV,2006,844000000.0,OWID,313851.0,2.6891741622617102
MDV,2007,888000000.0,OWID,324479.0,2.736694824626555
MDV,2008,953000000.0,OWID,336170.0,2.8348752119463367
MDV,2009,1002000000.0,OWID,348275.0,2.877036824348575
MDV,2010,1058000000.0,OWID,360792.0,2.9324375263309608
MDV,2011,1118000000.0,OWID,373674.0,2.991912736770554
MDV,2012,1257000000.0,OWID,386818.0,3.249590246575909
MDV,2013,1249000000.0,OWID,400070.0,3.121953658109831
MDV,2014,1490000000.0,OWID,413617.0,3.6023664404509486
MDV,2015,1444000000.0,OWID,428154.0,3.372618263522004
MDV,2016,1602000000.0,OWID,443308.0,3.613740334034125
MDV,2017,1689000000.0,OWID,458287.0,3.685463475944114
MDV,2018,1922000000.0,OWID,473099.0,4.062574640825704
MDV,2019,2190000000.0,OWID,487731.0,4.490180037766719
MDV,2020,1881000000.0,OWID,502118.0,3.7461313874427926
MDV,2021,2208000000.0,OWID,516154.0,4.2777930617606374
MDV,2022,2434000000.0,OWID,524106.0,4.644098712855796
MDV,2023,2429000000.0,OWID,525994.0,4.61792339836576
MEX,2000,652320000000.0,OWID,98625552.0,6.614107467809154
MEX,2001,653466000000.0,OWID,100099099.0,6.528190628369193
MEX,2002,650365000000.0,OWID,101548624.0,6.404468858189551
MEX,2003,675456000000.0,OWID,102978515.0,6.55919343952474
MEX,2004,668875000000.0,OWID,104394131.0,6.407208849700564
MEX,2005,692625000000.0,OWID,105811504.0,6.545838342870545
MEX,2006,709629000000.0,OWID,107253666.0,6.616361253330026
MEX,2007,698851000000.0,OWID,108774360.0,6.424776941919034
MEX,2008,693870000000.0,OWID,110374288.0,6.286518468866589
MEX,2009,674108000000.0,OWID,111999721.0,6.018836421922872
MEX,2010,670530000000.0,OWID,113623895.0,5.9013115155047275
MEX,2011,697774000000.0,OWID,115243504.0,6.054779452037487
MEX,2012,711128000000.0,OWID,116818208.0,6.087475678449031
MEX,2013,707327000000.0,OWID,118343573.0,5.976894072650654
MEX,2014,695661000000.0,OWID,119784261.0,5.8076160773743055
MEX,2015,684176000000.0,OWID,121072306.0,5.6509702557412265
MEX,2016,652940000000.0,OWID,122251351.0,5.340963471233949
MEX,2017,644260000000.0,OWID,123400057.0,5.220905205902782
MEX,2018,640318000000.0,OWID,124573711.0,5.140073253497281
MEX,2019,698522000000.0,OWID,125762982.0,5.554273514284196
MEX,2020,635450000000.0,OWID,126799054.0,5.011472719662404
MEX,2021,630706000000.0,OWID,127648148.0,4.9409725866136345
MEX,2022,631024000000.0,OWID,128613117.0,4.906373585518498
MEX,2023,633490000000.0,OWID,129739759.0,4.882774601115145
MKD,2000,13874000000.0,OWID,2026350.0,6.846793495694228
MKD,2001,14244000000.0,OWID,2034882.0,6.999914491356256
MKD,2002,12247000000.0,OWID,2020157.0,6.062400100586242
MKD,2003,12021000000.0,OWID,2022725.0,5.94297296963255
MKD,2004,11738000000.0,OWID,2016186.0,5.821883496859913
MKD,2005,11379000000.0,OWID,2005330.0,5.674377783207751
MKD,2006,10935000000.0,OWID,1994287.0,5.483162654121498
MKD,2007,11470000000.0,OWID,1982933.0,5.784360843255924
MKD,2008,10971000000.0,OWID,1971493.0,5.564818135291375
MKD,2009,12593000000.0,OWID,1958782.0,6.428995161278794
MKD,2010,11147000000.0,OWID,1946298.0,5.7272832834437475
MKD,2011,16142000000.0,OWID,1937398.0,8.331793467320601
MKD,2012,13356000000.0,OWID,1929821.0,6.920849135748859
MKD,2013,11340000000.0,OWID,1922716.0,5.89790691917059
MKD,2014,10803000000.0,OWID,1917557.0,5.6337308356413915
MKD,2015,10171000000.0,OWID,1912430.0,5.3183645937367645
MKD,2016,9654000000.0,OWID,1906313.0,5.064226074102207
MKD,2017,9967000000.0,OWID,1898657.0,5.249500041345014
MKD,2018,9365000000.0,OWID,1889051.0,4.957515704975672
MKD,2019,9953000000.0,OWID,1876262.0,5.304696252442356
MKD,2020,9290000000.0,OWID,1856124.0,5.005053541681483
MKD,2021,8567000000.0,OWID,1837114.0,4.663292533832958
MKD,2022,9180000000.0,OWID,1831712.0,5.011704896839677
MKD,2023,8972000000.0,OWID,1827816.0,4.908590361393051
MLI,2000,35037000000.0,OWID,11559290.0,3.0310685171840137
MLI,2001,49723000000.0,OWID,11912158.0,4.174138724486361
MLI,2002,77108000000.0,OWID,12288050.0,6.275039570965288
MLI,2003,42694000000.0,OWID,12684955.0,3.365719468456924
MLI,2004,57837000000.0,OWID,13102409.0,4.414226422026667
MLI,2005,43639000000.0,OWID,13538647.0,3.223291071847874
MLI,2006,41057000000.0,OWID,13990139.0,2.9347099410520507
MLI,2007,46177000000.0,OWID,14457775.0,3.1939216096529375
MLI,2008,47288000000.0,OWID,14940782.0,3.1650284436249723
MLI,2009,44398000000.0,OWID,15435539.0,2.8763491835302935
MLI,2010,45291000000.0,OWID,15945198.0,2.8404162808138227
MLI,2011,47088000000.0,OWID,16469049.0,2.859181486435556
MLI,2012,49717000000.0,OWID,16957033.0,2.931939803384236
MLI,2013,50507000000.0,OWID,17459615.0,2.892790018565701
MLI,2014,51519000000.0,OWID,18020267.0,2.8589476504426936
MLI,2015,57660000000.0,OWID,18593022.0,3.1011634364763294
MLI,2016,59736000000.0,OWID,19191289.0,3.1126622083592195
MLI,2017,61292000000.0,OWID,19813011.0,3.093522736145455
MLI,2018,62951000000.0,OWID,20442030.0,3.079488680918676
MLI,2019,63609000000.0,OWID,21068405.0,3.019165428042607
MLI,2020,67676000000.0,OWID,21713836.0,3.1167224436990315
MLI,2021,63085000000.0,OWID,22388630.0,2.8177248898213065
MLI,2022,62847000000.0,OWID,23072640.0,2.7238755513023216
MLI,2023,64069999999.99999,OWID,23769127.0,2.695513385914426
MLT,2000,2679000000.0,OWID,390087.0,6.86769874412631
MLT,2001,2940000000.0,OWID,393028.0,7.48038307703268
MLT,2002,2958000000.0,OWID,395969.0,7.470281764481563
MLT,2003,3170000000.0,OWID,398582.0,7.953194072988745
MLT,2004,3047000000.0,OWID,401268.0,7.5934288306069755
MLT,2005,2868000000.0,OWID,403834.0,7.10192801992898
MLT,2006,2889000000.0,OWID,405308.0,7.127912599800646
MLT,2007,2970000000.0,OWID,406724.0,7.302249191097649
MLT,2008,2974000000.0,OWID,409379.0,7.264661841472083
MLT,2009,2846000000.0,OWID,412477.0,6.899778654324969
MLT,2010,2896000000.0,OWID,414508.0,6.986596157372113
MLT,2011,2892000000.0,OWID,416268.0,6.947447317593474
MLT,2012,2944000000.0,OWID,420028.0,7.0090565390878705
MLT,2013,2620000000.0,OWID,424810.0,6.167463101151103
MLT,2014,2608000000.0,OWID,433481.0,6.016411330600418
MLT,2015,1902000000.0,OWID,444220.0,4.281662239430912
MLT,2016,1583000000.0,OWID,454505.0,3.48290997898813
MLT,2017,1744000000.0,OWID,467106.0,3.7336279131503343
MLT,2018,1747000000.0,OWID,483903.0,3.6102276695949396
MLT,2019,1844000000.0,OWID,503912.0,3.6593690961913987
MLT,2020,1790000000.0,OWID,515490.0,3.472424295330656
MLT,2021,1802000000.0,OWID,518150.0,3.477757406156518
MLT,2022,1961000000.0,OWID,531113.0,3.692246282806107
MLT,2023,1952000000.0,OWID,552747.0,3.53145290702618
MMR,2000,201062000000.0,OWID,45290841.0,4.4393523184963595
MMR,2001,191043000000.0,OWID,45771139.0,4.173874720487073
MMR,2002,193107000000.0,OWID,46232653.0,4.176853099907548
MMR,2003,202067000000.0,OWID,46667192.0,4.32995839989687
MMR,2004,218825000000.0,OWID,47068772.0,4.64904841791921
MMR,2005,242824000000.0,OWID,47438365.0,5.118726161831252
MMR,2006,274747000000.0,OWID,47785135.0,5.749633227990253
MMR,2007,283017000000.0,OWID,48125043.0,5.880867472679453
MMR,2008,269348000000.0,OWID,48390793.0,5.56610014636462
MMR,2009,250692000000.0,OWID,48660459.0,5.151862624230486
MMR,2010,243075000000.0,OWID,49024382.0,4.958247102431602
MMR,2011,236616000000.0,OWID,49419820.0,4.78787660497347
MMR,2012,225059000000.0,OWID,49837446.0,4.5158614267673345
MMR,2013,225069000000.0,OWID,50262658.0,4.477857100195537
MMR,2014,224377000000.0,OWID,50681634.0,4.427185595476263
MMR,2015,232810000000.0,OWID,51089056.0,4.556944641920962
MMR,2016,235985000000.0,OWID,51495696.0,4.5826159918296865
MMR,2017,238191000000.0,OWID,51894938.0,4.589869632371466
MMR,2018,206099000000.0,OWID,52272247.0,3.942799704018846
MMR,2019,196532000000.0,OWID,52640713.0,3.7334600692053694
MMR,2020,198818000000.0,OWID,53016522.0,3.7501139739042104
MMR,2021,192775000000.0,OWID,53387102.0,3.6108908852179313
MMR,2022,192112000000.0,OWID,53756787.0,3.573725490699435
MMR,2023,187912000000.0,OWID,54133798.0,3.471250991848013
MNE,2000,1339000000.0,OWID,604950.0,2.213406066617076
MNE,2001,1179000000.0,OWID,607389.0,1.9410954100255355
MNE,2002,1350000000.0,OWID,609828.0,2.21373895590232
MNE,2003,1984000000.0,OWID,612267.0,3.240416354302943
MNE,2004,2268000000.0,OWID,613353.0,3.69770751916107
MNE,2005,514000000.0,OWID,614261.0,0.8367778517600823
MNE,2006,876000000.0,OWID,615025.0,1.4243323442136497
MNE,2007,1329000000.0,OWID,615875.0,2.1579054191191394
MNE,2008,1724000000.0,OWID,616969.0,2.794305710659693
MNE,2009,482000000.0,OWID,618294.0,0.7795644143401036
MNE,2010,1130000000.0,OWID,619428.0,1.8242636755199957
MNE,2011,1193000000.0,OWID,620345.0,1.9231234232564138
MNE,2012,569000000.0,OWID,621418.0,0.9156477604446605
MNE,2013,669000000.0,OWID,622587.0,1.0745486173016785
MNE,2014,491000000.0,OWID,623744.0,0.7871819207880156
MNE,2015,806000000.0,OWID,624651.0,1.2903205149755625
MNE,2016,503000000.0,OWID,625353.0,0.804345705545508
MNE,2017,532000000.0,OWID,625982.0,0.8498646925949948
MNE,2018,1836000000.0,OWID,626438.0,2.930856684939292
MNE,2019,1821000000.0,OWID,626753.0,2.9054507916196655
MNE,2020,1767000000.0,OWID,626590.0,2.8200258542268473
MNE,2021,1551000000.0,OWID,625053.0,2.4813895781637716
MNE,2022,1466000000.0,OWID,623591.0,2.350899868663916
MNE,2023,1304000000.0,OWID,623529.0,2.091322135778769
MNG,2000,59039000000.0,OWID,2388299.0,24.720104141064414
MNG,2001,51073000000.0,OWID,2417751.0,21.124176972732098
MNG,2002,32881999999.999996,OWID,2449027.0,13.426556750905561
MNG,2003,24201000000.0,OWID,2480374.0,9.75699632394147
MNG,2004,23274000000.0,OWID,2508412.0,9.278380106617254
MNG,2005,29241000000.0,OWID,2536407.0,11.528512577043037
MNG,2006,31950000000.0,OWID,2567168.0,12.445621011168727
MNG,2007,35666000000.0,OWID,2601850.0,13.707938582162692
MNG,2008,38408000000.0,OWID,2643201.0,14.530866173249784
MNG,2009,41668000000.0,OWID,2691115.0,15.48354492468735
MNG,2010,45140000000.0,OWID,2738622.0,16.482742050564116
MNG,2011,55826000000.0,OWID,2786317.0,20.03576764596419
MNG,2012,68075999999.99999,OWID,2839705.0,23.972912679309996
MNG,2013,77095000000.0,OWID,2899011.0,26.593552076897947
MNG,2014,66197999999.99999,OWID,2963113.0,22.340693723121593
MNG,2015,59679000000.0,OWID,3026864.0,19.716445800009513
MNG,2016,68574000000.0,OWID,3088856.0,22.200452206253708
MNG,2017,81784000000.0,OWID,3148917.0,25.97210405990377
MNG,2018,90733000000.0,OWID,3208189.0,28.281687893076125
MNG,2019,96915000000.0,OWID,3267673.0,29.65872044112125
MNG,2020,88088000000.0,OWID,3327204.0,26.475082381483073
MNG,2021,81530000000.0,OWID,3383741.0,24.094633720488655
MNG,2022,84561000000.0,OWID,3433748.0,24.626443175212625
MNG,2023,102833000000.0,OWID,3481145.0,29.539993306799918
MOZ,2000,65936000000.00001,OWID,18129653.0,3.6369146171744164
MOZ,2001,84124000000.0,OWID,18537729.0,4.537988445078682
MOZ,2002,78736000000.0,OWID,18958338.0,4.1531066700045125
MOZ,2003,79212000000.0,OWID,19392475.0,4.084677175038256
MOZ,2004,90293000000.0,OWID,19840313.0,4.550986670421984
MOZ,2005,79415000000.0,OWID,20304569.0,3.9111886590648637
MOZ,2006,85430000000.0,OWID,20787087.0,4.109762950431679
MOZ,2007,88262000000.0,OWID,21287635.0,4.146162784170247
MOZ,2008,87335000000.0,OWID,21819036.0,4.002697461061066
MOZ,2009,82562000000.0,OWID,22391745.0,3.6871623895323924
MOZ,2010,77111000000.0,OWID,22999235.0,3.3527636897488113
MOZ,2011,74180000000.0,OWID,23649039.0,3.1367025104064483
MOZ,2012,74013000000.0,OWID,24337846.0,3.041066165017233
MOZ,2013,76559000000.0,OWID,25051611.0,3.056050966143455
MOZ,2014,82291000000.0,OWID,25788475.0,3.1909990800153945
MOZ,2015,70352000000.0,OWID,26547572.0,2.6500351896587753
MOZ,2016,64794000000.0,OWID,27337105.0,2.370185138477538
MOZ,2017,63158000000.0,OWID,28166393.0,2.242317644293325
MOZ,2018,60675000000.0,OWID,29018644.0,2.090897148743408
MOZ,2019,53610000000.0,OWID,29884380.0,1.79391374356771
MOZ,2020,48448000000.0,OWID,30783688.0,1.57382052468827
MOZ,2021,52084000000.0,OWID,31707800.0,1.6426242123389196
MOZ,2022,61351000000.0,OWID,32656246.0,1.8786911392081014
MOZ,2023,60163000000.0,OWID,33635160.0,1.7886937359596327
MRT,2000,11666000000.0,OWID,2613441.0,4.463846706315543
MRT,2001,11844000000.0,OWID,2678760.0,4.421448730009407
MRT,2002,11624000000.0,OWID,2738655.0,4.244419249595149
MRT,2003,11859000000.0,OWID,2802046.0,4.232264566677349
MRT,2004,11902000000.0,OWID,2868664.0,4.148969694603481
MRT,2005,12169000000.0,OWID,2939059.0,4.140440868999227
MRT,2006,12622000000.0,OWID,3013660.0,4.188262776822866
MRT,2007,12862000000.0,OWID,3093059.0,4.158342922006984
MRT,2008,12513000000.0,OWID,3183269.0,3.9308647808275077
MRT,2009,12965000000.0,OWID,3284448.0,3.9473908553278965
MRT,2010,13247000000.0,OWID,3390965.0,3.9065575728443083
MRT,2011,13550000000.0,OWID,3502811.0,3.8683217564407557
MRT,2012,13790000000.0,OWID,3619034.0,3.8104090760131015
MRT,2013,13657000000.0,OWID,3734318.0,3.6571604239381865
MRT,2014,14414000000.0,OWID,3848514.0,3.7453417085139877
MRT,2015,15072000000.0,OWID,3965959.0,3.8003418593081775
MRT,2016,14990000000.0,OWID,4086657.0,3.6680347775700284
MRT,2017,16741000000.0,OWID,4210600.0,3.9759179214363747
MRT,2018,17189000000.0,OWID,4337685.0,3.962712829539259
MRT,2019,17075000000.0,OWID,4467708.0,3.8218701848912238
MRT,2020,17242000000.0,OWID,4600131.0,3.7481541286541624
MRT,2021,17045000000.000002,OWID,4734874.0,3.5998846009418632
MRT,2022,17965000000.0,OWID,4875637.0,3.6846467446202413
MRT,2023,18023000000.0,OWID,5022441.0,3.58849412068753
MUS,2000,3639000000.0,OWID,1186873.0,3.066039921710242
MUS,2001,3643000000.0,OWID,1196287.0,3.045255862514597
MUS,2002,3625000000.0,OWID,1204621.0,3.009245231487746
MUS,2003,3806000000.0,OWID,1213370.0,3.136718395872652
MUS,2004,4159000000.0,OWID,1221003.0,3.406216037143234
MUS,2005,4102999999.9999995,OWID,1228254.0,3.3405142584514276
MUS,2006,4394000000.0,OWID,1233996.0,3.5607895001280396
MUS,2007,4437000000.0,OWID,1239630.0,3.579293821543525
MUS,2008,4503000000.0,OWID,1244121.0,3.619422869640493
MUS,2009,4498000000.0,OWID,1247429.0,3.605816443260498
MUS,2010,4650000000.0,OWID,1250400.0,3.718809980806142
MUS,2011,4656000000.0,OWID,1252404.0,3.7176502151063078
MUS,2012,4730000000.0,OWID,1255882.0,3.7662774050428305
MUS,2013,5471000000.0,OWID,1258927.0,4.345764289748333
MUS,2014,5242000000.0,OWID,1261208.0,4.156332658847708
MUS,2015,5153000000.0,OWID,1262879.0,4.080359242651117
MUS,2016,5230000000.0,OWID,1263747.0,4.138486579987925
MUS,2017,5392000000.0,OWID,1264887.0,4.262831383356774
MUS,2018,5280000000.0,OWID,1265577.0,4.1720100791970784
MUS,2019,5293000000.0,OWID,1265985.0,4.180934213280568
MUS,2020,4586000000.0,OWID,1266014.0,3.6223928013434294
MUS,2021,4760000000.0,OWID,1266334.0,3.758881937940543
MUS,2022,5096000000.0,OWID,1262523.0,4.036362109838791
MUS,2023,5362000000.0,OWID,1248647.0,4.294248094137094
MWI,2000,23157000000.0,OWID,11315942.0,2.046404974504111
MWI,2001,20135000000.0,OWID,11593058.0,1.736815256164508
MWI,2002,23323000000.0,OWID,11880440.0,1.9631427792236653
MWI,2003,21915000000.0,OWID,12181574.0,1.799028598438921
MWI,2004,27327000000.0,OWID,12500737.0,2.1860311116056597
MWI,2005,27190000000.0,OWID,12840031.0,2.117596133529584
MWI,2006,24444000000.0,OWID,13198701.0,1.8520004354974025
MWI,2007,26203000000.0,OWID,13576343.0,1.9300484673965588
MWI,2008,25970000000.0,OWID,13976417.0,1.8581300200187216
MWI,2009,21171000000.0,OWID,14395788.0,1.4706384950931481
MWI,2010,19337000000.0,OWID,14826463.0,1.3042220521509411
MWI,2011,19081000000.0,OWID,15265022.0,1.2499818211857145
MWI,2012,19303000000.0,OWID,15709577.0,1.2287409139023922
MWI,2013,22111000000.0,OWID,16161816.0,1.3681012084285578
MWI,2014,22989000000.0,OWID,16621538.0,1.383085006934978
MWI,2015,22225000000.0,OWID,17085587.0,1.3008040051535836
MWI,2016,22250000000.0,OWID,17557739.0,1.2672474513945102
MWI,2017,23321000000.0,OWID,18039715.0,1.2927587824973952
MWI,2018,24840000000.0,OWID,18528081.0,1.3406677140498253
MWI,2019,26520000000.0,OWID,19025752.0,1.393900225336691
MWI,2020,26238000000.0,OWID,19533888.0,1.3432041793215974
MWI,2021,23246000000.0,OWID,20047258.0,1.1595600754976068
MWI,2022,25200000000.0,OWID,20568728.0,1.2251608363920221
MWI,2023,25740000000.0,OWID,21104482.0,1.2196461396209581
MYS,2000,234890000000.0,OWID,22967816.0,10.226919268249102
MYS,2001,265493000000.0,OWID,23526538.0,11.284830772806437
MYS,2002,277628000000.0,OWID,24102477.0,11.518650137079272
MYS,2003,277125000000.0,OWID,24679602.0,11.228908796827437
MYS,2004,296046000000.0,OWID,25256772.0,11.721450389622236
MYS,2005,296443000000.0,OWID,25836071.0,11.473996955651655
MYS,2006,306760000000.0,OWID,26417909.0,11.611819845393516
MYS,2007,325805000000.0,OWID,26998389.0,12.067571883640909
MYS,2008,360445000000.0,OWID,27570059.0,13.073784136624445
MYS,2009,393082000000.0,OWID,28124778.0,13.97635920895091
MYS,2010,386120000000.0,OWID,28655776.0,13.474421352260709
MYS,2011,442215000000.0,OWID,29162039.0,15.164063116437092
MYS,2012,448654000000.0,OWID,29662831.0,15.125124098910181
MYS,2013,512120000000.0,OWID,30174265.0,16.972078690234873
MYS,2014,506073000000.0,OWID,30696137.0,16.486537051877242
MYS,2015,439685000000.0,OWID,31232798.0,14.077669250126103
MYS,2016,399247000000.0,OWID,31789685.0,12.559010886707433
MYS,2017,389246000000.0,OWID,32355644.0,12.03023497229726
MYS,2018,389989000000.0,OWID,32910967.0,11.84981893725578
MYS,2019,392269000000.0,OWID,33440596.0,11.730323227492716
MYS,2020,368905000000.0,OWID,33889558.0,10.885506385182127
MYS,2021,386138000000.0,OWID,34282399.0,11.263447461771856
MYS,2022,383867000000.0,OWID,34695493.0,11.063886597605055
MYS,2023,376353000000.0,OWID,35126298.0,10.714280223893791
NAM,2000,13281000000.0,OWID,1818647.0,7.30268160891036
NAM,2001,13223000000.0,OWID,1857048.0,7.1204406132744005
NAM,2002,12228000000.0,OWID,1889970.0,6.469943967364561
NAM,2003,12783000000.0,OWID,1917464.0,6.666617991263461
NAM,2004,13413000000.0,OWID,1942082.0,6.906505492559017
NAM,2005,14303000000.0,OWID,1966582.0,7.273024974295504
NAM,2006,15707000000.0,OWID,1991888.0,7.885483521161832
NAM,2007,14854000000.0,OWID,2018600.0,7.3585653423164565
NAM,2008,14197000000.0,OWID,2047056.0,6.935325657920448
NAM,2009,17210000000.0,OWID,2077394.0,8.284417881249295
NAM,2010,16687000000.000002,OWID,2109811.0,7.909239263611765
NAM,2011,21910000000.0,OWID,2146325.0,10.208146482941773
NAM,2012,23520000000.0,OWID,2194654.0,10.716951282525628
NAM,2013,15735000000.0,OWID,2252508.0,6.985546777192356
NAM,2014,15159000000.0,OWID,2312139.0,6.556266729638659
NAM,2015,15390000000.0,OWID,2374300.0,6.481910457819146
NAM,2016,16154000000.0,OWID,2439213.0,6.622627872186643
NAM,2017,16286999999.999998,OWID,2506853.0,6.496990449779065
NAM,2018,15514000000.0,OWID,2577327.0,6.019414688163357
NAM,2019,14913000000.0,OWID,2650494.0,5.62649830559888
NAM,2020,17911000000.0,OWID,2728762.0,6.56378240388865
NAM,2021,19184000000.0,OWID,2810548.0,6.825715127441339
NAM,2022,17360000000.0,OWID,2889662.0,6.00762303688113
NAM,2023,17093000000.0,OWID,2963095.0,5.768630435406222
NER,2000,28987000000.0,OWID,11509630.0,2.5184997258817186
NER,2001,27421000000.0,OWID,11920647.0,2.3002946064924163
NER,2002,28441000000.0,OWID,12349144.0,2.303074609867696
NER,2003,27915000000.0,OWID,12796984.0,2.181373361098209
NER,2004,25262000000.0,OWID,13265836.0,1.9042900877110194
NER,2005,23899000000.0,OWID,13756192.0,1.7373267253030489
NER,2006,34703000000.0,OWID,14268581.0,2.4321269227823006
NER,2007,28837000000.0,OWID,14803610.0,1.9479707990145645
NER,2008,25761000000.0,OWID,15361915.0,1.676939365957955
NER,2009,28368000000.0,OWID,15943675.0,1.7792635637643142
NER,2010,38973000000.0,OWID,16548835.0,2.355029825362329
NER,2011,50587000000.0,OWID,17176283.0,2.945165726484595
NER,2012,57764000000.0,OWID,17836769.0,3.238478897159009
NER,2013,49568000000.0,OWID,18519898.0,2.676472624201278
NER,2014,53603000000.0,OWID,19215909.0,2.7895115448350634
NER,2015,59583000000.0,OWID,19939498.0,2.9881895722750893
NER,2016,60557000000.0,OWID,20685753.0,2.9274738028632554
NER,2017,56175000000.0,OWID,21435446.0,2.620659257568049
NER,2018,51624000000.0,OWID,22188069.0,2.3266558257052474
NER,2019,49621000000.0,OWID,22947757.0,2.1623464114597346
NER,2020,49732000000.0,OWID,23717613.0,2.0968383285451195
NER,2021,48749000000.0,OWID,24502140.0,1.9895813182032265
NER,2022,50744000000.0,OWID,25311973.0,2.004742972821597
NER,2023,51424000000.0,OWID,26159867.0,1.9657592295862971
NGA,2000,561807000000.0,OWID,126382494.0,4.445291291687914
NGA,2001,532807000000.0,OWID,129862595.0,4.1028519413153575
NGA,2002,460567000000.0,OWID,133471989.0,3.450664094022005
NGA,2003,493729000000.0,OWID,137202644.0,3.5985385237911305
NGA,2004,480390000000.0,OWID,141057045.0,3.405643440212433
NGA,2005,464284000000.0,OWID,145017253.0,3.201577677105772
NGA,2006,435284000000.0,OWID,149077334.0,2.9198536646758115
NGA,2007,404156000000.0,OWID,153267261.0,2.6369362730374624
NGA,2008,434029000000.0,OWID,157595014.0,2.7540782476785717
NGA,2009,337385000000.0,OWID,162049464.0,2.0819877565284632
NGA,2010,371411000000.0,OWID,166642886.0,2.2287840118179423
NGA,2011,378468000000.0,OWID,171379598.0,2.2083608808558415
NGA,2012,361051000000.0,OWID,176200625.0,2.049090348005292
NGA,2013,360019000000.0,OWID,181049443.0,1.9885120552400706
NGA,2014,372515000000.0,OWID,185896915.0,2.0038794081117484
NGA,2015,362702000000.0,OWID,190671878.0,1.9022312246801283
NGA,2016,364156000000.0,OWID,195443700.0,1.8632271083693157
NGA,2017,377183000000.0,OWID,200254579.0,1.8835174800172734
NGA,2018,384295000000.0,OWID,204938755.0,1.8751699745614243
NGA,2019,408817000000.0,OWID,209485641.0,1.9515275512367933
NGA,2020,398501000000.0,OWID,213996181.0,1.8621874378216123
NGA,2021,405614000000.0,OWID,218529286.0,1.8561082014426205
NGA,2022,383888000000.0,OWID,223150896.0,1.7203067829044252
NGA,2023,389876000000.0,OWID,227882945.0,1.7108608105797476
NIC,2000,96131000000.0,OWID,5022633.0,19.13956285478155
NIC,2001,88313000000.0,OWID,5087825.0,17.357711792367073
NIC,2002,82097000000.0,OWID,5149909.0,15.941446732359736
NIC,2003,83184000000.0,OWID,5210963.0,15.963268209733979
NIC,2004,70184000000.0,OWID,5272912.0,13.310292301483507
NIC,2005,59651000000.0,OWID,5342105.0,11.16619759439397
NIC,2006,58080000000.0,OWID,5418855.0,10.718131413370536
NIC,2007,51945000000.0,OWID,5497243.0,9.449282121965501
NIC,2008,44237000000.0,OWID,5576593.0,7.932621225899039
NIC,2009,44473000000.0,OWID,5656601.0,7.862141947080941
NIC,2010,43823000000.0,OWID,5737450.0,7.638062205335123
NIC,2011,41342000000.0,OWID,5819051.0,7.104594890128992
NIC,2012,39784000000.0,OWID,5901287.0,6.74158026884644
NIC,2013,37150000000.0,OWID,5983845.0,6.208382737186541
NIC,2014,34752000000.0,OWID,6066492.0,5.728516579268546
NIC,2015,40271000000.0,OWID,6149417.0,6.548750881587636
NIC,2016,40256000000.0,OWID,6232666.0,6.458873297558381
NIC,2017,40928000000.0,OWID,6316231.0,6.479813673692428
NIC,2018,36714000000.0,OWID,6400080.0,5.736490793865077
NIC,2019,36235000000.0,OWID,6483657.0,5.588667013076108
NIC,2020,34292000000.0,OWID,6565267.0,5.22324529984843
NIC,2021,34800000000.0,OWID,6644741.0,5.23722444561797
NIC,2022,36700000000.0,OWID,6730654.0,5.452664778192431
NIC,2023,37570000000.0,OWID,6823613.0,5.505880828821916
NLD,2000,220901000000.0,OWID,15925513.0,13.870887550058827
NLD,2001,225195000000.0,OWID,16046180.0,14.034181344095606
NLD,2002,223770000000.0,OWID,16148929.0,13.856646468629592
NLD,2003,228595000000.0,OWID,16225302.0,14.088797854116983
NLD,2004,231636000000.0,OWID,16281779.0,14.226700902892738
NLD,2005,227757000000.0,OWID,16319868.0,13.955811407298148
NLD,2006,223169000000.0,OWID,16346101.0,13.652735903197955
NLD,2007,220701000000.0,OWID,16381696.0,13.472414577831257
NLD,2008,217686000000.0,OWID,16445593.0,13.236737647587411
NLD,2009,211880000000.0,OWID,16530388.0,12.817605975128956
NLD,2010,222691000000.0,OWID,16615394.0,13.402691504035355
NLD,2011,208040000000.0,OWID,16693074.0,12.462653673014328
NLD,2012,205055000000.0,OWID,16754962.0,12.238464044263425
NLD,2013,203779000000.0,OWID,16804432.0,12.126503293892945
NLD,2014,196540000000.0,OWID,16865008.0,11.653715195391547
NLD,2015,203611000000.0,OWID,16939923.0,12.01959418587676
NLD,2016,204847000000.0,OWID,17030314.0,12.028374814463197
NLD,2017,200622000000.0,OWID,17131296.0,11.710847795753455
NLD,2018,195007000000.0,OWID,17231624.0,11.316809141146534
NLD,2019,188466000000.0,OWID,17344874.0,10.865803925701623
NLD,2020,171522000000.0,OWID,17441500.0,9.834131238712267
NLD,2021,174048000000.0,OWID,17533044.0,9.926855827202624
NLD,2022,161079000000.0,OWID,17700982.0,9.100003604319806
NLD,2023,150093000000.0,OWID,17877117.0,8.395816842279435
NOR,2000,56559000000.0,OWID,4490967.0,12.593946916109603
NOR,2001,58866000000.0,OWID,4513751.0,13.041481464086079
NOR,2002,58147000000.0,OWID,4538159.0,12.812904968732916
NOR,2003,60623000000.0,OWID,4564855.0,13.280378018578904
NOR,2004,61090000000.0,OWID,4591910.0,13.303832174411083
NOR,2005,59828000000.0,OWID,4623291.0,12.940565497607656
NOR,2006,60815000000.0,OWID,4660677.0,13.048533507042002
NOR,2007,63453000000.0,OWID,4709153.0,13.4743976252205
NOR,2008,62303000000.0,OWID,4768212.0,13.066323393339054
NOR,2009,60050000000.0,OWID,4828726.0,12.435992433614995
NOR,2010,62985000000.0,OWID,4889252.0,12.882338648120408
NOR,2011,61415000000.0,OWID,4953088.0,12.399335525635724
NOR,2012,59857000000.0,OWID,5018573.0,11.927095610644699
NOR,2013,60652000000.0,OWID,5079623.0,11.940256196178337
NOR,2014,61336000000.0,OWID,5137232.0,11.939503608168758
NOR,2015,62446000000.0,OWID,5188607.0,12.035214846682356
NOR,2016,61784000000.0,OWID,5234519.0,11.803185736836566
NOR,2017,61700000000.0,OWID,5276968.0,11.69232028695266
NOR,2018,62067000000.0,OWID,5311916.0,11.684484468504397
NOR,2019,60492000000.0,OWID,5347896.0,11.31136431972499
NOR,2020,58882000000.0,OWID,5379475.0,10.945677784542172
NOR,2021,59637000000.0,OWID,5408320.0,11.026899295899652
NOR,2022,59696000000.0,OWID,5457127.0,10.939089377982224
NOR,2023,57889000000.0,OWID,5519601.0,10.487895773625665
NPL,2000,48461000000.0,OWID,24546509.0,1.974252224623876
NPL,2001,47668000000.0,OWID,24946748.0,1.910790135852577
NPL,2002,46809000000.0,OWID,25328981.0,1.8480411825489547
NPL,2003,48588000000.0,OWID,25688758.0,1.891411021116708
NPL,2004,47559000000.0,OWID,26016656.0,1.828021249156694
NPL,2005,48904000000.0,OWID,26309458.0,1.8587992196570526
NPL,2006,47008000000.0,OWID,26565425.0,1.7695180860084112
NPL,2007,47928000000.0,OWID,26788492.0,1.789126465200057
NPL,2008,48751000000.0,OWID,26990037.0,1.8062591022013048
NPL,2009,49030000000.0,OWID,27173035.0,1.8043623025547202
NPL,2010,50959000000.0,OWID,27341952.0,1.863765981302286
NPL,2011,49929000000.0,OWID,27464494.0,1.817947201211863
NPL,2012,47458000000.0,OWID,27534915.0,1.7235571636956206
NPL,2013,47879000000.0,OWID,27589996.0,1.7353753875136482
NPL,2014,48658000000.0,OWID,27672370.0,1.7583604150999714
NPL,2015,48977000000.0,OWID,27823629.0,1.7602664267842272
NPL,2016,53482000000.0,OWID,27955462.0,1.9131145105024556
NPL,2017,54687000000.0,OWID,28011258.0,1.9523221698932622
NPL,2018,55273000000.0,OWID,28079689.0,1.96843348229391
NPL,2019,54235000000.0,OWID,28414064.0,1.9087378700913744
NPL,2020,57580000000.0,OWID,28966574.0,1.9878084305033794
NPL,2021,57379000000.0,OWID,29475010.0,1.946699933265502
NPL,2022,58562000000.0,OWID,29715436.0,1.9707602473004266
NPL,2023,59093000000.0,OWID,29694614.0,1.990024184183704
NZL,2000,94332000000.0,OWID,3857700.0,24.452912357103976
NZL,2001,113841000000.0,OWID,3880500.0,29.33668341708543
NZL,2002,103565000000.0,OWID,3948500.0,26.228947701658857
NZL,2003,100015000000.0,OWID,4027200.0,24.834872864521255
NZL,2004,91453000000.0,OWID,4087500.0,22.373822629969418
NZL,2005,87993000000.0,OWID,4133900.0,21.28571082996686
NZL,2006,97230000000.0,OWID,4184600.0,23.235195717631317
NZL,2007,90758000000.0,OWID,4223800.0,21.487286329845162
NZL,2008,99046000000.0,OWID,4259800.0,23.251326353349924
NZL,2009,89136000000.0,OWID,4302600.0,20.71677590294241
NZL,2010,86615000000.0,OWID,4350700.0,19.908290619900246
NZL,2011,89168000000.0,OWID,4384000.0,20.33941605839416
NZL,2012,90014000000.0,OWID,4408100.0,20.420135659354372
NZL,2013,91840000000.0,OWID,4442100.0,20.674906012921817
NZL,2014,90762000000.0,OWID,4516500.0,20.095649285951513
NZL,2015,89100000000.0,OWID,4609400.0,19.33006465049681
NZL,2016,88441000000.0,OWID,4714100.0,18.760951188986233
NZL,2017,91003000000.0,OWID,4813600.0,18.905393053016454
NZL,2018,91423000000.0,OWID,4900600.0,18.65547075868261
NZL,2019,91233000000.0,OWID,4970300.0,18.35563245679335
NZL,2020,91363000000.0,OWID,5072400.0,18.011789291065373
NZL,2021,89263000000.0,OWID,5084600.0,17.555559926051213
NZL,2022,84071000000.0,OWID,5081700.0,16.543873113328218
NZL,2023,82225000000.0,OWID,5200000.0,15.8125
OMN,2000,49575000000.0,OWID,2282131.0,21.723117559859624
OMN,2001,49719000000.0,OWID,2310217.0,21.521354920338652
OMN,2002,54763000000.0,OWID,2337140.0,23.43163011201725
OMN,2003,65446000000.0,OWID,2363796.0,27.68682238230372
OMN,2004,58777000000.0,OWID,2404821.0,24.441320164785655
OMN,2005,60442000000.0,OWID,2459802.0,24.571896437192912
OMN,2006,66739999999.99999,OWID,2514795.0,26.53894253805976
OMN,2007,69936000000.0,OWID,2570174.0,27.210609087166862
OMN,2008,72353000000.0,OWID,2626529.0,27.547002146178475
OMN,2009,68922000000.0,OWID,2684659.0,25.672534202667826
OMN,2010,75773000000.0,OWID,2757446.0,27.479413921433093
OMN,2011,82554000000.0,OWID,3076763.0,26.831445905973258
OMN,2012,89557000000.0,OWID,3547106.0,25.24790632137861
OMN,2013,93445000000.0,OWID,3833913.0,24.37327085930223
OMN,2014,94467000000.0,OWID,4002439.0,23.602358461927842
OMN,2015,97406000000.0,OWID,4184895.0,23.275613844552847
OMN,2016,96905000000.0,OWID,4390877.0,22.0696229933109
OMN,2017,96630000000.0,OWID,4537396.0,21.296355883418595
OMN,2018,101273000000.0,OWID,4597877.0,22.02603505922407
OMN,2019,102650000000.0,OWID,4591241.0,22.357789538819677
OMN,2020,102133000000.0,OWID,4522497.0,22.583320674397353
OMN,2021,106103000000.0,OWID,4500424.0,23.576223040317977
OMN,2022,111458000000.0,OWID,4730226.0,23.5629333566726
OMN,2023,113278000000.0,OWID,5049269.0,22.434534583124805
PAK,2000,268154000000.0,OWID,154879127.0,1.7313759781200213
PAK,2001,267980000000.00003,OWID,159270907.0,1.6825420602395391
PAK,2002,277709000000.0,OWID,163222549.0,1.701413203637691
PAK,2003,277715000000.0,OWID,167110248.0,1.6618669610256338
PAK,2004,290965000000.0,OWID,171286000.0,1.6987085926462175
PAK,2005,304571000000.0,OWID,175453212.0,1.735910084108349
PAK,2006,321016000000.0,OWID,179682690.0,1.7865716502797235
PAK,2007,328961000000.0,OWID,184493231.0,1.7830518670899096
PAK,2008,336250000000.0,OWID,189499113.0,1.774414638025245
PAK,2009,344851000000.0,OWID,194376534.0,1.774139053225427
PAK,2010,355834000000.0,OWID,199239047.0,1.7859651777997112
PAK,2011,363645000000.0,OWID,203746065.0,1.7847952057380838
PAK,2012,367366000000.0,OWID,207667125.0,1.7690137521767109
PAK,2013,371964000000.0,OWID,211073978.0,1.7622447045556702
PAK,2014,378128000000.0,OWID,214264647.0,1.7647708350132068
PAK,2015,387850000000.0,OWID,217290883.0,1.7849345294436492
PAK,2016,425984000000.0,OWID,220138869.0,1.9350694492756753
PAK,2017,465362000000.0,OWID,223273967.0,2.0842644857024464
PAK,2018,455021000000.0,OWID,226928892.0,2.0051259052549377
PAK,2019,454955000000.0,OWID,230800899.0,1.9712011607025846
PAK,2020,482812000000.0,OWID,235001746.0,2.0545038844094377
PAK,2021,518171000000.00006,OWID,239477801.0,2.1637537919433294
PAK,2022,489885000000.0,OWID,243700667.0,2.0101914616425733
PAK,2023,473707000000.0,OWID,247504495.0,1.9139329166526855
PAN,2000,27469000000.0,OWID,3010369.0,9.12479500021426
PAN,2001,25574000000.0,OWID,3069537.0,8.331549676710202
PAN,2002,22516000000.0,OWID,3129344.0,7.195118210078534
PAN,2003,21833000000.0,OWID,3189807.0,6.844614736879065
PAN,2004,19963000000.0,OWID,3251155.0,6.140279377636563
PAN,2005,19280000000.0,OWID,3313026.0,5.819453273231179
PAN,2006,23592000000.0,OWID,3375024.0,6.990172514328787
PAN,2007,21081000000.0,OWID,3437490.0,6.132672385956032
PAN,2008,23995000000.0,OWID,3500648.0,6.854445234139508
PAN,2009,33209000000.000004,OWID,3564381.0,9.316905235439199
PAN,2010,25157000000.0,OWID,3628535.0,6.933101100030729
PAN,2011,19827000000.0,OWID,3693505.0,5.368071790886976
PAN,2012,21812000000.0,OWID,3759256.0,5.802211927040883
PAN,2013,22485000000.0,OWID,3825329.0,5.877925794095097
PAN,2014,21400000000.0,OWID,3892101.0,5.498315691190952
PAN,2015,21264000000.0,OWID,3960035.0,5.369649510673517
PAN,2016,21243000000.0,OWID,4029086.0,5.272411658624313
PAN,2017,20441000000.0,OWID,4098707.0,4.987182543177641
PAN,2018,18609000000.0,OWID,4167860.0,4.464881258007707
PAN,2019,21328000000.0,OWID,4234700.0,5.036484284601034
PAN,2020,17234000000.0,OWID,4293261.0,4.014198065293491
PAN,2021,19522000000.0,OWID,4345405.0,4.492561682973164
PAN,2022,20565000000.0,OWID,4400773.0,4.673042667731328
PAN,2023,21531000000.0,OWID,4458759.0,4.828922128332121
PER,2000,144085000000.0,OWID,26598331.0,5.417069213854057
PER,2001,133571000000.0,OWID,26964601.0,4.953568569399562
PER,2002,121641000000.0,OWID,27288217.0,4.457638254635691
PER,2003,186742000000.0,OWID,27580490.0,6.770800663802564
PER,2004,154495000000.0,OWID,27852190.0,5.546960580119552
PER,2005,146384000000.0,OWID,28101180.0,5.209176269466265
PER,2006,132269000000.0,OWID,28324491.0,4.669775001428975
PER,2007,137747000000.0,OWID,28530699.0,4.828027522213879
PER,2008,129042000000.0,OWID,28719041.0,4.493255885529047
PER,2009,131065000000.0,OWID,28896811.0,4.535621595061129
PER,2010,131758999999.99998,OWID,29086019.0,4.52997709999433
PER,2011,133390999999.99998,OWID,29304086.0,4.551959068097192
PER,2012,132431000000.00002,OWID,29550366.0,4.481535017197419
PER,2013,134482000000.0,OWID,29817919.0,4.510106825362294
PER,2014,165699000000.0,OWID,30115826.0,5.502057290409367
PER,2015,140581000000.0,OWID,30457600.0,4.615629596553897
PER,2016,147234000000.0,OWID,30866494.0,4.770026683302612
PER,2017,140190000000.0,OWID,31324637.0,4.475391047628102
PER,2018,138837000000.0,OWID,31897584.0,4.352586703745337
PER,2019,143434000000.0,OWID,32449303.0,4.420249026612374
PER,2020,126964000000.0,OWID,32838579.0,3.866306151676051
PER,2021,140232000000.0,OWID,33155882.0,4.2294757835125605
PER,2022,144244000000.0,OWID,33475438.0,4.308950341441387
PER,2023,147442000000.0,OWID,33845617.0,4.356310006108028
PHL,2000,179660000000.0,OWID,79625397.0,2.2563152809147065
PHL,2001,175337000000.0,OWID,81401488.0,2.153977824090881
PHL,2002,193111000000.0,OWID,83068889.0,2.324709073694244
PHL,2003,220297000000.0,OWID,84731835.0,2.599931891006491
PHL,2004,187905000000.0,OWID,86394504.0,2.1749647408126793
PHL,2005,220282000000.0,OWID,88015962.0,2.502750580627637
PHL,2006,237892000000.0,OWID,89508986.0,2.6577443297145606
PHL,2007,255980000000.0,OWID,91075184.0,2.810644884340832
PHL,2008,245337000000.0,OWID,92699095.0,2.646595417139725
PHL,2009,221583000000.0,OWID,94384250.0,2.3476692350683512
PHL,2010,247543000000.0,OWID,96337125.0,2.5695493819231165
PHL,2011,264663000000.0,OWID,98248614.0,2.6938089935803062
PHL,2012,243033000000.0,OWID,100175512.0,2.426071952594562
PHL,2013,248971000000.0,OWID,102076336.0,2.4390667784157145
PHL,2014,243331000000.0,OWID,103767130.0,2.3449718615133714
PHL,2015,245603000000.0,OWID,105312992.0,2.332124416330323
PHL,2016,256072999999.99997,OWID,106735719.0,2.3991312598924823
PHL,2017,273370000000.0,OWID,108119693.0,2.528401555857174
PHL,2018,273759000000.0,OWID,109465287.0,2.5008750034154663
PHL,2019,274814000000.00003,OWID,110804683.0,2.4801659330589847
PHL,2020,262877000000.0,OWID,112081264.0,2.3454143058201056
PHL,2021,269067000000.0,OWID,113100950.0,2.378998584892523
PHL,2022,282396000000.0,OWID,113964338.0,2.477933053057352
PHL,2023,290732000000.0,OWID,114891199.0,2.530498441399328
POL,2000,411605000000.0,OWID,38258629.0,10.758487974046325
POL,2001,396470000000.0,OWID,38248076.0,10.365750162178092
POL,2002,380704000000.0,OWID,38230364.0,9.958157866349376
POL,2003,396923000000.0,OWID,38204570.0,10.389411528516092
POL,2004,392540000000.0,OWID,38182222.0,10.280700793159708
POL,2005,399010000000.0,OWID,38165445.0,10.454745123501114
POL,2006,402215000000.0,OWID,38141267.0,10.545402175549123
POL,2007,409996000000.0,OWID,38120560.0,10.755245987991783
POL,2008,398639000000.0,OWID,38125759.0,10.455896759983192
POL,2009,364679000000.0,OWID,38151603.0,9.558680928819687
POL,2010,401570000000.0,OWID,38042794.0,10.555744144344393
POL,2011,390637000000.0,OWID,38063255.0,10.262837479348521
POL,2012,382930000000.0,OWID,38063164.0,10.060382788987274
POL,2013,380849000000.0,OWID,38040196.0,10.01175177961754
POL,2014,363079000000.0,OWID,38011735.0,9.551760791766018
POL,2015,364748000000.0,OWID,37986412.0,9.602065075269545
POL,2016,378800000000.0,OWID,37970087.0,9.976274218176007
POL,2017,392969000000.0,OWID,37974826.0,10.348144847325962
POL,2018,401005000000.0,OWID,37974750.0,10.55977985371859
POL,2019,388339000000.0,OWID,37965475.0,10.228740717717875
POL,2020,363455000000.0,OWID,37515748.0,9.688064862787755
POL,2021,393791000000.0,OWID,36981559.0,10.648307173853865
POL,2022,376121000000.0,OWID,36821749.0,10.214642438630495
POL,2023,342549000000.0,OWID,36687353.0,9.33697778632326
PRK,2000,103783000000.0,OWID,23665910.0,4.385337390364453
PRK,2001,106555000000.0,OWID,23815358.0,4.474213656582446
PRK,2002,102425000000.0,OWID,23943973.0,4.2776944327493185
PRK,2003,105485000000.0,OWID,24090380.0,4.37871880808854
PRK,2004,113673000000.0,OWID,24254943.0,4.6865911002140885
PRK,2005,115000000000.0,OWID,24396433.0,4.713803858129587
PRK,2006,115676000000.0,OWID,24524507.0,4.716751288823054
PRK,2007,107570000000.0,OWID,24646383.0,4.3645349502196735
PRK,2008,112580000000.0,OWID,24764618.0,4.546001880586246
PRK,2009,109211000000.0,OWID,24878332.0,4.389803946663306
PRK,2010,102435000000.0,OWID,24987258.0,4.099489427771546
PRK,2011,85354000000.0,OWID,25097874.0,3.4008458246304047
PRK,2012,82792000000.0,OWID,25211728.0,3.283868523411009
PRK,2013,71790000000.0,OWID,25329451.0,2.83425013830738
PRK,2014,74785000000.0,OWID,25451262.0,2.938361170459838
PRK,2015,65958000000.0,OWID,25575350.0,2.578967638761542
PRK,2016,69691000000.0,OWID,25698326.0,2.7118887043459563
PRK,2017,104232000000.0,OWID,25817709.0,4.037228864884952
PRK,2018,94215000000.0,OWID,25931147.0,3.633275458274175
PRK,2019,102291000000.0,OWID,26037632.0,3.928583060087799
PRK,2020,97202000000.0,OWID,26136312.0,3.719040391008494
PRK,2021,82487000000.0,OWID,26232534.0,3.144454134701588
PRK,2022,86171000000.0,OWID,26328845.0,3.272874294333838
PRK,2023,90733000000.0,OWID,26418204.0,3.4344878251375452
PRT,2000,82195000000.0,OWID,10289898.0,7.987931464432398
PRT,2001,81964000000.0,OWID,10362722.0,7.9095048578935145
PRT,2002,82828000000.0,OWID,10419631.0,7.949225841107042
PRT,2003,78757000000.0,OWID,10458821.0,7.530198671532862
PRT,2004,75986000000.0,OWID,10483861.0,7.2479022756978555
PRT,2005,79352000000.0,OWID,10503330.0,7.554937338920133
PRT,2006,73882000000.0,OWID,10522288.0,7.021476697843663
PRT,2007,77367000000.0,OWID,10542964.0,7.338258956399737
PRT,2008,71952000000.0,OWID,10558177.0,6.8148128223271875
PRT,2009,66818000000.0,OWID,10568247.0,6.322524445161056
PRT,2010,63143000000.0,OWID,10573100.0,5.972042258183504
PRT,2011,62824000000.0,OWID,10557560.0,5.950617377500104
PRT,2012,62955000000.0,OWID,10514844.0,5.9872500248220515
PRT,2013,59408000000.0,OWID,10457295.0,5.681010242132406
PRT,2014,58716000000.0,OWID,10401062.0,5.645192769738321
PRT,2015,62828000000.0,OWID,10358076.0,6.065605234022226
PRT,2016,63139000000.0,OWID,10325452.0,6.11488969199605
PRT,2017,69677000000.0,OWID,10300300.0,6.764560255526538
PRT,2018,73040000000.0,OWID,10283822.0,7.102417758689327
PRT,2019,65168000000.00001,OWID,10286263.0,6.33543979966291
PRT,2020,57793000000.0,OWID,10297081.0,5.61256146280679
PRT,2021,56022000000.0,OWID,10361831.0,5.406573413521221
PRT,2022,58127000000.0,OWID,10434332.0,5.570744729993256
PRT,2023,55930000000.0,OWID,10578174.0,5.287301948332481
PRY,2000,81532000000.0,OWID,5100868.0,15.983946261695067
PRY,2001,83165000000.0,OWID,5187689.0,16.031223151580598
PRY,2002,79914000000.0,OWID,5261328.0,15.188940890968972
PRY,2003,83454000000.0,OWID,5326436.0,15.66788749550356
PRY,2004,78720000000.0,OWID,5388175.0,14.609770469593137
PRY,2005,77945000000.0,OWID,5448097.0,14.306830440060079
PRY,2006,77889000000.0,OWID,5505148.0,14.148393467350923
PRY,2007,87307000000.0,OWID,5559386.0,15.704432108150073
PRY,2008,77816000000.0,OWID,5613574.0,13.86211351271044
PRY,2009,83524000000.0,OWID,5671236.0,14.72765372486703
PRY,2010,83436000000.0,OWID,5737971.0,14.54102852733135
PRY,2011,84317000000.0,OWID,5814626.0,14.500846658065367
PRY,2012,83936000000.0,OWID,5897008.0,14.233658831732974
PRY,2013,86775000000.0,OWID,5982445.0,14.504939034124009
PRY,2014,87517000000.0,OWID,6069811.0,14.418406108526279
PRY,2015,89516000000.0,OWID,6159103.0,14.533934568069409
PRY,2016,86512000000.0,OWID,6249126.0,13.843855924812527
PRY,2017,85337000000.0,OWID,6338660.0,13.462940116680812
PRY,2018,78359000000.0,OWID,6427382.0,12.191433463889341
PRY,2019,74159000000.0,OWID,6515058.0,11.382707567607225
PRY,2020,71545000000.0,OWID,6603739.0,10.83401388213556
PRY,2021,70505000000.0,OWID,6684182.0,10.54803714201678
PRY,2022,67266000000.00001,OWID,6760464.0,9.949908763658826
PRY,2023,67378000000.0,OWID,6844146.0,9.84461757537025
PSE,2000,68238000000.0,OWID,2922153.0,23.35196001030747
PSE,2001,68238000000.0,OWID,2997784.0,22.76281413203887
PSE,2002,68238000000.0,OWID,3075373.0,22.188528025706148
PSE,2003,68238000000.0,OWID,3154969.0,21.62873866589497
PSE,2004,68238000000.0,OWID,3236626.0,21.083066131211947
PSE,2005,68238000000.0,OWID,3320396.0,20.55116317451292
PSE,2006,68238000000.0,OWID,3406334.0,20.032680295003367
PSE,2007,68238000000.0,OWID,3494496.0,19.52727947034422
PSE,2008,68238000000.0,OWID,3591977.0,18.99733767783034
PSE,2009,68238000000.0,OWID,3689099.0,18.497199451681833
PSE,2010,68238000000.0,OWID,3786161.0,18.02300536083912
PSE,2011,68238000000.0,OWID,3882986.0,17.573588985383928
PSE,2012,68238000000.0,OWID,3979998.0,17.14523474634912
PSE,2013,68238000000.0,OWID,4076708.0,16.738505676639093
PSE,2014,68238000000.0,OWID,4173398.0,16.350705108882497
PSE,2015,68238000000.0,OWID,4270092.0,15.98045194342417
PSE,2016,68238000000.0,OWID,4367088.0,15.625515217462988
PSE,2017,68238000000.0,OWID,4454805.0,15.317842195112917
PSE,2018,68238000000.0,OWID,4569087.0,14.934712339686245
PSE,2019,68238000000.0,OWID,4685306.0,14.56425684896568
PSE,2020,68238000000.0,OWID,4803269.0,14.206574730667802
PSE,2021,68238000000.0,OWID,4922749.0,13.861767073641172
PSE,2022,68238000000.0,OWID,5043612.0,13.529589508471311
PSE,2023,68238000000.0,OWID,5165775.0,13.209634565965416
QAT,2000,68238000000.0,OWID,644989.0,105.7971531297433
QAT,2001,69435000000.0,OWID,677925.0,102.42283438433455
QAT,2002,67992000000.00001,OWID,711205.0,95.60112766361318
QAT,2003,72963000000.0,OWID,744682.0,97.97873454709527
QAT,2004,71636000000.0,OWID,773332.0,92.63291833261782
QAT,2005,68797000000.0,OWID,825408.0,83.34908312010545
QAT,2006,81135000000.0,OWID,972831.0,83.40091958418266
QAT,2007,82342000000.0,OWID,1208595.0,68.13034970358143
QAT,2008,84398000000.0,OWID,1426938.0,59.14622779686294
QAT,2009,87298000000.0,OWID,1608903.0,54.2593307365329
QAT,2010,94091000000.0,OWID,1616832.0,58.19466710208605
QAT,2011,104464000000.0,OWID,1624761.0,64.29499477153871
QAT,2012,116487000000.0,OWID,1722438.0,67.62913962650615
QAT,2013,115297000000.0,OWID,1916426.0,60.16251084049163
QAT,2014,115498000000.0,OWID,2151745.0,53.676434707644255
QAT,2015,117412000000.0,OWID,2344557.0,50.07854362252656
QAT,2016,115646000000.0,OWID,2477113.0,46.68579915409592
QAT,2017,129239000000.0,OWID,2545820.0,50.76517585689483
QAT,2018,126028000000.0,OWID,2580734.0,48.83416888373618
QAT,2019,124036000000.0,OWID,2638657.0,47.0072464894073
QAT,2020,123802000000.0,OWID,2794148.0,44.30760289004019
QAT,2021,126930000000.0,OWID,2504910.0,50.67247925075152
QAT,2022,132490000000.00002,OWID,2657333.0,49.85826014278226
QAT,2023,142986000000.0,OWID,2656032.0,53.83444175371381
ROU,2000,121372000000.0,OWID,22442971.0,5.408018394712536
ROU,2001,127342000000.0,OWID,22131970.0,5.753758025155466
ROU,2002,129431000000.00002,OWID,21730496.0,5.95619170404578
ROU,2003,127500000000.0,OWID,21574326.0,5.909802234378028
ROU,2004,133131000000.0,OWID,21451748.0,6.206067682689541
ROU,2005,127173000000.0,OWID,21319685.0,5.965050609331235
ROU,2006,125371000000.0,OWID,21193760.0,5.915467571587109
ROU,2007,132044000000.00002,OWID,20882982.0,6.323043327815922
ROU,2008,132574000000.00002,OWID,20537875.0,6.455098202710846
ROU,2009,130857000000.0,OWID,20367487.0,6.4247985036151
ROU,2010,117485000000.0,OWID,20246871.0,5.802625008081495
ROU,2011,118390000000.0,OWID,20147528.0,5.8761551293042
ROU,2012,118026000000.0,OWID,20058035.0,5.884225448803933
ROU,2013,106361000000.0,OWID,19983693.0,5.3223896103688135
ROU,2014,107450000000.0,OWID,19908979.0,5.397062300382154
ROU,2015,102401000000.0,OWID,19815616.0,5.167691985956934
ROU,2016,101420000000.0,OWID,19702267.0,5.147630980739424
ROU,2017,109876000000.0,OWID,19588715.0,5.609147920116251
ROU,2018,125696000000.0,OWID,19473970.0,6.45456473436079
ROU,2019,106973000000.0,OWID,19371648.0,5.522142463047026
ROU,2020,105114000000.0,OWID,19265250.0,5.456145131778721
ROU,2021,103508000000.0,OWID,19122059.0,5.413015408016469
ROU,2022,96861000000.0,OWID,19048502.0,5.084966786364618
ROU,2023,90866000000.0,OWID,19061062.0,4.767100594919633
RUS,2000,1936878000000.0,OWID,146596869.0,13.212273994746779
RUS,2001,1968043000000.0,OWID,145976482.0,13.481918272287176
RUS,2002,1928560000000.0,OWID,145306497.0,13.27235904668461
RUS,2003,2012192000000.0,OWID,144648618.0,13.910896818938152
RUS,2004,1980465000000.0,OWID,144067316.0,13.746802918158064
RUS,2005,2048454000000.0002,OWID,143518814.0,14.273069452761783
RUS,2006,2128038000000.0,OWID,143049637.0,14.876220902259263
RUS,2007,2196391999999.9998,OWID,142805114.0,15.380345552610951
RUS,2008,2169993000000.0,OWID,142742366.0,15.202164997040892
RUS,2009,2249519000000.0,OWID,142785348.0,15.75455067000292
RUS,2010,2466123000000.0,OWID,142849468.0,17.263788479772288
RUS,2011,2279537000000.0,OWID,143018195.0,15.938790165824704
RUS,2012,2534269000000.0,OWID,143378447.0,17.675383246409414
RUS,2013,2371683000000.0,OWID,143805638.0,16.492281060635467
RUS,2014,2267960000000.0,OWID,144237223.0,15.72381908656131
RUS,2015,2536790000000.0,OWID,144640716.0,17.538560857234692
RUS,2016,2545686000000.0,OWID,145015460.0,17.554583490615418
RUS,2017,2560467000000.0,OWID,145293260.0,17.622751392597287
RUS,2018,2531217000000.0,OWID,145398106.0,17.408871887230774
RUS,2019,2521286000000.0,OWID,145453291.0,17.333990744836427
RUS,2020,2380631000000.0,OWID,145245148.0,16.390433916594585
RUS,2021,2488215000000.0,OWID,144746762.0,17.19012546892068
RUS,2022,2600790000000.0,OWID,144236933.0,18.031373420842222
RUS,2023,2672965000000.0,OWID,143826130.0,18.584696675075662
RWA,2000,9680000000.0,OWID,8213931.0,1.1784856726943531
RWA,2001,8780000000.0,OWID,8287094.0,1.0594787509348873
RWA,2002,7440000000.0,OWID,8400180.0,0.8856953065291457
RWA,2003,7131000000.0,OWID,8586875.0,0.8304534536720286
RWA,2004,6831000000.0,OWID,8816844.0,0.7747670254798655
RWA,2005,6698000000.0,OWID,9054528.0,0.7397403818288485
RWA,2006,7195000000.0,OWID,9299246.0,0.7737186434254992
RWA,2007,7216000000.0,OWID,9549933.0,0.7556073953607841
RWA,2008,7491000000.0,OWID,9804269.0,0.7640549234216238
RWA,2009,8170000000.0,OWID,10060432.0,0.8120923634293239
RWA,2010,8473000000.000001,OWID,10317553.0,0.8212218536701484
RWA,2011,8686000000.0,OWID,10573733.0,0.8214695793812837
RWA,2012,8552000000.0,OWID,10829901.0,0.7896655749669365
RWA,2013,8671000000.0,OWID,11093340.0,0.7816401552643298
RWA,2014,8380000000.000001,OWID,11364757.0,0.737367283787942
RWA,2015,8899000000.0,OWID,11640022.0,0.7645174553793799
RWA,2016,8762000000.0,OWID,11919183.0,0.7351174992447049
RWA,2017,8025000000.0,OWID,12202060.0,0.6576758350639155
RWA,2018,8112000000.0,OWID,12487996.0,0.6495838083228085
RWA,2019,9237000000.0,OWID,12776103.0,0.7229904142131603
RWA,2020,10452000000.0,OWID,13065837.0,0.7999487518480446
RWA,2021,9955000000.0,OWID,13355260.0,0.7453991910303506
RWA,2022,9901000000.0,OWID,13651030.0,0.725293256259784
RWA,2023,9722000000.0,OWID,13954471.0,0.6966942709616151
SAU,2000,380727000000.0,OWID,16177722.0,23.534030316505625
SAU,2001,395161000000.0,OWID,17041397.0,23.188298471070183
SAU,2002,416548000000.0,OWID,17910910.0,23.25666311761937
SAU,2003,431705000000.0,OWID,18786767.0,22.97920658727497
SAU,2004,490099000000.0,OWID,19669480.0,24.916723777141033
SAU,2005,500341000000.0,OWID,20559890.0,24.335781952140795
SAU,2006,536061000000.00006,OWID,21459144.0,24.98053976430747
SAU,2007,515097000000.0,OWID,22368313.0,23.027977121028304
SAU,2008,564422000000.0,OWID,23287877.0,24.236730552982568
SAU,2009,594487000000.0,OWID,24217654.0,24.547670885049392
SAU,2010,648605000000.0,OWID,23978487.0,27.049454788369257
SAU,2011,642020000000.0,OWID,25091867.0,25.58677678309071
SAU,2012,712403000000.0,OWID,26168861.0,27.223309413428424
SAU,2013,689070000000.0,OWID,27624004.0,24.944609767649904
SAU,2014,693590000000.0,OWID,28309273.0,24.500452554892526
SAU,2015,737013000000.0,OWID,29816382.0,24.718391386319105
SAU,2016,757190000000.0,OWID,30954198.0,24.461625528143227
SAU,2017,758852000000.0,OWID,30977355.0,24.496991431321362
SAU,2018,769681000000.0,OWID,30196281.0,25.489264721042964
SAU,2019,823834000000.0,OWID,30063799.0,27.402857503138577
SAU,2020,770185000000.0,OWID,31552510.0,24.409626999563585
SAU,2021,812104000000.0,OWID,30784383.0,26.380389043366566
SAU,2022,795183000000.0,OWID,32175224.0,24.714140296272685
SAU,2023,802465000000.0,OWID,33702731.0,23.8100882685145
SDN,2000,97251000000.0,OWID,27816745.0,3.4961315567295888
SDN,2001,103033000000.0,OWID,28516770.0,3.6130669777818456
SDN,2002,154745000000.0,OWID,29228727.0,5.294277783633889
SDN,2003,136858000000.0,OWID,29896035.0,4.577797691232299
SDN,2004,147159000000.0,OWID,30556637.0,4.815942277941122
SDN,2005,130106000000.0,OWID,31262444.0,4.1617347639231275
SDN,2006,137849000000.0,OWID,31992435.0,4.308799877220974
SDN,2007,134021999999.99998,OWID,32764135.0,4.090509332842145
SDN,2008,142627000000.0,OWID,33623980.0,4.241823841199048
SDN,2009,127873000000.0,OWID,34569113.0,3.699053545284775
SDN,2010,159714000000.0,OWID,35414399.0,4.5098605231166005
SDN,2011,217461000000.0,OWID,36140806.0,6.017048983356929
SDN,2012,167277000000.0,OWID,36923178.0,4.530406348012622
SDN,2013,144822000000.0,OWID,37785849.0,3.8327046720585796
SDN,2014,145365000000.0,OWID,38823318.0,3.7442703892542104
SDN,2015,143055000000.0,OWID,40024431.0,3.5741919728977534
SDN,2016,148726000000.0,OWID,41259892.0,3.6046143795044348
SDN,2017,149869000000.0,OWID,42714306.0,3.50863712967735
SDN,2018,141396000000.0,OWID,44230596.0,3.196791650738778
SDN,2019,135061000000.0,OWID,45548175.0,2.9652340626161204
SDN,2020,137364000000.0,OWID,46789231.0,2.935803753645791
SDN,2021,134032000000.00002,OWID,48066924.0,2.788445543134818
SDN,2022,132961000000.00002,OWID,49383346.0,2.692425904068955
SDN,2023,133362000000.0,OWID,50042791.0,2.6649592745536514
SEN,2000,18593000000.0,OWID,9968260.0,1.8652202089431857
SEN,2001,14372000000.0,OWID,10212942.0,1.407234076135946
SEN,2002,12995000000.0,OWID,10466214.0,1.241614207391517
SEN,2003,15419000000.0,OWID,10721176.0,1.4381817815508298
SEN,2004,21479000000.0,OWID,10975704.0,1.9569587518030735
SEN,2005,16210000000.0,OWID,11235472.0,1.4427520267951361
SEN,2006,17045000000.000002,OWID,11500094.0,1.4821617979818253
SEN,2007,42714000000.0,OWID,11770344.0,3.628950861589092
SEN,2008,33452000000.0,OWID,12048959.0,2.7763394331410707
SEN,2009,29540000000.0,OWID,12337389.0,2.394347782987146
SEN,2010,22937000000.0,OWID,12635413.0,1.8152948384037784
SEN,2011,22721000000.0,OWID,12958897.0,1.7533128012360928
SEN,2012,21433000000.0,OWID,13310495.0,1.6102331280692415
SEN,2013,22045000000.0,OWID,13710849.0,1.6078508340366087
SEN,2014,34797000000.0,OWID,14152102.0,2.4587866876595434
SEN,2015,30478000000.0,OWID,14593331.0,2.088488227944669
SEN,2016,30017000000.0,OWID,15034521.0,1.9965384996302842
SEN,2017,29531000000.0,OWID,15475002.0,1.9083034690399392
SEN,2018,29986000000.0,OWID,15914498.0,1.8841938966595115
SEN,2019,31828000000.0,OWID,16352922.0,1.9463188291364686
SEN,2020,32688000000.000004,OWID,16789219.0,1.9469637033146094
SEN,2021,32138000000.0,OWID,17220867.0,1.8662242731449004
SEN,2022,34156999999.999996,OWID,17651103.0,1.9351198619145782
SEN,2023,34781000000.0,OWID,18077573.0,1.9239861457066167
SGP,2000,47347000000.0,OWID,4027887.0,11.754798483671465
SGP,2001,49493000000.0,OWID,4138012.0,11.960574304762769
SGP,2002,43858000000.0,OWID,4175950.0,10.50252038458315
SGP,2003,43615000000.0,OWID,4114826.0,10.59947613823768
SGP,2004,45403000000.0,OWID,4166664.0,10.896726973905263
SGP,2005,43996000000.0,OWID,4265762.0,10.313749337164145
SGP,2006,45015000000.0,OWID,4401365.0,10.227508965968513
SGP,2007,45700000000.0,OWID,4588599.0,9.959466930973921
SGP,2008,44426000000.0,OWID,4839396.0,9.180071232029782
SGP,2009,44866000000.0,OWID,4987573.0,8.995557558756532
SGP,2010,49569000000.0,OWID,5076732.0,9.763958388979367
SGP,2011,52152000000.0,OWID,5183688.0,10.060790695736317
SGP,2012,51136000000.0,OWID,5312437.0,9.625714149645447
SGP,2013,52730000000.0,OWID,5399162.0,9.766330404607233
SGP,2014,53595000000.0,OWID,5469724.0,9.798483433533393
SGP,2015,55433000000.0,OWID,5535002.0,10.014991864501583
SGP,2016,54896000000.0,OWID,5607283.0,9.790124735990675
SGP,2017,56491000000.0,OWID,5612253.0,10.065654559764145
SGP,2018,56663000000.0,OWID,5638676.0,10.048990223946188
SGP,2019,55530000000.0,OWID,5703569.0,9.736009154969459
SGP,2020,53023000000.0,OWID,5685807.0,9.325501199741742
SGP,2021,56702000000.0,OWID,5453566.0,10.397233663258131
SGP,2022,55715000000.0,OWID,5637022.0,9.88376486733598
SGP,2023,58302000000.0,OWID,5917648.0,9.85222507320476
SLE,2000,34780000000.0,OWID,4423611.0,7.862354985553657
SLE,2001,55928000000.0,OWID,4692716.0,11.91804490192886
SLE,2002,79887000000.0,OWID,4971435.0,16.06920335878876
SLE,2003,77814000000.0,OWID,5177687.0,15.028718421951734
SLE,2004,64509000000.0,OWID,5355717.0,12.044885866822312
SLE,2005,78772000000.0,OWID,5501712.0,14.317725100841338
SLE,2006,46770000000.0,OWID,5624466.0,8.315456080630588
SLE,2007,38216000000.0,OWID,5749352.0,6.647009958687518
SLE,2008,36703000000.0,OWID,5894722.0,6.226417462943969
SLE,2009,40592000000.0,OWID,6055646.0,6.703165938035347
SLE,2010,38766000000.0,OWID,6222714.0,6.22975762665615
SLE,2011,29214000000.0,OWID,6387251.0,4.5737986498416925
SLE,2012,30600000000.0,OWID,6551080.0,4.670985547421188
SLE,2013,24145000000.0,OWID,6714051.0,3.5961895433919104
SLE,2014,21210000000.0,OWID,6876385.0,3.0844695286840396
SLE,2015,18675000000.0,OWID,7037655.0,2.653582763008417
SLE,2016,18846000000.0,OWID,7205328.0,2.6155644822831103
SLE,2017,17912000000.0,OWID,7379299.0,2.42733083454133
SLE,2018,17187000000.0,OWID,7554563.0,2.275048867816709
SLE,2019,15587000000.0,OWID,7731991.0,2.0159102616648155
SLE,2020,15652000000.0,OWID,7912558.0,1.9781213610061372
SLE,2021,16882000000.000002,OWID,8094602.0,2.08558740750935
SLE,2022,16078000000.0,OWID,8276807.0,1.9425365361304183
SLE,2023,16596000000.0,OWID,8460512.0,1.9615834124459606
SLV,2000,15570000000.0,OWID,5943366.0,2.6197276089004107
SLV,2001,12149000000.0,OWID,5968060.0,2.0356698826754425
SLV,2002,10055000000.0,OWID,5986631.0,1.679575707939908
SLV,2003,10002000000.0,OWID,5998599.0,1.6673893354098182
SLV,2004,7851000000.0,OWID,6004671.0,1.3074821251655584
SLV,2005,7494000000.0,OWID,6005578.0,1.2478399248165621
SLV,2006,9883000000.0,OWID,6002319.0,1.6465302827123982
SLV,2007,10042000000.0,OWID,6009824.0,1.6709307959767208
SLV,2008,9120000000.0,OWID,6029297.0,1.5126141571728842
SLV,2009,9631000000.0,OWID,6048279.0,1.5923537918803017
SLV,2010,9277000000.0,OWID,6068249.0,1.5287770821533526
SLV,2011,9029000000.0,OWID,6090127.0,1.482563499907309
SLV,2012,9375000000.0,OWID,6113975.0,1.5333723150650762
SLV,2013,8740000000.0,OWID,6138839.0,1.4237219773967031
SLV,2014,9875000000.0,OWID,6162955.0,1.6023157722229027
SLV,2015,9081000000.0,OWID,6183676.0,1.468543953467161
SLV,2016,8484000000.0,OWID,6200800.0,1.3682105534769708
SLV,2017,7736000000.0,OWID,6213533.0,1.2450243685838636
SLV,2018,8188000000.000001,OWID,6219807.0,1.3164395615490965
SLV,2019,8837000000.0,OWID,6222318.0,1.4202102817631628
SLV,2020,6529000000.0,OWID,6234673.0,1.0472080893416544
SLV,2021,7705000000.0,OWID,6255782.0,1.2316605661770184
SLV,2022,8763000000.0,OWID,6280319.0,1.3953112891240078
SLV,2023,9409000000.0,OWID,6309624.0,1.491214056495284
SMR,2000,38340000000.0,OWID,26799.0,1430.650397402888
SMR,2001,38340000000.0,OWID,27143.0,1412.518881479571
SMR,2002,38340000000.0,OWID,27491.0,1394.638245243898
SMR,2003,38340000000.0,OWID,27843.0,1377.0067880616314
SMR,2004,38340000000.0,OWID,29457.0,1301.558203483043
SMR,2005,38340000000.0,OWID,29836.0,1285.0248022523126
SMR,2006,38340000000.0,OWID,30184.0,1270.2093824542806
SMR,2007,38340000000.0,OWID,31211.0,1228.4130594982537
SMR,2008,38340000000.0,OWID,31662.0,1210.9152927799887
SMR,2009,38340000000.0,OWID,33066.0,1159.4991834512794
SMR,2010,38340000000.0,OWID,33270.0,1152.3895401262398
SMR,2011,38340000000.0,OWID,32620.0,1175.352544451257
SMR,2012,38340000000.0,OWID,33469.0,1145.5376617168126
SMR,2013,38340000000.0,OWID,33041.0,1160.3765019218547
SMR,2014,38340000000.0,OWID,32655.0,1174.0927882406982
SMR,2015,38340000000.0,OWID,32897.0,1165.455816639815
SMR,2016,38340000000.0,OWID,33101.0,1158.2731639527506
SMR,2017,38340000000.0,OWID,33825.0,1133.4811529933481
SMR,2018,38340000000.0,OWID,34522.0,1110.5961415908696
SMR,2019,38340000000.0,OWID,34663.0,1106.0785275365663
SMR,2020,38340000000.0,OWID,34770.0,1102.67471958585
SMR,2021,38340000000.0,OWID,34252.0,1119.3506948499357
SMR,2022,38340000000.0,OWID,33755.0,1135.8317286327951
SMR,2023,38340000000.0,OWID,33860.0,1132.309509746013
SOM,2000,38340000000.0,OWID,8838713.0,4.337735595668736
SOM,2001,39888000000.0,OWID,9198493.0,4.336362488942481
SOM,2002,42200000000.0,OWID,9550063.0,4.418819017214861
SOM,2003,43690000000.0,OWID,9909157.0,4.409053161636252
SOM,2004,42568000000.0,OWID,10280998.0,4.140454068758694
SOM,2005,41804000000.0,OWID,10644228.0,3.9273867489497594
SOM,2006,40862000000.0,OWID,10975502.0,3.7230187739932075
SOM,2007,43333000000.0,OWID,11322582.0,3.8271305961838036
SOM,2008,42910000000.0,OWID,11663084.0,3.6791298082051025
SOM,2009,43015000000.0,OWID,11961201.0,3.5962107818437294
SOM,2010,41904000000.0,OWID,12261756.0,3.4174550529304284
SOM,2011,42619000000.0,OWID,12348830.0,3.4512581353861056
SOM,2012,46218000000.0,OWID,12461160.0,3.70896449447724
SOM,2013,44618000000.0,OWID,12869594.0,3.4669314354438843
SOM,2014,43681000000.0,OWID,13339491.0,3.2745627250694946
SOM,2015,43199000000.0,OWID,13806963.0,3.128783643441356
SOM,2016,43381000000.0,OWID,14348740.0,3.0233316653587705
SOM,2017,43804000000.0,OWID,14916629.0,2.936588420882493
SOM,2018,44313000000.0,OWID,15452487.0,2.867693724641218
SOM,2019,45189000000.0,OWID,16030971.0,2.818856075530297
SOM,2020,45825000000.0,OWID,16651191.0,2.7520553935150947
SOM,2021,46041000000.0,OWID,17271431.0,2.665731635091499
SOM,2022,46769000000.0,OWID,17801897.0,2.627191922299067
SOM,2023,47221000000.0,OWID,18358615.0,2.572143922621614
SRB,2000,44701000000.0,OWID,7516346.0,5.947171670915628
SRB,2001,47588000000.0,OWID,7503433.0,6.342163646959998
SRB,2002,50703000000.0,OWID,7500031.0,6.760372057128831
SRB,2003,54626000000.0,OWID,7480591.0,7.30236421159772
SRB,2004,62259000000.0,OWID,7463157.0,8.34218012564924
SRB,2005,44809000000.0,OWID,7440769.0,6.022092608976303
SRB,2006,48668000000.0,OWID,7411569.0,6.5664908469448235
SRB,2007,49202000000.0,OWID,7381579.0,6.665511538926834
SRB,2008,47469000000.0,OWID,7350222.0,6.458172283775919
SRB,2009,43860000000.0,OWID,7320807.0,5.991142779750921
SRB,2010,42878000000.0,OWID,7291436.0,5.8805974570715565
SRB,2011,45504000000.0,OWID,7236519.0,6.288106201337963
SRB,2012,39118000000.0,OWID,7201497.0,5.431926167573214
SRB,2013,41275000000.0,OWID,7166553.0,5.759393672243824
SRB,2014,33439000000.0,OWID,7131787.0,4.688726682386897
SRB,2015,41177000000.0,OWID,7095383.0,5.803351277866184
SRB,2016,42954000000.0,OWID,7058322.0,6.085582380628143
SRB,2017,44107000000.0,OWID,7020858.0,6.28228059875303
SRB,2018,42587000000.0,OWID,6982604.0,6.09901406409414
SRB,2019,43692000000.0,OWID,6945235.0,6.290931840319298
SRB,2020,46147000000.0,OWID,6899126.0,6.6888182648062955
SRB,2021,43459000000.0,OWID,6834326.0,6.358929907645611
SRB,2022,44793000000.0,OWID,6664449.0,6.721185802457187
SRB,2023,43369000000.0,OWID,6623183.0,6.548060049073081
SSD,2000,61575000000.0,OWID,6032267.0,10.207605200499248
SSD,2001,52191000000.0,OWID,6308391.0,8.273266511222909
SSD,2002,64209999999.99999,OWID,6596806.0,9.733498302057086
SSD,2003,61886000000.0,OWID,6903127.0,8.964922708216147
SSD,2004,64434000000.0,OWID,7233041.0,8.908286293413793
SSD,2005,65174000000.00001,OWID,7590143.0,8.586662991724927
SSD,2006,61630000000.0,OWID,7976526.0,7.726421251557382
SSD,2007,65000000000.0,OWID,8388788.0,7.7484375573682405
SSD,2008,50872000000.0,OWID,8817647.0,5.769339598194393
SSD,2009,69700000000.0,OWID,9243556.0,7.540388136340604
SSD,2010,68565000000.0,OWID,9745953.0,7.0352278530380765
SSD,2011,79020000000.0,OWID,10288109.0,7.6807117809502214
SSD,2012,69834000000.0,OWID,10756240.0,6.492417424676281
SSD,2013,63256000000.0,OWID,11166275.0,5.664915112694252
SSD,2014,59212000000.0,OWID,11235073.0,5.27028173292688
SSD,2015,62401000000.0,OWID,11107561.0,5.617884970426902
SSD,2016,63850000000.0,OWID,10830102.0,5.895604676668789
SSD,2017,60376000000.0,OWID,10259154.0,5.8850856513119885
SSD,2018,66107000000.0,OWID,10122977.0,6.530391208040875
SSD,2019,52133000000.0,OWID,10423384.0,5.001542685177865
SSD,2020,67141999999.99999,OWID,10698467.0,6.275852418855897
SSD,2021,61663000000.0,OWID,10865780.0,5.674972252337154
SSD,2022,58185000000.0,OWID,11021177.0,5.279381684914415
SSD,2023,58376000000.0,OWID,11483374.0,5.083523361687949
STP,2000,180000000.0,OWID,144018.0,1.249843769528809
STP,2001,137000000.0,OWID,146375.0,0.9359521776259607
STP,2002,129000000.0,OWID,149922.0,0.8604474326649857
STP,2003,166000000.0,OWID,153814.0,1.0792255581416517
STP,2004,138000000.0,OWID,157705.0,0.8750515202434926
STP,2005,135000000.0,OWID,161639.0,0.8351944765805283
STP,2006,133000000.0,OWID,165638.0,0.8029558434658713
STP,2007,125000000.0,OWID,169700.0,0.7365939893930465
STP,2008,136000000.0,OWID,173793.0,0.7825401483373898
STP,2009,142000000.0,OWID,177853.0,0.7984121718497861
STP,2010,261000000.0,OWID,181802.0,1.4356277708716074
STP,2011,232000000.0,OWID,185649.0,1.2496700763268318
STP,2012,196000000.0,OWID,189439.0,1.034633839916807
STP,2013,273000000.0,OWID,193148.0,1.4134239029138278
STP,2014,234000000.0,OWID,196767.0,1.1892238027718063
STP,2015,389000000.0,OWID,200291.0,1.9421741366312018
STP,2016,339000000.0,OWID,203689.0,1.6643019505226104
STP,2017,331000000.0,OWID,206970.0,1.5992655940474465
STP,2018,270000000.0,OWID,210187.0,1.2845704063524386
STP,2019,276000000.0,OWID,213392.0,1.2933943165629453
STP,2020,308000000.0,OWID,217435.0,1.4165152804286338
STP,2021,274000000.0,OWID,221961.0,1.2344510972648348
STP,2022,290000000.0,OWID,226305.0,1.2814564415280263
STP,2023,298000000.0,OWID,230871.0,1.2907641063624276
SUR,2000,5898000000.0,OWID,476643.0,12.374040948886273
SUR,2001,5222000000.0,OWID,486560.0,10.732489312726077
SUR,2002,6051000000.0,OWID,496551.0,12.186059438003348
SUR,2003,6064000000.0,OWID,506414.0,11.974392493098533
SUR,2004,4622000000.0,OWID,513923.0,8.993565183889416
SUR,2005,4345000000.0,OWID,519313.0,8.366823091276359
SUR,2006,4045000000.0,OWID,524997.0,7.7048059322243745
SUR,2007,4429000000.0,OWID,531016.0,8.340614972053572
SUR,2008,7215000000.0,OWID,537245.0,13.429627078893242
SUR,2009,5318000000.0,OWID,543568.0,9.783504547729079
SUR,2010,5971000000.0,OWID,549923.0,10.85788374008725
SUR,2011,5594000000.0,OWID,556269.0,10.056285717881098
SUR,2012,7901000000.0,OWID,562633.0,14.04290185609447
SUR,2013,8304000000.0,OWID,569020.0,14.593511651611543
SUR,2014,7305000000.0,OWID,575373.0,12.696111913489164
SUR,2015,6324000000.0,OWID,581627.0,10.872947782685467
SUR,2016,6740000000.0,OWID,587757.0,11.467324081210432
SUR,2017,6296000000.0,OWID,593713.0,10.604450298376488
SUR,2018,5794000000.0,OWID,599513.0,9.664511028117822
SUR,2019,6456000000.0,OWID,605768.0,10.657545462949512
SUR,2020,6322000000.0,OWID,612317.0,10.324717425777823
SUR,2021,5814000000.0,OWID,617896.0,9.409350440850886
SUR,2022,5806000000.0,OWID,623164.0,9.31696952969042
SUR,2023,5674000000.0,OWID,628886.0,9.022302929306743
SVK,2000,53077000000.0,OWID,5388720.0,9.84964889621283
SVK,2001,55529000000.0,OWID,5378867.0,10.323549550490837
SVK,2002,54754000000.0,OWID,5376912.0,10.1831683315628
SVK,2003,54269000000.0,OWID,5373374.0,10.09961339002273
SVK,2004,56521000000.0,OWID,5372280.0,10.520858927680612
SVK,2005,58055000000.0,OWID,5372807.0,10.805338810792943
SVK,2006,59787000000.0,OWID,5373054.0,11.127191351510705
SVK,2007,60085000000.0,OWID,5374622.0,11.179390848323845
SVK,2008,61854000000.0,OWID,5379233.0,11.498665330168818
SVK,2009,59484000000.0,OWID,5386406.0,11.043356182211294
SVK,2010,62615000000.0,OWID,5391428.0,11.613806212380098
SVK,2011,64084000000.0,OWID,5398384.0,11.870959902074398
SVK,2012,62985000000.0,OWID,5407579.0,11.647541348910483
SVK,2013,65305000000.00001,OWID,5413393.0,12.063598560089764
SVK,2014,66852000000.00001,OWID,5418649.0,12.337392586233213
SVK,2015,73589000000.0,OWID,5423801.0,13.567791296177719
SVK,2016,65068000000.0,OWID,5430798.0,11.981296303047912
SVK,2017,57518000000.0,OWID,5439232.0,10.574654657128065
SVK,2018,50168000000.0,OWID,5446771.0,9.210594680775086
SVK,2019,42057000000.0,OWID,5454147.0,7.7110132895208
SVK,2020,34839000000.0,OWID,5458827.0,6.382140338940948
SVK,2021,35216000000.0,OWID,5447247.0,6.464917048923979
SVK,2022,27779000000.0,OWID,5431752.0,5.11418783479069
SVK,2023,24144000000.0,OWID,5426740.0,4.4490799264383405
SVN,2000,19747000000.0,OWID,1988925.0,9.928478952197795
SVN,2001,21474000000.0,OWID,1992060.0,10.779795789283455
SVN,2002,21722000000.0,OWID,1994530.0,10.890786300531953
SVN,2003,21986000000.0,OWID,1995733.0,11.016503710666708
SVN,2004,21897000000.0,OWID,1997012.0,10.964881533010317
SVN,2005,22154000000.0,OWID,2000474.0,11.07437537303659
SVN,2006,22415000000.0,OWID,2006868.0,11.169145155535888
SVN,2007,28518000000.0,OWID,2018122.0,14.13095937708424
SVN,2008,25546000000.0,OWID,2021316.0,12.638300988069158
SVN,2009,24040000000.0,OWID,2039669.0,11.786226098450289
SVN,2010,24797000000.0,OWID,2048583.0,12.104464402955603
SVN,2011,24869000000.0,OWID,2052843.0,12.11441888152187
SVN,2012,24918000000.0,OWID,2057159.0,12.11282161466372
SVN,2013,23812000000.0,OWID,2059953.0,11.55948703684016
SVN,2014,21596000000.0,OWID,2061980.0,10.473428452264328
SVN,2015,22033000000.0,OWID,2063531.0,10.677329296240279
SVN,2016,22963000000.0,OWID,2065042.0,11.119870685438844
SVN,2017,23209000000.0,OWID,2066388.0,11.231675754988899
SVN,2018,22046000000.0,OWID,2073894.0,10.630244361572965
SVN,2019,21796000000.0,OWID,2088385.0,10.436772913040459
SVN,2020,19748000000.0,OWID,2102419.0,9.392989694252192
SVN,2021,19679000000.0,OWID,2108079.0,9.335039151758545
SVN,2022,18801000000.0,OWID,2112076.0,8.901668311178197
SVN,2023,17749000000.0,OWID,2120461.0,8.370349655098586
SWE,2000,69902000000.0,OWID,8872109.0,7.87884819719866
SWE,2001,71973000000.0,OWID,8895960.0,8.090526486180243
SWE,2002,72766000000.0,OWID,8924958.0,8.153091588778345
SWE,2003,75363000000.0,OWID,8958229.0,8.412711932235714
SWE,2004,78748000000.0,OWID,8993531.0,8.75607144735477
SWE,2005,76726000000.0,OWID,9029572.0,8.497191228997345
SWE,2006,74935000000.0,OWID,9080505.0,8.252294338255417
SWE,2007,74248000000.0,OWID,9148092.0,8.1162279522331
SWE,2008,72347000000.0,OWID,9219637.0,7.847055149785181
SWE,2009,68712000000.0,OWID,9298515.0,7.389567043769893
SWE,2010,75368000000.0,OWID,9378126.0,8.036573618226072
SWE,2011,69135000000.0,OWID,9449213.0,7.31648233561885
SWE,2012,67444999999.99999,OWID,9519374.0,7.0850247085575155
SWE,2013,64433000000.00001,OWID,9600379.0,6.711505868674561
SWE,2014,62225000000.0,OWID,9696110.0,6.417522078441767
SWE,2015,62810000000.0,OWID,9799186.0,6.409716072334988
SWE,2016,63422000000.0,OWID,9923085.0,6.391359138816205
SWE,2017,63633000000.0,OWID,10057698.0,6.3267956544330515
SWE,2018,62154000000.0,OWID,10175214.0,6.10837275756559
SWE,2019,61677000000.0,OWID,10278887.0,6.000357820841887
SWE,2020,56409000000.0,OWID,10353442.0,5.448333027798871
SWE,2021,59835000000.0,OWID,10415811.0,5.744631887041729
SWE,2022,57260000000.0,OWID,10486941.0,5.460124167762553
SWE,2023,57466000000.0,OWID,10536632.0,5.453924935406304
SWZ,2000,2656000000.0,OWID,1041414.0,2.550378619838028
SWZ,2001,2152000000.0,OWID,1051064.0,2.0474490611418528
SWZ,2002,1983000000.0,OWID,1059441.0,1.8717417959093523
SWZ,2003,2005999999.9999998,OWID,1066700.0,1.8805662323052401
SWZ,2004,2057999999.9999998,OWID,1073159.0,1.9177027821599593
SWZ,2005,1824000000.0,OWID,1079022.0,1.6904196578012312
SWZ,2006,1872000000.0,OWID,1084436.0,1.7262429502524814
SWZ,2007,1966000000.0,OWID,1090705.0,1.8025038851018378
SWZ,2008,1958000000.0,OWID,1098091.0,1.7830944794192831
SWZ,2009,1890000000.0,OWID,1105153.0,1.7101704469878831
SWZ,2010,1718000000.0,OWID,1111650.0,1.5454504565285836
SWZ,2011,1660000000.0,OWID,1117833.0,1.4850160981112563
SWZ,2012,1694000000.0,OWID,1123863.0,1.5073011568135974
SWZ,2013,1705000000.0,OWID,1129990.0,1.5088629102912414
SWZ,2014,1684000000.0,OWID,1136299.0,1.4820042964043794
SWZ,2015,1614000000.0,OWID,1142813.0,1.412304550263254
SWZ,2016,1702000000.0,OWID,1149507.0,1.4806347416762142
SWZ,2017,1809000000.0,OWID,1158195.0,1.561913149340137
SWZ,2018,1750000000.0,OWID,1168929.0,1.4970969152104192
SWZ,2019,1823000000.0,OWID,1179874.0,1.5450802373812795
SWZ,2020,1637000000.0,OWID,1192729.0,1.372482768508186
SWZ,2021,1739000000.0,OWID,1206593.0,1.4412482087994873
SWZ,2022,1656000000.0,OWID,1218917.0,1.35858307005317
SWZ,2023,1744000000.0,OWID,1230506.0,1.4173031257060105
SXM,2000,388000000.0,OWID,30773.0,12.608455464205635
SXM,2001,388000000.0,OWID,30726.0,12.627741977478358
SXM,2002,388000000.0,OWID,30960.0,12.532299741602069
SXM,2003,388000000.0,OWID,31327.0,12.385482171928368
SXM,2004,388000000.0,OWID,31690.0,12.243609971599874
SXM,2005,388000000.0,OWID,32057.0,12.103440746170884
SXM,2006,388000000.0,OWID,32428.0,11.964968545701245
SXM,2007,388000000.0,OWID,32791.0,11.83251501936507
SXM,2008,388000000.0,OWID,33145.0,11.70613968924423
SXM,2009,388000000.0,OWID,33491.0,11.585201994565704
SXM,2010,388000000.0,OWID,33794.0,11.481328046398769
SXM,2011,388000000.0,OWID,34267.0,11.322847054016984
SXM,2012,388000000.0,OWID,35023.0,11.07843417182994
SXM,2013,388000000.0,OWID,35854.0,10.82166564400067
SXM,2014,388000000.0,OWID,36672.0,10.580279232111693
SXM,2015,388000000.0,OWID,37471.0,10.354674281444316
SXM,2016,388000000.0,OWID,38249.0,10.14405605375304
SXM,2017,388000000.0,OWID,38996.0,9.949738434711254
SXM,2018,388000000.0,OWID,39712.0,9.770346494762288
SXM,2019,388000000.0,OWID,40385.0,9.607527547356693
SXM,2020,388000000.0,OWID,41008.0,9.461568474444011
SXM,2021,388000000.0,OWID,41571.0,9.333429554256572
SXM,2022,388000000.0,OWID,42139.0,9.207622392557964
SXM,2023,388000000.0,OWID,42749.0,9.076235701419916
SYC,2000,388000000.0,OWID,81131.0,4.782388975853866
SYC,2001,410000000.0,OWID,81202.0,5.0491367207704245
SYC,2002,417000000.0,OWID,83723.0,4.980710199108967
SYC,2003,410000000.0,OWID,82781.0,4.952827339606914
SYC,2004,453000000.0,OWID,82475.0,5.49257350712337
SYC,2005,456000000.0,OWID,82858.0,5.503391344227474
SYC,2006,463000000.0,OWID,84600.0,5.472813238770685
SYC,2007,479000000.0,OWID,85033.0,5.633107146637188
SYC,2008,491000000.0,OWID,86956.0,5.646533879203275
SYC,2009,523000000.0,OWID,87298.0,5.990973447272561
SYC,2010,518000000.0,OWID,89770.0,5.770301882588838
SYC,2011,481000000.0,OWID,87441.0,5.5008520030649235
SYC,2012,498000000.0,OWID,88303.0,5.639672491308336
SYC,2013,494000000.0,OWID,89949.0,5.49200102280181
SYC,2014,542000000.0,OWID,91359.0,5.932639367768912
SYC,2015,585000000.0,OWID,93419.0,6.2621094209957295
SYC,2016,647000000.0,OWID,94677.0,6.833761103541515
SYC,2017,672000000.0,OWID,95843.0,7.011466669448995
SYC,2018,691000000.0,OWID,96762.0,7.14123312870755
SYC,2019,687000000.0,OWID,97625.0,7.037131882202305
SYC,2020,698000000.0,OWID,98462.0,7.089029270175296
SYC,2021,715000000.0,OWID,99258.0,7.203449596002338
SYC,2022,735000000.0,OWID,119878.0,6.131233420644322
SYC,2023,750000000.0,OWID,119773.0,6.261845324071368
SYR,2000,93023000000.0,OWID,16637888.0,5.591034150488331
SYR,2001,81565000000.0,OWID,17051338.0,4.783495582575397
SYR,2002,68102999999.99999,OWID,17468332.0,3.898655006099036
SYR,2003,85293000000.0,OWID,17889296.0,4.767823172024209
SYR,2004,77637000000.0,OWID,18336875.0,4.23392753672586
SYR,2005,78291000000.0,OWID,18814091.0,4.161295913791424
SYR,2006,81597000000.0,OWID,19637022.0,4.1552634610278485
SYR,2007,93452000000.0,OWID,20884125.0,4.474786470584714
SYR,2008,92241000000.0,OWID,21636564.0,4.263200016416655
SYR,2009,88980000000.0,OWID,21976969.0,4.048783979264838
SYR,2010,86595000000.0,OWID,22482421.0,3.8516759382808465
SYR,2011,83511000000.0,OWID,22878098.0,3.650259737500906
SYR,2012,65138999999.99999,OWID,22759763.0,2.862024529868786
SYR,2013,49284000000.0,OWID,21666917.0,2.27461987323808
SYR,2014,48800000000.0,OWID,20273659.0,2.407064260082504
SYR,2015,44281000000.0,OWID,19424618.0,2.2796329894363945
SYR,2016,42069000000.0,OWID,19193834.0,2.1917976366785292
SYR,2017,46334000000.0,OWID,19224668.0,2.410132648324538
SYR,2018,41529000000.0,OWID,19577845.0,2.1212242716192717
SYR,2019,43868000000.0,OWID,20353534.0,2.1553013840250053
SYR,2020,41566000000.0,OWID,21049429.0,1.9746853940788607
SYR,2021,40059000000.0,OWID,21628839.0,1.852110508566826
SYR,2022,38639000000.0,OWID,22462173.0,1.7201808569455859
SYR,2023,39091000000.0,OWID,23594623.0,1.656775783194332
TCA,2000,115000000.0,OWID,18730.0,6.139882541377469
TCA,2001,123000000.0,OWID,19576.0,6.2832039231712296
TCA,2002,160000000.0,OWID,20597.0,7.768121571102588
TCA,2003,159000000.0,OWID,21727.0,7.318083490587748
TCA,2004,170000000.0,OWID,22856.0,7.43787189359468
TCA,2005,196000000.0,OWID,23988.0,8.170752042688012
TCA,2006,226000000.0,OWID,25123.0,8.995740954503841
TCA,2007,263000000.0,OWID,26270.0,10.0114198705748
TCA,2008,275000000.0,OWID,27427.0,10.026616108214533
TCA,2009,287000000.0,OWID,28588.0,10.039177277179236
TCA,2010,293000000.0,OWID,29739.0,9.85238239349003
TCA,2011,294000000.0,OWID,30846.0,9.531219607080335
TCA,2012,294000000.0,OWID,32127.0,9.151181249416378
TCA,2013,298000000.0,OWID,33653.0,8.855079784863163
TCA,2014,319000000.0,OWID,35050.0,9.101283880171184
TCA,2015,327000000.0,OWID,36605.0,8.933205846195875
TCA,2016,337000000.0,OWID,38315.0,8.795510896515726
TCA,2017,362000000.0,OWID,39913.0,9.069726655475659
TCA,2018,369000000.0,OWID,41559.0,8.878943189200895
TCA,2019,372000000.0,OWID,43166.0,8.61789371264421
TCA,2020,368000000.0,OWID,44386.0,8.29090253683594
TCA,2021,375000000.0,OWID,45243.0,8.288575028181155
TCA,2022,373000000.0,OWID,45847.0,8.135755883700133
TCA,2023,372000000.0,OWID,46198.0,8.052296636218017
TCD,2000,50793000000.0,OWID,8512093.0,5.967157548678099
TCD,2001,45544000000.0,OWID,8804124.0,5.173030275357322
TCD,2002,50595000000.0,OWID,9116192.0,5.550014742997953
TCD,2003,60463000000.0,OWID,9487833.0,6.37268805216112
TCD,2004,61978000000.0,OWID,9920036.0,6.247759584743442
TCD,2005,58917000000.0,OWID,10328092.0,5.70453865050776
TCD,2006,57443000000.0,OWID,10706424.0,5.365283497085488
TCD,2007,58374000000.0,OWID,11081660.0,5.267622359826957
TCD,2008,65001000000.00001,OWID,11476296.0,5.663935471863048
TCD,2009,75291000000.0,OWID,11893754.0,6.330297398113329
TCD,2010,77110000000.0,OWID,12312575.0,6.262702968306792
TCD,2011,89415000000.0,OWID,12754997.0,7.010193730347408
TCD,2012,99696000000.0,OWID,13210998.0,7.546439716363593
TCD,2013,100792000000.0,OWID,13691079.0,7.361874107950148
TCD,2014,93966000000.0,OWID,14188678.0,6.622604304643462
TCD,2015,97566000000.0,OWID,14647621.0,6.660876875500807
TCD,2016,97330000000.0,OWID,15114655.0,6.439445690291972
TCD,2017,98426000000.0,OWID,15622759.0,6.30016759523718
TCD,2018,101524000000.0,OWID,16156531.0,6.2837746543487585
TCD,2019,103305000000.0,OWID,16685223.0,6.1914066117066575
TCD,2020,108371000000.0,OWID,17224679.0,6.291612168795715
TCD,2021,111908000000.0,OWID,17828273.0,6.276996094910595
TCD,2022,116667000000.0,OWID,18455316.0,6.321593192985696
TCD,2023,121536000000.0,OWID,19319064.0,6.290988010599271
TGO,2000,10088000000.0,OWID,5140037.0,1.9626317865027043
TGO,2001,8931000000.0,OWID,5277382.0,1.6923163795988239
TGO,2002,8839000000.0,OWID,5413274.0,1.6328380939150688
TGO,2003,8423000000.0,OWID,5552167.0,1.5170653188205616
TGO,2004,9082000000.0,OWID,5696508.0,1.5943100580215108
TGO,2005,11738000000.0,OWID,5844631.0,2.008338935340828
TGO,2006,9828000000.0,OWID,6010668.0,1.635092804992723
TGO,2007,10051000000.0,OWID,6188344.0,1.6241824953493214
TGO,2008,9868000000.0,OWID,6368812.0,1.5494255443558391
TGO,2009,9901000000.0,OWID,6551865.0,1.5111727729432765
TGO,2010,10248000000.0,OWID,6732590.0,1.5221482371568742
TGO,2011,15002000000.0,OWID,6916474.0,2.169024274507502
TGO,2012,11368000000.0,OWID,7100736.0,1.6009608018098407
TGO,2013,9602000000.0,OWID,7285442.0,1.3179708245566981
TGO,2014,8365000000.0,OWID,7472450.0,1.1194454295445269
TGO,2015,8849000000.0,OWID,7663195.0,1.1547402878303372
TGO,2016,9372000000.0,OWID,7858289.0,1.1926260283886225
TGO,2017,9931000000.0,OWID,8057140.0,1.232571359067858
TGO,2018,9893000000.0,OWID,8258778.0,1.1978769740511248
TGO,2019,9856000000.0,OWID,8463068.0,1.1645894845698983
TGO,2020,10837000000.0,OWID,8669720.0,1.2499826984031779
TGO,2021,10842000000.0,OWID,8878379.0,1.2211688642712821
TGO,2022,11653000000.0,OWID,9089738.0,1.281995146614787
TGO,2023,11976000000.0,OWID,9304337.0,1.2871416845713992
THA,2000,334337000000.0,OWID,63007815.0,5.306278276750273
THA,2001,343759000000.0,OWID,63651141.0,5.400673021713782
THA,2002,355795000000.0,OWID,64266437.0,5.5362490377364475
THA,2003,368632000000.0,OWID,64868166.0,5.682787455406093
THA,2004,388647000000.0,OWID,65452047.0,5.937889154177255
THA,2005,399267000000.0,OWID,66017420.0,6.04790371995755
THA,2006,402528000000.0,OWID,66567687.0,6.046897798927579
THA,2007,435268000000.0,OWID,67102394.0,6.486624009271561
THA,2008,428780000000.0,OWID,67619830.0,6.341039307552237
THA,2009,435926000000.0,OWID,68121080.0,6.399281984372532
THA,2010,459048000000.0,OWID,68579447.0,6.693667273228377
THA,2011,451980000000.0,OWID,69007208.0,6.549750570983831
THA,2012,456286000000.0,OWID,69436098.0,6.571308197646705
THA,2013,451940000000.0,OWID,69845114.0,6.4706029400997185
THA,2014,458372000000.0,OWID,70216367.0,6.527993679878083
THA,2015,445985000000.0,OWID,70540795.0,6.322369913749909
THA,2016,448417000000.0,OWID,70859841.0,6.328224755683547
THA,2017,446128000000.0,OWID,71160187.0,6.269348336591639
THA,2018,465432000000.0,OWID,71376079.0,6.520840126283765
THA,2019,480764000000.0,OWID,71522271.0,6.721878280403037
THA,2020,481440000000.0,OWID,71641484.0,6.720128801352021
THA,2021,444667000000.0,OWID,71727332.0,6.199408058283835
THA,2022,459034000000.0,OWID,71735329.0,6.398994838373153
THA,2023,449417000000.0,OWID,71702435.0,6.267806665143241
TJK,2000,7224000000.0,OWID,6284735.0,1.1494518066394208
TJK,2001,7327000000.0,OWID,6407377.0,1.143525658003267
TJK,2002,7282000000.0,OWID,6531669.0,1.1148758456682357
TJK,2003,7985000000.0,OWID,6658575.0,1.1992055357189788
TJK,2004,8791000000.0,OWID,6790547.0,1.2945937934013267
TJK,2005,9474000000.0,OWID,6924720.0,1.3681419609745953
TJK,2006,9577000000.0,OWID,7057566.0,1.3569834132617393
TJK,2007,10400000000.0,OWID,7194477.0,1.4455533042916116
TJK,2008,11193000000.0,OWID,7338403.0,1.5252637392631612
TJK,2009,9019000000.0,OWID,7490230.0,1.204101876711396
TJK,2010,8478999999.999999,OWID,7652141.0,1.1080559022631704
TJK,2011,8225000000.0,OWID,7824785.0,1.0511470922204253
TJK,2012,10458000000.0,OWID,8014084.0,1.3049526308933124
TJK,2013,11367000000.0,OWID,8216724.0,1.3833980549912592
TJK,2014,13881000000.0,OWID,8425552.0,1.6474884968961085
TJK,2015,15469000000.0,OWID,8643840.0,1.789598141566711
TJK,2016,16780000000.000002,OWID,8865631.0,1.892702279172233
TJK,2017,16995000000.000002,OWID,9085946.0,1.8704711650278354
TJK,2018,17680000000.0,OWID,9307333.0,1.8995774622010408
TJK,2019,18621000000.0,OWID,9529966.0,1.9539419133289668
TJK,2020,19374000000.0,OWID,9749310.0,1.9872175569347985
TJK,2021,19376000000.0,OWID,9966908.0,1.9440331946477283
TJK,2022,20790000000.0,OWID,10182222.0,2.0417940209907033
TJK,2023,20701000000.0,OWID,10389799.0,1.9924350798316695
TKM,2000,67507000000.00001,OWID,4582677.0,14.730909466235568
TKM,2001,63402000000.0,OWID,4675409.0,13.560738750342484
TKM,2002,64043000000.00001,OWID,4769465.0,13.427711493846795
TKM,2003,77090000000.0,OWID,4863865.0,15.849535297546295
TKM,2004,90372000000.0,OWID,4958093.0,18.227169195898504
TKM,2005,85264000000.0,OWID,5052257.0,16.876417806932622
TKM,2006,84714000000.0,OWID,5147105.0,16.458572343093838
TKM,2007,82762000000.0,OWID,5244046.0,15.782088868022896
TKM,2008,93791000000.0,OWID,5345029.0,17.54733229698099
TKM,2009,82154000000.0,OWID,5451592.0,15.069726421199531
TKM,2010,88306000000.0,OWID,5564356.0,15.869940744265824
TKM,2011,96548000000.0,OWID,5683417.0,16.98766780618068
TKM,2012,101094000000.0,OWID,5808546.0,17.404355582274807
TKM,2013,98090000000.0,OWID,5939341.0,16.515300266477375
TKM,2014,97820000000.0,OWID,6075283.0,16.10130754402717
TKM,2015,100971000000.0,OWID,6215770.0,16.24432692972874
TKM,2016,97377000000.0,OWID,6360041.0,15.310750355225696
TKM,2017,96826000000.0,OWID,6507061.0,14.88014327820194
TKM,2018,102929000000.0,OWID,6655524.0,15.465198532827769
TKM,2019,106263000000.0,OWID,6803944.0,15.61785340972824
TKM,2020,101056000000.0,OWID,6949912.0,14.540615766070133
TKM,2021,128080999999.99998,OWID,7092043.0,18.059817178209435
TKM,2022,139304000000.0,OWID,7230193.0,19.266982223019497
TKM,2023,132696000000.0,OWID,7364438.0,18.01848287676534
TLS,2000,3654000000.0,OWID,745088.0,4.904118708125751
TLS,2001,3697000000.0,OWID,812249.0,4.55155992805162
TLS,2002,3993000000.0,OWID,879159.0,4.5418405544389575
TLS,2003,3967000000.0,OWID,916878.0,4.326638876709879
TLS,2004,4326000000.0,OWID,929074.0,4.6562491254733205
TLS,2005,4379000000.0,OWID,948311.0,4.61768343929365
TLS,2006,4496000000.0,OWID,976597.0,4.6037413590252685
TLS,2007,5024000000.0,OWID,1004889.0,4.999557165020216
TLS,2008,4826000000.0,OWID,1032429.0,4.674413446348368
TLS,2009,4538000000.0,OWID,1058782.0,4.286056997568905
TLS,2010,4913000000.0,OWID,1084679.0,4.529450648532884
TLS,2011,5246000000.0,OWID,1110207.0,4.725244931801007
TLS,2012,5299000000.0,OWID,1134885.0,4.669195557259106
TLS,2013,4976000000.0,OWID,1158695.0,4.294486469692197
TLS,2014,4687000000.0,OWID,1181903.0,3.965638466100856
TLS,2015,4694000000.0,OWID,1205131.0,3.8950122434822436
TLS,2016,4547000000.0,OWID,1228312.0,3.701828200001303
TLS,2017,5741000000.0,OWID,1251703.0,4.586551282532678
TLS,2018,4706000000.0,OWID,1275959.0,3.688206282490268
TLS,2019,5086000000.0,OWID,1300945.0,3.9094658113909504
TLS,2020,5295000000.0,OWID,1326053.0,3.9930530680146266
TLS,2021,5589000000.0,OWID,1350139.0,4.1395737772184935
TLS,2022,4992000000.0,OWID,1369295.0,3.6456716777611837
TLS,2023,4867000000.0,OWID,1384286.0,3.5158919471843246
TTO,2000,29189000000.0,OWID,1319774.0,22.11666542908104
TTO,2001,31674000000.0,OWID,1325567.0,23.894680540478152
TTO,2002,34024000000.0,OWID,1332011.0,25.543332600106154
TTO,2003,37918000000.0,OWID,1338709.0,28.324303489406585
TTO,2004,38591000000.0,OWID,1345380.0,28.684089253593783
TTO,2005,44986000000.0,OWID,1294494.0,34.75180263485192
TTO,2006,50160000000.0,OWID,1297944.0,38.645735101052125
TTO,2007,52962000000.0,OWID,1303188.0,40.64033738800541
TTO,2008,51624000000.0,OWID,1308587.0,39.45018558185279
TTO,2009,51689000000.0,OWID,1310106.0,39.454059442518385
TTO,2010,54562000000.0,OWID,1317714.0,41.4065571133038
TTO,2011,54535000000.0,OWID,1328019.0,41.06492452291722
TTO,2012,53252000000.0,OWID,1335194.0,39.8833427951294
TTO,2013,52575000000.0,OWID,1340557.0,39.218772495313516
TTO,2014,53836000000.0,OWID,1345343.0,40.01656083244199
TTO,2015,52643000000.0,OWID,1349667.0,39.00443590900571
TTO,2016,46505000000.0,OWID,1353895.0,34.34904479298616
TTO,2017,47079000000.0,OWID,1356633.0,34.702826777765246
TTO,2018,47103000000.0,OWID,1359193.0,34.65512256169654
TTO,2019,47557000000.0,OWID,1363985.0,34.86621920329036
TTO,2020,41679000000.0,OWID,1366725.0,30.495527629918236
TTO,2021,42929000000.0,OWID,1367558.0,31.390990363845628
TTO,2022,44066000000.0,OWID,1365805.0,32.26375653918385
TTO,2023,42063000000.0,OWID,1367510.0,30.758824432728094
TUN,2000,29797000000.0,OWID,9764935.0,3.0514284017251523
TUN,2001,31054000000.0,OWID,9869677.0,3.1464048924802706
TUN,2002,31774000000.0,OWID,9971515.0,3.1864766788196177
TUN,2003,32232999999.999996,OWID,10071632.0,3.2003750732751155
TUN,2004,33253000000.0,OWID,10166163.0,3.270948931273284
TUN,2005,34967000000.0,OWID,10255472.0,3.409594409696599
TUN,2006,36316000000.0,OWID,10346410.0,3.5100097521749087
TUN,2007,39009000000.0,OWID,10441702.0,3.735885203389256
TUN,2008,40311000000.0,OWID,10542635.0,3.823617150740778
TUN,2009,44989000000.0,OWID,10650681.0,4.224049147655441
TUN,2010,44127000000.0,OWID,10765980.0,4.098744378124426
TUN,2011,40051000000.0,OWID,10886035.0,3.6791173278425062
TUN,2012,42269000000.0,OWID,11009647.0,3.8392693244388307
TUN,2013,40303000000.0,OWID,11141361.0,3.6174216058522832
TUN,2014,41288000000.0,OWID,11274288.0,3.6621381323592233
TUN,2015,43274000000.0,OWID,11402264.0,3.7952111966535766
TUN,2016,44682000000.0,OWID,11528674.0,3.8757275988548203
TUN,2017,43707000000.0,OWID,11650498.0,3.7515134546179913
TUN,2018,42866000000.0,OWID,11765514.0,3.643359737619623
TUN,2019,42030000000.0,OWID,11875081.0,3.5393442789990233
TUN,2020,40050000000.0,OWID,11974057.0,3.3447310297587527
TUN,2021,43324000000.0,OWID,12048622.0,3.5957638973153943
TUN,2022,42202000000.0,OWID,12119334.0,3.4822045501840284
TUN,2023,42939000000.0,OWID,12200431.0,3.5194658287071987
TUR,2000,320576000000.0,OWID,65425961.0,4.899828678099203
TUR,2001,309570000000.0,OWID,66245128.0,4.673098374872186
TUR,2002,298528000000.0,OWID,67048795.0,4.452399181819748
TUR,2003,340492000000.0,OWID,67831730.0,5.019656729969883
TUR,2004,332467000000.0,OWID,68592617.0,4.846979376803774
TUR,2005,338159000000.0,OWID,69329557.0,4.877558932043947
TUR,2006,359684000000.0,OWID,70045349.0,5.135016173593482
TUR,2007,387689000000.0,OWID,70158112.0,5.52593262486881
TUR,2008,382370000000.0,OWID,71051678.0,5.381575928439016
TUR,2009,400912000000.0,OWID,72039206.0,5.565191820687196
TUR,2010,397616000000.0,OWID,73142150.0,5.4362088070968655
TUR,2011,434297000000.0,OWID,74223629.0,5.851195985041368
TUR,2012,454121000000.0,OWID,75175827.0,6.040784892196796
TUR,2013,458164000000.0,OWID,76147624.0,6.016786551344006
TUR,2014,475808000000.0,OWID,77181884.0,6.164762705196468
TUR,2015,504964000000.0,OWID,78218479.0,6.4558146163900725
TUR,2016,526832000000.0,OWID,79277962.0,6.645377690208535
TUR,2017,556874000000.0,OWID,80312698.0,6.933822594280172
TUR,2018,536630000000.0,OWID,81407204.0,6.591922749244649
TUR,2019,534576000000.0,OWID,82579440.0,6.473475722286322
TUR,2020,568584000000.0,OWID,83384680.0,6.818806524172066
TUR,2021,630849000000.0,OWID,84147318.0,7.496959083116589
TUR,2022,611291000000.0,OWID,84979913.0,7.1933587411415685
TUR,2023,656268000000.0,OWID,85325965.0,7.691304751138765
TWN,2000,243825000000.0,OWID,22277000.0,10.945145217039997
TWN,2001,249660000000.0,OWID,22406000.0,11.14255110238329
TWN,2002,257023000000.00003,OWID,22521000.0,11.41259269126593
TWN,2003,267541000000.0,OWID,22605000.0,11.83547887635479
TWN,2004,278080000000.0,OWID,22689000.0,12.256159372383093
TWN,2005,285719000000.0,OWID,22770000.0,12.54804567413263
TWN,2006,295974000000.0,OWID,22877000.0,12.937622940070815
TWN,2007,300462000000.0,OWID,22958000.0,13.087464064814009
TWN,2008,286359000000.0,OWID,23037000.0,12.430394582627947
TWN,2009,272704999999.99997,OWID,23120000.0,11.795198961937714
TWN,2010,290936000000.0,OWID,23162000.0,12.56091874622226
TWN,2011,296563000000.0,OWID,23225000.0,12.769128094725511
TWN,2012,293372000000.0,OWID,23316000.0,12.582432664264884
TWN,2013,294959000000.0,OWID,23374000.0,12.61910669975186
TWN,2014,297462000000.0,OWID,23434000.0,12.693607578731756
TWN,2015,296750000000.0,OWID,23492000.0,12.631959816107612
TWN,2016,301009000000.0,OWID,23540000.0,12.787128292268479
TWN,2017,306638000000.0,OWID,23571000.0,13.009121377964448
TWN,2018,305395000000.0,OWID,23589000.0,12.946500487515369
TWN,2019,296094000000.0,OWID,23603000.0,12.544761259161971
TWN,2020,293904000000.0,OWID,23561000.0,12.474173422180723
TWN,2021,305592000000.0,OWID,23375000.0,13.073454545454545
TWN,2022,295211000000.0,OWID,23265000.0,12.689060820975714
TWN,2023,288204000000.0,OWID,23420000.0,12.305892399658411
TZA,2000,95081000000.0,OWID,34260139.0,2.775266031465897
TZA,2001,95579000000.0,OWID,35198299.0,2.7154437207320727
TZA,2002,110839000000.0,OWID,36121304.0,3.068521557250536
TZA,2003,134115000000.00002,OWID,37089555.0,3.6159775980056925
TZA,2004,149492000000.0,OWID,38109668.0,3.9226791479789327
TZA,2005,163332000000.0,OWID,39182076.0,4.168538696111968
TZA,2006,187969000000.0,OWID,40294902.0,4.664833283376642
TZA,2007,186732000000.0,OWID,41435512.0,4.506569147739746
TZA,2008,170367000000.0,OWID,42570728.0,4.001975253982032
TZA,2009,173926000000.0,OWID,43633982.0,3.986021720410482
TZA,2010,195732000000.0,OWID,44758488.0,4.3730699750179225
TZA,2011,179215000000.0,OWID,46029367.0,3.893492604406226
TZA,2012,175118000000.0,OWID,47374260.0,3.6964799027995374
TZA,2013,174723000000.0,OWID,48824128.0,3.578619980678406
TZA,2014,185465000000.0,OWID,50351512.0,3.683404780376804
TZA,2015,182306000000.0,OWID,52020962.0,3.5044719088432084
TZA,2016,181781000000.0,OWID,53824013.0,3.377321568349056
TZA,2017,178552000000.0,OWID,55652890.0,3.2083149680097476
TZA,2018,178463000000.0,OWID,57437145.0,3.1071008142901255
TZA,2019,183319000000.0,OWID,59174891.0,3.097918676352103
TZA,2020,174174000000.0,OWID,60972798.0,2.8565853251477815
TZA,2021,165011000000.0,OWID,62830412.0,2.6262918664292703
TZA,2022,171718000000.0,OWID,64711821.0,2.6535800931950284
TZA,2023,178700000000.0,OWID,66617606.0,2.6824740594851155
UGA,2000,38395000000.0,OWID,24000150.0,1.5997816680312416
UGA,2001,40003000000.0,OWID,24745676.0,1.6165652536629025
UGA,2002,41001000000.0,OWID,25532870.0,1.6058124292333764
UGA,2003,41382000000.0,OWID,26352124.0,1.57034780194568
UGA,2004,37128000000.0,OWID,27154515.0,1.3672864346868283
UGA,2005,38932000000.0,OWID,27963289.0,1.3922539655474717
UGA,2006,40632000000.0,OWID,28794003.0,1.4111271711682465
UGA,2007,45812000000.0,OWID,29653430.0,1.5449140284951859
UGA,2008,51876000000.0,OWID,30539553.0,1.6986496167772986
UGA,2009,54148000000.0,OWID,31451151.0,1.7216540024242675
UGA,2010,56442000000.0,OWID,32390802.0,1.7425317224315717
UGA,2011,55012000000.0,OWID,33354543.0,1.6493105601836608
UGA,2012,54502000000.0,OWID,34337438.0,1.587247132415645
UGA,2013,53884000000.0,OWID,35337042.0,1.5248588152907647
UGA,2014,52884000000.0,OWID,36395539.0,1.4530352195086327
UGA,2015,54688000000.0,OWID,37531446.0,1.4571247801110567
UGA,2016,56388000000.0,OWID,38799152.0,1.453330732589207
UGA,2017,57183000000.0,OWID,40177388.0,1.4232632544455104
UGA,2018,57753000000.0,OWID,41565831.0,1.389434509320889
UGA,2019,60248000000.0,OWID,42999637.0,1.4011281071977422
UGA,2020,60906000000.0,OWID,44457152.0,1.369993291518089
UGA,2021,63010000000.0,OWID,45910930.0,1.3724400703710424
UGA,2022,62920000000.0,OWID,47312719.0,1.329874953920953
UGA,2023,62371000000.0,OWID,48656601.0,1.2818610161445516
UKR,2000,393685000000.0,OWID,49556660.0,7.944139092505427
UKR,2001,407719000000.0,OWID,49106855.0,8.302690123405378
UKR,2002,401455000000.0,OWID,48677281.0,8.247276588846447
UKR,2003,413215000000.0,OWID,48315136.0,8.552495847264096
UKR,2004,412383000000.0,OWID,47979507.0,8.594982020136221
UKR,2005,417940000000.0,OWID,47585556.0,8.782917236482431
UKR,2006,435004000000.0,OWID,47278694.0,9.200846368556627
UKR,2007,444975000000.0,OWID,47062798.0,9.454920211076272
UKR,2008,433910000000.0,OWID,46819175.0,9.267783979534027
UKR,2009,384735000000.0,OWID,46623731.0,8.251913601680656
UKR,2010,397561000000.0,OWID,46456003.0,8.557796072124415
UKR,2011,418360000000.0,OWID,46307853.0,9.0343208094748
UKR,2012,424030000000.0,OWID,46210056.0,9.176141227788168
UKR,2013,413975000000.0,OWID,46126770.0,8.974723354789422
UKR,2014,365937000000.0,OWID,45972380.0,7.959931593709093
UKR,2015,323674000000.0,OWID,45784896.0,7.069449278644206
UKR,2016,335635000000.0,OWID,45616832.0,7.357700771504694
UKR,2017,321033000000.0,OWID,45436041.0,7.065602392602824
UKR,2018,329975000000.0,OWID,45208907.0,7.298893556528584
UKR,2019,320207000000.0,OWID,44957458.0,7.122444511876094
UKR,2020,305545000000.0,OWID,44680014.0,6.838516209954634
UKR,2021,307162000000.0,OWID,44298640.0,6.933892327168509
UKR,2022,225846000000.0,OWID,41048766.0,5.501894989973633
UKR,2023,223983000000.0,OWID,37732836.0,5.936023467729804
URY,2000,31916000000.0,OWID,3266206.0,9.771582074125146
URY,2001,31501000000.0,OWID,3274251.0,9.620826259196377
URY,2002,32740000000.000004,OWID,3278867.0,9.98515645800821
URY,2003,32790999999.999996,OWID,3281186.0,9.993642542665974
URY,2004,33513000000.0,OWID,3283148.0,10.207581260424446
URY,2005,34964000000.0,OWID,3285771.0,10.641033717809306
URY,2006,39764000000.0,OWID,3289506.0,12.088137246139693
URY,2007,50743000000.0,OWID,3295153.0,15.39928494974285
URY,2008,61332000000.0,OWID,3302177.0,18.573201860469624
URY,2009,52343000000.0,OWID,3310091.0,15.813160423686236
URY,2010,57668000000.0,OWID,3318580.0,17.377311982836034
URY,2011,49908000000.0,OWID,3326825.0,15.001690801289518
URY,2012,53555000000.0,OWID,3335401.0,16.056540128158503
URY,2013,53040000000.0,OWID,3345337.0,15.85490490195756
URY,2014,52556000000.0,OWID,3356334.0,15.658751483016887
URY,2015,45616000000.0,OWID,3368017.0,13.543874630086489
URY,2016,44200000000.0,OWID,3379283.0,13.079697675512824
URY,2017,43521000000.0,OWID,3388438.0,12.843971174918945
URY,2018,42125000000.0,OWID,3394534.0,12.409656229691617
URY,2019,41737000000.0,OWID,3397206.0,12.285684176938343
URY,2020,38553000000.0,OWID,3398968.0,11.342560447759437
URY,2021,42036000000.0,OWID,3396695.0,12.37555918326491
URY,2022,40204000000.0,OWID,3390913.0,11.85639383847359
URY,2023,39893000000.0,OWID,3388081.0,11.774511884456128
USA,2000,7217240000000.0,OWID,282556329.0,25.54265914178125
USA,2001,6976344000000.0,OWID,285363870.0,24.447187375192243
USA,2002,7059111000000.0,OWID,288019857.0,24.50911223110565
USA,2003,7245448000000.0,OWID,290501967.0,24.94113232630883
USA,2004,7314667000000.0,OWID,293198330.0,24.947846735689115
USA,2005,7428800000000.0,OWID,295908388.0,25.105067315631484
USA,2006,7064877000000.0,OWID,298770176.0,23.646526887610094
USA,2007,7181516000000.0,OWID,301619865.0,23.809824329707197
USA,2008,7074333000000.0,OWID,304481034.0,23.23406784016636
USA,2009,6577918000000.0,OWID,307156959.0,21.41549395923014
USA,2010,6823523000000.0,OWID,309762425.0,22.02824632458246
USA,2011,6523640000000.0,OWID,312222797.0,20.894182175941495
USA,2012,6388708000000.0,OWID,314721341.0,20.299570342768714
USA,2013,6488665000000.0,OWID,317107053.0,20.462064588642246
USA,2014,6610767000000.0,OWID,319636572.0,20.682135835194728
USA,2015,6408286000000.0,OWID,322192130.0,19.88964162470387
USA,2016,6308617000000.0,OWID,324728107.0,19.427382059046707
USA,2017,6319225000000.0,OWID,326980925.0,19.325974443310418
USA,2018,6466737000000.0,OWID,328899242.0,19.661757079999596
USA,2019,6360787000000.0,OWID,330593042.0,19.240535014043033
USA,2020,5758456000000.0,OWID,331943457.0,17.347701479170894
USA,2021,6131129000000.0,OWID,332465564.0,18.441395632781987
USA,2022,6201504000000.0,OWID,334382334.0,18.546147237551132
USA,2023,6078455000000.0,OWID,337170318.0,18.027847279249535
UZB,2000,164768000000.0,OWID,24787054.0,6.647340986952302
UZB,2001,171778000000.0,OWID,25090283.0,6.846395475092888
UZB,2002,183838000000.0,OWID,25399980.0,7.237722234426957
UZB,2003,177141000000.0,OWID,25711259.0,6.889627614112556
UZB,2004,173659000000.0,OWID,26029350.0,6.671661028800181
UZB,2005,173010000000.0,OWID,26356975.0,6.564106844582886
UZB,2006,178429000000.0,OWID,26699043.0,6.682973618192982
UZB,2007,173531000000.0,OWID,27076008.0,6.4090319370566
UZB,2008,182949000000.0,OWID,27494774.0,6.653955402579414
UZB,2009,157819000000.0,OWID,27939328.0,5.648632637119976
UZB,2010,159980000000.0,OWID,28385506.0,5.63597492325837
UZB,2011,171449000000.0,OWID,28823196.0,5.948299418287965
UZB,2012,176753000000.0,OWID,29261903.0,6.040379533757596
UZB,2013,171618000000.0,OWID,29724065.0,5.773705581655807
UZB,2014,167214000000.0,OWID,30222994.0,5.532674889853731
UZB,2015,163164000000.0,OWID,30749346.0,5.3062591965370585
UZB,2016,171764000000.0,OWID,31284568.0,5.4903746792987524
UZB,2017,172392000000.0,OWID,31819178.0,5.417864660111584
UZB,2018,167956000000.0,OWID,32373490.0,5.188072092319982
UZB,2019,175852000000.0,OWID,32964701.0,5.334554680171374
UZB,2020,174865000000.0,OWID,33586372.0,5.206427178261468
UZB,2021,192345000000.0,OWID,34243696.0,5.616946254866882
UZB,2022,187851000000.0,OWID,34938955.0,5.376548897927829
UZB,2023,190851000000.0,OWID,35652307.0,5.353117822080911
VCT,2000,184000000.0,OWID,113545.0,1.6205028843189926
VCT,2001,193000000.0,OWID,113501.0,1.700425546911481
VCT,2002,197000000.0,OWID,113347.0,1.7380257086645434
VCT,2003,213000000.0,OWID,113141.0,1.8826066589476849
VCT,2004,244000000.0,OWID,112835.0,2.162449594540701
VCT,2005,242000000.0,OWID,112450.0,2.152067585593597
VCT,2006,238000000.0,OWID,112014.0,2.1247344081989747
VCT,2007,323000000.0,OWID,111531.0,2.89605580511248
VCT,2008,312000000.0,OWID,111028.0,2.810101956263285
VCT,2009,372000000.0,OWID,110508.0,3.3662721250950156
VCT,2010,298000000.0,OWID,109959.0,2.7101010376594914
VCT,2011,280000000.0,OWID,109349.0,2.5606086932665133
VCT,2012,281000000.0,OWID,108736.0,2.584240729841083
VCT,2013,367000000.0,OWID,108135.0,3.393905765940722
VCT,2014,326000000.0,OWID,107535.0,3.031571116380713
VCT,2015,263000000.0,OWID,106960.0,2.4588631264023935
VCT,2016,281000000.0,OWID,106349.0,2.642243932712108
VCT,2017,249000000.0,OWID,105663.0,2.356548649953153
VCT,2018,268000000.00000003,OWID,104926.0,2.5541810418771327
VCT,2019,236000000.0,OWID,104167.0,2.2655927501032
VCT,2020,261000000.0,OWID,103526.0,2.5211058091687115
VCT,2021,256000000.0,OWID,102841.0,2.4892795674876753
VCT,2022,272000000.0,OWID,102046.0,2.6654645943986046
VCT,2023,271000000.0,OWID,101323.0,2.6746148455928074
VEN,2000,263709000000.0,OWID,24526708.0,10.75191175269017
VEN,2001,246972000000.0,OWID,24979922.0,9.886820303121844
VEN,2002,272515000000.0,OWID,25435671.0,10.71389074029146
VEN,2003,270563000000.0,OWID,25892703.0,10.449391861483136
VEN,2004,257117000000.00003,OWID,26340838.0,9.761154903272251
VEN,2005,261507999999.99997,OWID,26785804.0,9.76293263401763
VEN,2006,270742000000.00003,OWID,27224686.0,9.944724431348813
VEN,2007,277469000000.0,OWID,27649363.0,10.035276400400255
VEN,2008,278716000000.0,OWID,28053696.0,9.93509019275036
VEN,2009,267759000000.0,OWID,28438298.0,9.415436887256755
VEN,2010,297662000000.0,OWID,28813101.0,10.330786679295645
VEN,2011,280715000000.0,OWID,29185212.0,9.618398523197296
VEN,2012,298394000000.0,OWID,29553826.0,10.096628436534749
VEN,2013,317226000000.0,OWID,29912198.0,10.605238705627716
VEN,2014,290561000000.0,OWID,30254079.0,9.604027278437398
VEN,2015,277493000000.0,OWID,30573972.0,9.076118732626563
VEN,2016,256728000000.0,OWID,30765720.0,8.344612120242921
VEN,2017,237568000000.0,OWID,30565323.0,7.772468165967034
VEN,2018,200661000000.0,OWID,29807592.0,6.731875557072843
VEN,2019,189175000000.0,OWID,28938098.0,6.537229917460367
VEN,2020,160671000000.0,OWID,28444077.0,5.648662812999698
VEN,2021,170810000000.0,OWID,28237826.0,6.04897841639792
VEN,2022,186933000000.0,OWID,28213017.0,6.62577135936933
VEN,2023,199185000000.0,OWID,28300854.0,7.038126835324475
VGB,2000,130000000.0,OWID,20241.0,6.422607578676942
VGB,2001,141000000.0,OWID,20796.0,6.780150028851702
VGB,2002,153000000.0,OWID,21430.0,7.139524031731218
VGB,2003,160000000.0,OWID,22134.0,7.228697930785217
VGB,2004,167000000.0,OWID,22881.0,7.298632052794895
VGB,2005,179000000.0,OWID,23665.0,7.563912951616311
VGB,2006,193000000.0,OWID,24493.0,7.879802392520311
VGB,2007,197000000.0,OWID,25366.0,7.766301348261452
VGB,2008,205000000.0,OWID,26288.0,7.798234936092514
VGB,2009,209000000.0,OWID,27218.0,7.678742008964655
VGB,2010,227000000.0,OWID,27675.0,8.202348690153569
VGB,2011,224000000.0,OWID,28710.0,7.802159526297457
VGB,2012,224000000.0,OWID,30345.0,7.381776239907728
VGB,2013,228000000.0,OWID,31703.0,7.191748414976501
VGB,2014,232000000.0,OWID,32962.0,7.03840786360051
VGB,2015,239000000.0,OWID,34498.0,6.92793785146965
VGB,2016,243000000.0,OWID,33878.0,7.172796505106558
VGB,2017,195000000.0,OWID,32699.0,5.96348512186917
VGB,2018,174000000.0,OWID,34657.0,5.0206307528060705
VGB,2019,199000000.0,OWID,36395.0,5.467784036268719
VGB,2020,195000000.0,OWID,37135.0,5.251110811902517
VGB,2021,199000000.0,OWID,37809.0,5.263297098574413
VGB,2022,202000000.0,OWID,38319.0,5.271536313578121
VGB,2023,202000000.0,OWID,38985.0,5.181480056431961
VNM,2000,359742000000.0,OWID,77154011.0,4.662648063753938
VNM,2001,289003000000.0,OWID,77969361.0,3.7066226565586446
VNM,2002,276385000000.0,OWID,78772224.0,3.5086606162090836
VNM,2003,299167000000.0,OWID,79563777.0,3.7600904743373356
VNM,2004,324489000000.0,OWID,80338971.0,4.038998707115629
VNM,2005,301726000000.0,OWID,81088313.0,3.720955447673452
VNM,2006,289589000000.0,OWID,82167897.0,3.5243569638882204
VNM,2007,312522000000.0,OWID,83633375.0,3.7368096169740848
VNM,2008,318657000000.0,OWID,85175788.0,3.7411687931786437
VNM,2009,388597000000.0,OWID,86460018.0,4.494528326376245
VNM,2010,360474000000.0,OWID,87455152.0,4.121815487782812
VNM,2011,363318000000.0,OWID,88468314.0,4.106758494346349
VNM,2012,353585000000.0,OWID,89510356.0,3.950213313865046
VNM,2013,370437000000.0,OWID,90573104.0,4.089922765592752
VNM,2014,580111000000.0,OWID,91679578.0,6.327592389223257
VNM,2015,520549999999.99994,OWID,92823254.0,5.607969744305667
VNM,2016,483003000000.0,OWID,94000117.0,5.138323391661311
VNM,2017,465237000000.0,OWID,95176977.0,4.888125412934684
VNM,2018,516912000000.00006,OWID,96237319.0,5.3712219476937015
VNM,2019,569640000000.0,OWID,97173776.0,5.862075381325101
VNM,2020,579987000000.0,OWID,98079191.0,5.913456198879128
VNM,2021,528789999999.99994,OWID,98935098.0,5.344817063808842
VNM,2022,539140999999.99994,OWID,99680655.0,5.408682356671913
VNM,2023,564164000000.0,OWID,100352192.0,5.621840328111617
YEM,2000,32648000000.000004,OWID,19624141.0,1.663665176478298
YEM,2001,34785000000.0,OWID,20226147.0,1.7198035790009834
YEM,2002,33238000000.0,OWID,20835086.0,1.595289791460424
YEM,2003,38662000000.0,OWID,21456379.0,1.801888380140936
YEM,2004,40266000000.0,OWID,22095167.0,1.8223894845420268
YEM,2005,44892000000.0,OWID,22790085.0,1.969803973964994
YEM,2006,49954000000.0,OWID,23543083.0,2.121812168780104
YEM,2007,49004000000.0,OWID,24318082.0,2.015126028442539
YEM,2008,47962000000.0,OWID,25111941.0,1.9099280298563939
YEM,2009,52719000000.0,OWID,25927724.0,2.033306124363249
YEM,2010,51442000000.0,OWID,26754387.0,1.922750089546062
YEM,2011,46380000000.0,OWID,27582897.0,1.6814767498859893
YEM,2012,42042000000.0,OWID,28433647.0,1.4786003357219706
YEM,2013,50074000000.0,OWID,29312952.0,1.70825510852677
YEM,2014,48272000000.0,OWID,30226309.0,1.5970193383518974
YEM,2015,29063000000.0,OWID,31159379.0,0.9327207708471982
YEM,2016,24960000000.0,OWID,32109010.0,0.7773519021607954
YEM,2017,25499000000.0,OWID,33090921.0,0.7705738985022508
YEM,2018,28341000000.0,OWID,34085182.0,0.8314756834802877
YEM,2019,29646000000.0,OWID,35111408.0,0.8443409617751587
YEM,2020,28381000000.0,OWID,36134863.0,0.7854187796422529
YEM,2021,28329000000.0,OWID,37140230.0,0.7627577965995364
YEM,2022,27891000000.0,OWID,38222876.0,0.7296939141889794
YEM,2023,26633000000.0,OWID,39390799.0,0.6761223604527545
ZAF,2000,507134000000.0,OWID,47159719.0,10.753541597650317
ZAF,2001,497552000000.0,OWID,47566800.0,10.460068787473617
ZAF,2002,477323000000.0,OWID,48019415.0,9.94020855939207
ZAF,2003,522109000000.00006,OWID,48500348.0,10.765056778561673
ZAF,2004,566174000000.0,OWID,48991421.0,11.55659477605273
ZAF,2005,529320000000.00006,OWID,49490033.0,10.695486907434473
ZAF,2006,562151000000.0,OWID,49998277.0,11.243407447820651
ZAF,2007,588225000000.0,OWID,50528584.0,11.641430521781492
ZAF,2008,613432000000.0,OWID,51114599.0,12.00111146328273
ZAF,2009,587168000000.0,OWID,51728516.0,11.350953891660067
ZAF,2010,574415000000.0,OWID,52344051.0,10.973835402995462
ZAF,2011,580428000000.0,OWID,52995205.0,10.952462586001884
ZAF,2012,571812000000.0,OWID,53782567.0,10.63192093452884
ZAF,2013,565257000000.0,OWID,54678791.0,10.33777429350989
ZAF,2014,590747000000.0,OWID,55594838.0,10.625932573092486
ZAF,2015,564501000000.0,OWID,56723537.0,9.951794790229672
ZAF,2016,561788000000.0,OWID,57259551.0,9.811254021185043
ZAF,2017,547121999999.99994,OWID,57635162.0,9.492850909311228
ZAF,2018,560438000000.0,OWID,58613001.0,9.561667043801426
ZAF,2019,577604000000.0,OWID,59587885.0,9.693312659108475
ZAF,2020,541341000000.0,OWID,60562381.0,8.93856864709464
ZAF,2021,545700000000.00006,OWID,61502603.0,8.872795188847537
ZAF,2022,533328999999.99994,OWID,62378410.0,8.549897312227099
ZAF,2023,541383000000.00006,OWID,63212384.0,8.564508498840986
ZMB,2000,58201000000.0,OWID,10017631.0,5.809856641754922
ZMB,2001,66040000000.00001,OWID,10325185.0,6.396011306334948
ZMB,2002,84185000000.0,OWID,10647949.0,7.906217432108287
ZMB,2003,81422000000.0,OWID,10983595.0,7.413055561498762
ZMB,2004,79160000000.0,OWID,11338198.0,6.981709086399796
ZMB,2005,93005000000.0,OWID,11718819.0,7.936379937261596
ZMB,2006,85606000000.0,OWID,12129553.0,7.057638480164933
ZMB,2007,96105000000.0,OWID,12565085.0,7.648575397619674
ZMB,2008,121736000000.0,OWID,13021324.0,9.348972500799459
ZMB,2009,109967000000.0,OWID,13490389.0,8.151506972853044
ZMB,2010,116827000000.0,OWID,13965594.0,8.365344145046748
ZMB,2011,119693000000.0,OWID,14437796.0,8.290254274267348
ZMB,2012,110309000000.0,OWID,14913629.0,7.396523005902855
ZMB,2013,102836000000.0,OWID,15398997.0,6.678097281270982
ZMB,2014,99287000000.0,OWID,15895315.0,6.246305908376147
ZMB,2015,98024000000.0,OWID,16399089.0,5.97740520830151
ZMB,2016,102385000000.0,OWID,16914423.0,6.053118099269482
ZMB,2017,103850000000.0,OWID,17441320.0,5.954251169062892
ZMB,2018,100257000000.0,OWID,17973569.0,5.578024041858353
ZMB,2019,97901000000.0,OWID,18513839.0,5.287990243406567
ZMB,2020,96085000000.0,OWID,19059395.0,5.041345751006262
ZMB,2021,94405000000.0,OWID,19603607.0,4.815695397280715
ZMB,2022,98470000000.0,OWID,20152938.0,4.8861362050535755
ZMB,2023,98810000000.0,OWID,20723965.0,4.767910001778135
ZWE,2000,57656000000.0,OWID,11892055.0,4.848278955992047
ZWE,2001,56093000000.0,OWID,11971901.0,4.685387892866806
ZWE,2002,49243000000.0,OWID,12087653.0,4.073826407822925
ZWE,2003,54283000000.0,OWID,12232323.0,4.4376689529862805
ZWE,2004,54069000000.0,OWID,12365896.0,4.372428815510012
ZWE,2005,57297000000.0,OWID,12483432.0,4.589843562251151
ZWE,2006,48951000000.0,OWID,12636445.0,3.873795201102842
ZWE,2007,55696000000.0,OWID,12804058.0,4.349870954973806
ZWE,2008,41803000000.0,OWID,12959149.0,3.22575193787802
ZWE,2009,39389000000.0,OWID,13142790.0,2.997004441218341
ZWE,2010,47784000000.0,OWID,13356548.0,3.5775710909735063
ZWE,2011,43260000000.0,OWID,13595424.0,3.181952986534293
ZWE,2012,34816000000.0,OWID,13817887.0,2.519632705058306
ZWE,2013,27658000000.0,OWID,14013808.0,1.97362487055624
ZWE,2014,25440000000.0,OWID,14207359.0,1.7906213251878833
ZWE,2015,31410000000.0,OWID,14399013.0,2.1813995167585443
ZWE,2016,26044000000.0,OWID,14600294.0,1.7837996960883118
ZWE,2017,30901000000.0,OWID,14812482.0,2.0861459949790992
ZWE,2018,27250000000.0,OWID,15034452.0,1.8125037081497883
ZWE,2019,30672000000.0,OWID,15271368.0,2.0084644676233325
ZWE,2020,24146000000.0,OWID,15526888.0,1.5551087893465838
ZWE,2021,27907000000.0,OWID,15797210.0,1.766577769112394
ZWE,2022,29917000000.0,OWID,16069056.0,1.861777070165167
ZWE,2023,31029000000.0,OWID,16340822.0,1.8988640840711684
NRU,2000,1016800.0000000001,PDH,10168.0,0.10000000000000002
NRU,2001,1013000.0,PDH,10130.0,0.1
NRU,2002,1008200.0,PDH,10082.0,0.1
NRU,2003,1005900.0000000001,PDH,10059.0,0.10000000000000002
NRU,2004,1006000.0,PDH,10060.0,0.1
NRU,2005,1004900.0000000001,PDH,10049.0,0.10000000000000002
NRU,2006,1003400.0000000001,PDH,10034.0,0.10000000000000002
NRU,2007,1002000.0,PDH,10020.0,0.1
NRU,2008,1000900.0000000001,PDH,10009.0,0.10000000000000002
NRU,2009,1001600.0,PDH,10016.0,0.1
NRU,2010,1004300.0000000001,PDH,10043.0,0.10000000000000002
NRU,2011,1009800.0000000001,PDH,10098.0,0.10000000000000002
NRU,2012,1026700.0,PDH,10267.0,0.1
NRU,2013,1051700.0,PDH,10517.0,0.1
NRU,2014,1074200.0,PDH,10742.0,0.1
NRU,2015,1095400.0,PDH,10954.0,0.1
NRU,2016,1115000.0,PDH,11150.0,0.1
NRU,2017,1132400.0,PDH,11324.0,0.1
NRU,2018,1147700.0,PDH,11477.0,0.1
NRU,2019,1158700.0,PDH,11587.0,0.1
NRU,2020,1164300.0,PDH,11643.0,0.1
NRU,2021,1170900.0,PDH,11709.0,0.1
NRU,2022,1180100.0000000002,PDH,11801.0,0.10000000000000002
NRU,2023,1187500.0,PDH,11875.0,0.1
KIR,2000,53167799.99999999,PDH,88613.0,0.5999999999999999
KIR,2001,45167500.0,PDH,90335.0,0.5
KIR,2002,64584799.99999999,PDH,92264.0,0.6999999999999998
KIR,2003,65922500.0,PDH,94175.0,0.7
KIR,2004,67259500.0,PDH,96085.0,0.7
KIR,2005,88231500.0,PDH,98035.0,0.9
KIR,2006,90015300.0,PDH,100017.0,0.9
KIR,2007,81654400.00000001,PDH,102068.0,0.8000000000000002
KIR,2008,93799800.0,PDH,104222.0,0.9
KIR,2009,85173600.0,PDH,106467.0,0.8
KIR,2010,86963200.00000001,PDH,108704.0,0.8000000000000002
KIR,2011,77452900.0,PDH,110647.0,0.7
KIR,2012,78598799.99999999,PDH,112284.0,0.6999999999999998
KIR,2013,91070400.00000001,PDH,113838.0,0.8000000000000002
KIR,2014,92260800.0,PDH,115326.0,0.8
KIR,2015,93452000.0,PDH,116815.0,0.8
KIR,2016,94782400.00000001,PDH,118478.0,0.8000000000000002
KIR,2017,96220000.0,PDH,120275.0,0.8
KIR,2018,109875600.0,PDH,122084.0,0.9
KIR,2019,111528900.00000001,PDH,123921.0,0.9000000000000001
KIR,2020,100879200.00000001,PDH,126099.0,0.8000000000000002
KIR,2021,115539300.0,PDH,128377.0,0.9
KIR,2022,104375200.00000001,PDH,130469.0,0.8000000000000002
KIR,2023,106024000.0,PDH,132530.0,0.8
FJI,2000,2774999699.9999995,PDH,840909.0,3.2999999999999994
FJI,2001,2888626400.0,PDH,849596.0,3.4
FJI,2002,2659951900.0,PDH,858049.0,3.1
FJI,2003,2858743800.0,PDH,866286.0,3.3
FJI,2004,3322590800.0,PDH,874366.0,3.8
FJI,2005,3088326500.0,PDH,882379.0,3.5
FJI,2006,3205314000.0,PDH,890365.0,3.6
FJI,2007,3142412000.0,PDH,897832.0,3.5
FJI,2008,2710197000.0,PDH,903399.0,3.0
FJI,2009,2449545300.0000005,PDH,907239.0,2.7000000000000006
FJI,2010,3095424600.0,PDH,910419.0,3.4
FJI,2011,2647668100.0,PDH,912989.0,2.9
FJI,2012,2561770400.0,PDH,914918.0,2.8
FJI,2013,2749056000.0,PDH,916352.0,3.0
FJI,2014,2477479500.0,PDH,917585.0,2.7
FJI,2015,2572018400.0,PDH,918578.0,2.8
FJI,2016,2573664800.0,PDH,919166.0,2.8
FJI,2017,2572525199.9999995,PDH,918759.0,2.7999999999999994
FJI,2018,2659822000.0,PDH,917180.0,2.9
FJI,2019,2744697000.0,PDH,914899.0,3.0
FJI,2020,2104414900.0,PDH,914963.0,2.3
FJI,2021,2383448600.0,PDH,916711.0,2.6
FJI,2022,2482439400.0000005,PDH,919422.0,2.7000000000000006
FJI,2023,2680020500.0,PDH,924145.0,2.9
MHL,2000,5070600.0,PDH,50706.0,0.1
MHL,2001,5112300.0,PDH,51123.0,0.1
MHL,2002,5142500.0,PDH,51425.0,0.1
MHL,2003,5163900.000000001,PDH,51639.0,0.10000000000000002
MHL,2004,5179100.0,PDH,51791.0,0.1
MHL,2005,5190600.0,PDH,51906.0,0.1
MHL,2006,5199200.000000001,PDH,51992.0,0.10000000000000002
MHL,2007,5203500.0,PDH,52035.0,0.1
MHL,2008,5203000.0,PDH,52030.0,0.1
MHL,2009,5201900.000000001,PDH,52019.0,0.10000000000000002
MHL,2010,5204400.000000001,PDH,52044.0,0.10000000000000002
MHL,2011,5190700.000000001,PDH,51907.0,0.10000000000000002
MHL,2012,5141900.000000001,PDH,51419.0,0.10000000000000002
MHL,2013,5068100.0,PDH,50681.0,0.1
MHL,2014,4979600.0,PDH,49796.0,0.1
MHL,2015,4880000.0,PDH,48800.0,0.1
MHL,2016,4770900.000000001,PDH,47709.0,0.10000000000000002
MHL,2017,4652900.000000001,PDH,46529.0,0.10000000000000002
MHL,2018,4528500.0,PDH,45285.0,0.1
MHL,2019,4400700.0,PDH,44007.0,0.1
MHL,2020,4270600.0,PDH,42706.0,0.1
MHL,2021,4136700.0,PDH,41367.0,0.1
MHL,2022,4007700.0000000005,PDH,40077.0,0.10000000000000002
MHL,2023,3882700.0000000005,PDH,38827.0,0.10000000000000002
SLB,2000,396422100.00000006,PDH,440469.0,0.9000000000000001
SLB,2001,449125000.0,PDH,449125.0,1.0
SLB,2002,457671000.0,PDH,457671.0,1.0
SLB,2003,466154000.0,PDH,466154.0,1.0
SLB,2004,474611000.0,PDH,474611.0,1.0
SLB,2005,483080000.0,PDH,483080.0,1.0
SLB,2006,491594000.0,PDH,491594.0,1.0
SLB,2007,500156000.0,PDH,500156.0,1.0
SLB,2008,508790000.0,PDH,508790.0,1.0
SLB,2009,518141000.0,PDH,518141.0,1.0
SLB,2010,586264800.0,PDH,532968.0,1.1
SLB,2011,608239500.0,PDH,552945.0,1.1
SLB,2012,573606000.0,PDH,573606.0,1.0
SLB,2013,654439500.0,PDH,594945.0,1.1
SLB,2014,616908000.0,PDH,616908.0,1.0
SLB,2015,575473500.0,PDH,639415.0,0.9
SLB,2016,596141100.0,PDH,662379.0,0.9
SLB,2017,548537600.0,PDH,685672.0,0.8
SLB,2018,567280800.0,PDH,709101.0,0.8
SLB,2019,582517600.0,PDH,728147.0,0.8
SLB,2020,595598400.0,PDH,744498.0,0.8
SLB,2021,610072800.0,PDH,762591.0,0.8
SLB,2022,624852800.0,PDH,781066.0,0.8
SLB,2023,560003500.0,PDH,800005.0,0.7
NCL,2000,2476387800.0,PDH,223098.0,11.1
NCL,2001,2527547699.9999995,PDH,227707.0,11.099999999999998
NCL,2002,2786832000.0,PDH,232236.0,12.0
NCL,2003,3053146200.0,PDH,236678.0,12.9
NCL,2004,2769798000.0,PDH,240852.0,11.5
NCL,2005,3005886300.0000005,PDH,244381.0,12.300000000000002
NCL,2006,3020073400.0,PDH,247547.0,12.2
NCL,2007,3083917500.0,PDH,250725.0,12.3
NCL,2008,2995135000.0,PDH,253825.0,11.8
NCL,2009,3009825000.0,PDH,257250.0,11.7
NCL,2010,3819097199.9999995,PDH,261582.0,14.599999999999998
NCL,2011,3838219200.0,PDH,266543.0,14.4
NCL,2012,3884351900.0000005,PDH,271633.0,14.300000000000002
NCL,2013,4263058800.0,PDH,276822.0,15.4
NCL,2014,5146399200.0,PDH,281224.0,18.3
NCL,2015,4927123199.999999,PDH,283168.0,17.399999999999995
NCL,2016,5271667800.000001,PDH,283423.0,18.600000000000005
NCL,2017,4763572800.0,PDH,283546.0,16.8
NCL,2018,6464734800.0,PDH,283541.0,22.8
NCL,2019,6239332000.0,PDH,283606.0,22.0
NCL,2020,6081366399.999999,PDH,284176.0,21.399999999999995
NCL,2021,5019766400.0,PDH,285214.0,17.6
NCL,2022,4995940199.999999,PDH,287123.0,17.399999999999995
NCL,2023,5246647000.0,PDH,289870.0,18.1
PYF,2000,817145799.9999999,PDH,240337.0,3.3999999999999995
PYF,2001,927568600.0,PDH,244097.0,3.8
PYF,2002,966322500.0,PDH,247775.0,3.9
PYF,2003,1031711700.0,PDH,251637.0,4.1
PYF,2004,971485200.0,PDH,255654.0,3.8
PYF,2005,1038028000.0,PDH,259507.0,4.0
PYF,2006,973925100.0000001,PDH,263223.0,3.7000000000000006
PYF,2007,1039108200.0,PDH,266438.0,3.9
PYF,2008,1073516000.0,PDH,268379.0,4.0
PYF,2009,1024027799.9999999,PDH,269481.0,3.7999999999999994
PYF,2010,1082320000.0,PDH,270580.0,4.0
PYF,2011,1059735300.0,PDH,271727.0,3.9
PYF,2012,1037719200.0,PDH,273084.0,3.8
PYF,2013,1098912000.0,PDH,274728.0,4.0
PYF,2014,1077909300.0,PDH,276387.0,3.9
PYF,2015,1111464000.0,PDH,277866.0,4.0
PYF,2016,1116712000.0,PDH,279178.0,4.0
PYF,2017,980304500.0,PDH,280087.0,3.5
PYF,2018,867426500.0,PDH,279815.0,3.1
PYF,2019,892908800.0,PDH,279034.0,3.2
PYF,2020,809706100.0,PDH,279209.0,2.9
PYF,2021,727459200.0000001,PDH,279792.0,2.6000000000000005
PYF,2022,1037398600.0000001,PDH,280378.0,3.7000000000000006
PYF,2023,1040136600.0000001,PDH,281118.0,3.7000000000000006
TON,2000,205354000.0,PDH,102677.0,2.0
TON,2001,206576000.0,PDH,103288.0,2.0
TON,2002,218135400.00000003,PDH,103874.0,2.1000000000000005
TON,2003,240267199.99999997,PDH,104464.0,2.2999999999999994
TON,2004,220649100.0,PDH,105071.0,2.1
TON,2005,232476200.0,PDH,105671.0,2.2
TON,2006,244381900.0,PDH,106253.0,2.3
TON,2007,224124600.0,PDH,106726.0,2.1
TON,2008,235444000.00000003,PDH,107020.0,2.2000000000000006
TON,2009,246566900.0,PDH,107203.0,2.3
TON,2010,236280000.00000003,PDH,107400.0,2.2000000000000006
TON,2011,236654000.00000003,PDH,107570.0,2.2000000000000006
TON,2012,225666000.0,PDH,107460.0,2.1
TON,2013,235571600.0,PDH,107078.0,2.2
TON,2014,245200699.99999997,PDH,106609.0,2.2999999999999994
TON,2015,254628000.0,PDH,106095.0,2.4
TON,2016,263810000.0,PDH,105524.0,2.5
TON,2017,273925600.00000006,PDH,105356.0,2.6000000000000005
TON,2018,263917500.0,PDH,105567.0,2.5
TON,2019,285306300.00000006,PDH,105669.0,2.7000000000000006
TON,2020,306541600.0,PDH,105704.0,2.9
TON,2021,327019000.0,PDH,105490.0,3.1
TON,2022,283613400.0,PDH,105042.0,2.7
TON,2023,282411900.0,PDH,104597.0,2.7
FSM,2000,44817600.00000001,PDH,112044.0,0.4000000000000001
FSM,2001,44946000.0,PDH,112365.0,0.4
FSM,2002,44979200.00000001,PDH,112448.0,0.4000000000000001
FSM,2003,44914000.0,PDH,112285.0,0.4
FSM,2004,44770000.0,PDH,111925.0,0.4
FSM,2005,44564800.0,PDH,111412.0,0.4
FSM,2006,44291600.00000001,PDH,110729.0,0.4000000000000001
FSM,2007,43952000.0,PDH,109880.0,0.4
FSM,2008,43574400.0,PDH,108936.0,0.4
FSM,2009,43182800.0,PDH,107957.0,0.4
FSM,2010,43016000.0,PDH,107540.0,0.4
FSM,2011,43079200.00000001,PDH,107698.0,0.4000000000000001
FSM,2012,43156000.0,PDH,107890.0,0.4
FSM,2013,43248400.0,PDH,108121.0,0.4
FSM,2014,43358400.0,PDH,108396.0,0.4
FSM,2015,43486400.0,PDH,108716.0,0.4
FSM,2016,54537500.0,PDH,109075.0,0.5
FSM,2017,43792400.0,PDH,109481.0,0.4
FSM,2018,43963600.00000001,PDH,109909.0,0.4000000000000001
FSM,2019,55141000.0,PDH,110282.0,0.5
FSM,2020,55458000.0,PDH,110916.0,0.5
FSM,2021,55812000.0,PDH,111624.0,0.5
FSM,2022,56057000.0,PDH,112114.0,0.5
FSM,2023,56315000.0,PDH,112630.0,0.5
VUT,2000,521586800.0,PDH,186281.0,2.8
VUT,2001,515783700.0,PDH,191031.0,2.7
VUT,2002,509243800.0,PDH,195863.0,2.6
VUT,2003,542014200.0000001,PDH,200746.0,2.7000000000000006
VUT,2004,534848600.0,PDH,205711.0,2.6
VUT,2005,526900000.0,PDH,210760.0,2.5
VUT,2006,539807500.0,PDH,215923.0,2.5
VUT,2007,663828000.0,PDH,221276.0,3.0
VUT,2008,657998400.0,PDH,226896.0,2.9
VUT,2009,651646799.9999999,PDH,232731.0,2.7999999999999994
VUT,2010,667094399.9999999,PDH,238248.0,2.7999999999999994
VUT,2011,706074600.0,PDH,243474.0,2.9
VUT,2012,671984100.0000001,PDH,248883.0,2.7000000000000006
VUT,2013,687101400.0,PDH,254482.0,2.7
VUT,2014,702648000.0,PDH,260240.0,2.7
VUT,2015,638642400.0,PDH,266101.0,2.4
VUT,2016,571382700.0000001,PDH,272087.0,2.1000000000000005
VUT,2017,529163299.99999994,PDH,278507.0,1.8999999999999997
VUT,2018,599043900.0,PDH,285259.0,2.1
VUT,2019,583970000.0,PDH,291985.0,2.0
VUT,2020,627601800.0,PDH,298858.0,2.1
VUT,2021,672909600.0000001,PDH,305868.0,2.2000000000000006
VUT,2022,657396600.0,PDH,313046.0,2.1
VUT,2023,608777100.0,PDH,320409.0,1.9
PLW,2000,2239990400.0,PDH,19178.0,116.8
PLW,2001,2482861600.0,PDH,19352.0,128.3
PLW,2002,1509532200.0000002,PDH,19503.0,77.40000000000002
PLW,2003,1794866700.0,PDH,19659.0,91.3
PLW,2004,1595510000.0,PDH,19820.0,80.5
PLW,2005,1843167000.0,PDH,19819.0,93.0
PLW,2006,1802556000.0,PDH,19593.0,92.0
PLW,2007,1463091599.9999998,PDH,19302.0,75.79999999999998
PLW,2008,1480801100.0,PDH,19009.0,77.9
PLW,2009,2284368900.0,PDH,18709.0,122.1
PLW,2010,2205680400.0,PDH,18396.0,119.9
PLW,2011,2465839200.0,PDH,18078.0,136.4
PLW,2012,3721767500.0,PDH,17765.0,209.5
PLW,2013,1881276799.9999998,PDH,17648.0,106.59999999999998
PLW,2014,1321539000.0,PDH,17715.0,74.6
PLW,2015,1252785000.0,PDH,17770.0,70.5
PLW,2016,1201297500.0,PDH,17797.0,67.5
PLW,2017,1255746000.0,PDH,17812.0,70.5
PLW,2018,1286170800.0,PDH,17814.0,72.2
PLW,2019,1325951000.0,PDH,17798.0,74.5
PLW,2020,1336179200.0,PDH,17792.0,75.1
PLW,2021,1388852299.9999998,PDH,17783.0,78.09999999999998
PLW,2022,1463341600.0,PDH,17759.0,82.4
PLW,2023,1462477500.0,PDH,17727.0,82.5
WSM,2000,363370000.0,PDH,181685.0,2.0
WSM,2001,384648600.00000006,PDH,183166.0,2.1000000000000005
WSM,2002,405836200.0,PDH,184471.0,2.2
WSM,2003,407946000.00000006,PDH,185430.0,2.2000000000000006
WSM,2004,409747800.00000006,PDH,186249.0,2.2000000000000006
WSM,2005,411351600.00000006,PDH,186978.0,2.2000000000000006
WSM,2006,412959800.00000006,PDH,187709.0,2.2000000000000006
WSM,2007,434131899.99999994,PDH,188753.0,2.2999999999999994
WSM,2008,437246100.0,PDH,190107.0,2.3
WSM,2009,440479899.99999994,PDH,191513.0,2.2999999999999994
WSM,2010,463255200.0,PDH,193023.0,2.4
WSM,2011,486782500.0,PDH,194713.0,2.5
WSM,2012,491245000.0,PDH,196498.0,2.5
WSM,2013,495670000.0,PDH,198268.0,2.5
WSM,2014,500092500.0,PDH,200037.0,2.5
WSM,2015,564989600.0,PDH,201782.0,2.8
WSM,2016,569797200.0,PDH,203499.0,2.8
WSM,2017,513537500.0,PDH,205415.0,2.5
WSM,2018,539713200.0000001,PDH,207582.0,2.6000000000000005
WSM,2019,545428000.0,PDH,209780.0,2.6
WSM,2020,466276800.00000006,PDH,211944.0,2.2000000000000006
WSM,2021,534447500.0,PDH,213779.0,2.5
WSM,2022,516626399.99999994,PDH,215261.0,2.3999999999999995
WSM,2023,498324899.99999994,PDH,216663.0,2.2999999999999994
TUV,2000,3817600.0000000005,PDH,9544.0,0.4000000000000001
TUV,2001,3834400.0,PDH,9586.0,0.4
TUV,2002,3849200.0000000005,PDH,9623.0,0.4000000000000001
TUV,2003,3878000.0,PDH,9695.0,0.4
TUV,2004,3926400.0,PDH,9816.0,0.4
TUV,2005,3976000.0,PDH,9940.0,0.4
TUV,2006,4022400.0,PDH,10056.0,0.4
TUV,2007,4072800.0,PDH,10182.0,0.4
TUV,2008,4128400.0000000005,PDH,10321.0,0.4000000000000001
TUV,2009,4184400.0000000005,PDH,10461.0,0.4000000000000001
TUV,2010,3184200.0,PDH,10614.0,0.3
TUV,2011,3234000.0,PDH,10780.0,0.3
TUV,2012,3280200.0,PDH,10934.0,0.3
TUV,2013,3300299.9999999995,PDH,11001.0,0.29999999999999993
TUV,2014,3295200.0,PDH,10984.0,0.3
TUV,2015,3288900.0,PDH,10963.0,0.3
TUV,2016,3279000.0,PDH,10930.0,0.3
TUV,2017,3260700.0,PDH,10869.0,0.3
TUV,2018,4300400.000000001,PDH,10751.0,0.40000000000000013
TUV,2019,4232400.000000001,PDH,10581.0,0.40000000000000013
TUV,2020,4159600.0000000005,PDH,10399.0,0.4000000000000001
TUV,2021,4077600.0000000005,PDH,10194.0,0.4000000000000001
TUV,2022,3996800.0,PDH,9992.0,0.4
TUV,2023,3926400.0,PDH,9816.0,0.4
PNG,2000,7198183200.0,PDH,5537064.0,1.3
PNG,2001,6874122000.0,PDH,5728435.0,1.2
PNG,2002,7701203900.0,PDH,5924003.0,1.3
PNG,2003,7961196100.000001,PDH,6123997.0,1.3000000000000003
PNG,2004,8859257399.999998,PDH,6328041.0,1.3999999999999997
PNG,2005,9803857500.0,PDH,6535905.0,1.5
PNG,2006,10796352000.0,PDH,6747720.0,1.6
PNG,2007,9748683000.0,PDH,6963345.0,1.4
PNG,2008,10056202799.999998,PDH,7183002.0,1.3999999999999997
PNG,2009,8887725600.0,PDH,7406438.0,1.2
PNG,2010,7633523000.0,PDH,7633523.0,1.0
PNG,2011,7859346000.0,PDH,7859346.0,1.0
PNG,2012,7273251000.0,PDH,8081390.0,0.9
PNG,2013,8302698000.0,PDH,8302698.0,1.0
PNG,2014,9375785100.000002,PDH,8523441.0,1.1000000000000003
PNG,2015,10491895200.0,PDH,8743246.0,1.2
PNG,2016,11650233400.0,PDH,8961718.0,1.3
PNG,2017,10096585400.0,PDH,9178714.0,1.1
PNG,2018,9394513000.0,PDH,9394513.0,1.0
PNG,2019,9609010000.0,PDH,9609010.0,1.0
PNG,2020,9815746000.0,PDH,9815746.0,1.0
PNG,2021,10012896000.0,PDH,10012896.0,1.0
PNG,2022,10203169000.0,PDH,10203169.0,1.0
PNG,2023,10389635000.0,PDH,10389635.0,1.0
